path	sha256
.gitignore	0947b047afa2085ab13fb00b028ddded116b5714ffef342b765297b2149cbaf9
README.md	82abe595b4ac5aac7559de8d0b1a40e2c50798423fdc53f427b719352e096a88
docs/GITHUB_UPLOAD.md	b59d2a36dbbd8f93bf760df4facd064391fd62370c9cf6d32710881e4ee3cb47
docs/RELEASE_AUDIT.md	7bacedbc56036039d4f57c02fc71efaffd3606bf5cbb8779efe4b21012c375b9
docs/assets/sutra_hierarchy.gif	61f5e7adfc93db01a11d81ab9e09ded1d4e65ab7d463f54d21f86f12657f092c
part1_production/configs/hierarchy_v090_ultraslow_flow.json	2b260e1d483f8c3f4a9c8908e395ae0685e2eb44c4aca79cee0e547aa4f15d59
part1_production/configs/hierarchy_v0911_specimen_local_contextual_flow.json	adc7be3e3cdcb636ebc4403049109e2a58e44d077f14ee876ce8486fb98ed86c
part1_production/configs/hierarchy_v091_completion.json	389c2995b7f82f822d765722cc0933472c420237146ef662db2c16096adb5e18
part1_production/configs/hierarchy_v091_contextual_flow.json	74d3f407cdf7063b2903fa22bd50a67a9d8e4d453430d30f36f54d3b1b88771d
part1_production/configs/hierarchy_v092_step_spectrum.json	31e10c1884af6fc01595d773ca2d6c5d66772077a72b04c5f0bd6ffb1a7968b7
part1_production/configs/hierarchy_v093_full_completed_ultraslow_flow.json	ad59b099e850ac964ddb532bbe4a5a864207aae8c3a5a9903475c3e493310618
part1_production/configs/hierarchy_v0941_flow_metric_audit.json	5a133d00869b709c6affcf8326ff623282929b3ec274fdaf4292d1efa26bce4f
part1_production/configs/hierarchy_v094_ness_flow_diagnostics.json	9da78be4dce06c888ed89979b71d694f0d946feec213bdfb278047ab69f9d074
part1_production/configs/hierarchy_v100_adaptive_ness_flow.json	0fdd4bbe2d186121978989be88f5b504ca86acb9030a98355e4558ffa5576bfa
part1_production/configs/hierarchy_v101_exact_causal_replay.json	d721a26bab42332f1f2f3987687ef46f5f54cb7c5cdce700bb4af827d45316f9
part1_production/configs/hierarchy_v102_future_blind_plateau_replay.json	ee031c1a7e6894d210a7c59fd3562daf60b1cd8ecde995d2699de546c5ac7fc2
part1_production/configs/hierarchy_v103_gate_decomposition_metastable.json	26522290154febdadea7ccab12074cd0e880e8c0e418a6dcde1ee9b6d9b28a66
part1_production/configs/hierarchy_v104_persistence_basin_landmarks.json	a8167bf321e9a83b6ad08d1b892f134f391d6f424db0f1079bce3645c36d66dd
part1_production/configs/hierarchy_v105_basin_failure_pareto.json	ffd53243eb2c9ab307cababffbc2425a27ffbff2808613d91e9fe9479482bce9
part1_production/configs/hierarchy_v1061_state_resolution.json	11e64d67ed960dd7fb50fa50b4b61b3bbbd8876866d03c910f5062f1f1c4dbc3
part1_production/configs/hierarchy_v106_frozen_landmark_materialization.json	a00150b2cc91e976405513c13aab4bb4a6d2ec78ff62729b7cb85bd02377bd92
part1_production/configs/hierarchy_v107_structural_domain_audit.json	fcabcf876b91ebada7727ce1772af1b75963ae22919767b58de945d61b12e27a
part1_production/configs/hierarchy_v108_supernode_mass_spectrum.json	8937a39c2eb309003507fd3ed25c46061be0464906308cb122ae15fe2b4d179a
part1_production/configs/hierarchy_v1091_active_partition_semantics.json	9cc5b6ed353222e5ea27c3047aef6986c3982c723bb4670af4b5b546f7449941
part1_production/configs/hierarchy_v1092_ledger_partition_reconstruction.json	b3151d2c80fd2479cfef3a38f380fc90bad823017cf8a0531c4ebd93786f7f4b
part1_production/configs/hierarchy_v10931_ordered_merge_shard_replay.json	e7804715dff7da06f8f0be03035ed505b708d4b1ab91a6c2b473e01dd815d3cb
part1_production/configs/hierarchy_v1093_exact_merge_ledger_replay.json	6b0a2cec82dcd4b35698a3ce095e41e7bc0977b8e01c63af077df200077c41c6
part1_production/configs/hierarchy_v109_lineage_domain_coherence.json	e40f327c19435f61842301c46838c633a39b4ae760fecb7194289cebda579db0
part1_production/configs/hierarchy_v110_production_terminal_rule.json	2aa3def739ee67df87e450214f3dc3fca82663042798f4cee033145745c0ab5f
part1_production/configs/hierarchy_v1111_terminal_landscape_repair.json	24e52ce610ae6cb7c4de935a3e62bdd4657e4005721257fe9976e1a7d56f7cc9
part1_production/configs/hierarchy_v1112_support_provenance_recovery.json	3c927520755606852e57d35af880450d339e15814207348c00ca091d3a555772
part1_production/configs/hierarchy_v1113_exact_frozen_terminal_replay.json	2f05f11e6d18a0446f879612e1fd53b2f099bb1a22c947987136eb2986543f00
part1_production/configs/hierarchy_v111_terminal_landscape_audit.json	442f6bbafd718aad5c3606cb9ca8ee185bfae33ca892b965c3e042d2d3c51d1a
part1_production/configs/hierarchy_v112_final_supported_hierarchy_landscape.json	bbc2494c652fe6c1d21a393ed7269238faee6031beb1a773b341be99a5b3607e
part1_production/configs/hierarchy_v120_merger_driver_atlas.json	abcc4283eead1a1f09329cf2a4d57b10ad98ae82f0f889009b5e41838b3a79ad
part1_production/configs/tranche1.json	1d9a41082ee9a20e2dfda327254e93f4dc6da81d67bb8ed299d73dd4ff89e8bd
part1_production/pyproject.toml	db4a67d7212372fc189179137e63314b975fb55d46ba88604c667a8611ae84f8
part1_production/run_finalize_mechanics_v0691.sh	cd998e3078eda450c70a639b6d1f31826db530c74bd35c83228a4982d4f285c8
part1_production/run_hierarchy_v071_active_blocks.sh	441dfc25eaff8880d702e922e81b67e4e29f5eb1d99395f53ef1c71e9ae55a81
part1_production/run_hierarchy_v072_short_pilot.sh	3a9a5dd821c33b92ec2df57e5793f0e21fe1d75128512437d2a301863807076f
part1_production/run_hierarchy_v073_full.sh	5f585fa0f37e28c51c77d99bdd8e947171479cbbfc961a988cf3584a23a23243
part1_production/run_hierarchy_v0741_effective_flow.sh	922e594de7534350892385e5c3341f5624c7784fc6b5df487a4b30ba3b6c049d
part1_production/run_hierarchy_v0742_effective_flow.sh	1dfc5f1f8e28d82cf5a1f6746dfa4274e45f120ee04d474980e99b5e41b7c276
part1_production/run_hierarchy_v0743_channel_direction_audit.sh	4f28713ba8d87fd9c4aa363836cfb768da3cd671c0f9601a2ceda470f282f795
part1_production/run_hierarchy_v074_effective_flow.sh	788832552492e953ec605d81377e7f828afb04db41c5a6fc2758382bfcce0c82
part1_production/run_hierarchy_v075_local_geometry.sh	6a84e333eb45ff7977c4ee63c695fb731bfae202a2ee435fe63402697aa49923
part1_production/run_hierarchy_v0761_pressure_tail_audit.sh	b3a522a3358380bb0a2f82f68aa1381ae29f732f7688b13533e1bdee19f74a14
part1_production/run_hierarchy_v0762_pressure_field_finalize.sh	2e21639f94a5990f5f35e5c0f773476a1ffc1bead9d28b99d5aca0e668636dcc
part1_production/run_hierarchy_v076_geometry_aware.sh	0f04b65b5a73ac9034f287dca28c3c0989bdaa5fa17fdd45e4c4ad590fafe09d
part1_production/run_hierarchy_v077_discrete_transport.sh	7c31ec81d7f5c709340e099f300086e23e724afd2bc6fcc1127fdc655c13aafe
part1_production/run_hierarchy_v078_transport_holonomy.sh	d4c00fd9f6318f833f6681da9f9fc0495ecf3097ef4995fa7b9a836bfcbc95a5
part1_production/run_hierarchy_v079_loop_normalized_geometry.sh	c093a82fde478abb02357151b3326fddcaef9505aa5bb2aac25cf122a51f238f
part1_production/run_hierarchy_v0911_calibrate_only.sh	e0dd154887a667de0df7341fdd8a092240da03d93d61d968db88116c6718a240
part1_production/run_hierarchy_v0911_specimen_local_contextual_flow.sh	5a06193228e6ce4db51092d0d10f2ad12ba2aa8148539e6cacf13ce86821c88b
part1_production/run_level0_step3_v070.sh	22255356d04432dca422b37592d1eb85a3a32474da2bec16600639e784801b6a
part1_production/run_level0_step4_freeze_v070.sh	52f106273a6ae1d9e1a2d359b58a558b9cd2c5a29135909c512c30ca611b6d20
part1_production/run_native_corrections_v064.sh	62d6e318bb654f253dcec80770a4018c69504c391225afe42e5f42fa8ccffaf8
part1_production/run_native_identifiability_v062.sh	ebb4d6f0fc6876ea5d5cc7554005fbdde6e39f4b8589f1103a90a9fb6822c83d
part1_production/run_native_interface_completion_v066.sh	00d46a340881935c8d1940411639b5c67f4adb8e9a74e245874a21ca623b409d
part1_production/run_native_junction_recovery_v065.sh	1b5f06f1b8bf60a9ed497a9385056903ebea5bec1f5631034079bb9f3fce9722
part1_production/run_native_mechanics_fast.sh	929e9c7ac267a6af46857525b7abcbab3460bb0ea0a6a9277d3732ef09e383d5
part1_production/run_native_observability_v067.sh	9d45da66348c09d9c4ffaee8de38e85665fa36860247c52df38315203f253c48
part1_production/run_native_production_observable_v069.sh	67aafd7a5ebdc82f19142eabcf29d2f8a8b639c140698b6edb050d7aa42bf734
part1_production/run_native_rowspace_observability_v068.sh	422456968e580dc0b2933a07bdeb66642e175a66bc01b1822ee252f66993ba7b
part1_production/run_radius5_materialize_v0916.sh	a39f2be41540de2b1eef7a6d7bbd3549eb9e8f7ffa2421ef6dac1b3301f7df93
part1_production/run_sutra.sh	e410c2664599b312e23d69b21c82c80caeac99e3d713de496c2e98624e827ebd
part1_production/run_sutra_five_v0911_full.sh	e898f1f2ab0ffe53db07770da4af305803f042cea2e99495782070284685460f
part1_production/run_tranche2_1.sh	a9c65ca076c9e633c69018acb08a1fb1adbc82c22c7769283cbfcdea13ef27f4
part1_production/run_tranche2_2e.sh	630b91bc91e209d30fe233dccbfe9015493244209026007c80ee54aa42748aee
part1_production/scripts/run_missing_stage.py	91415712845eb131be17bd8118152cbb9f2049b680c822e9dc2d8ae7e938c6e5
part1_production/scripts/verify_radius5_v0916.py	aaa29be3a67067eef0889e7649b0f9ecab6a4dd2c0665c9137182c98c9b2dea8
part1_production/src/sutra/__init__.py	e3b0c44298fc1c149afbf4c8996fb92427ae41e4649b934ca495991b7852b855
part1_production/src/sutra/cli/__init__.py	e3b0c44298fc1c149afbf4c8996fb92427ae41e4649b934ca495991b7852b855
part1_production/src/sutra/cli/active_partition_semantics_v1091.py	54da19682316ffb5bd0463a684343730b38fa8a6b019d0f4968e09abd707fa95
part1_production/src/sutra/cli/adaptive_ness_flow_v100.py	b0a78cdaeb46200b520e61bd2d5ef6a60799a7a1bfa9015fa38b120338a276c4
part1_production/src/sutra/cli/basin_failure_pareto_v105.py	d116661ca78920edc1daf0cad347540be8969ff4ca57c862c95faa596cbc1086
part1_production/src/sutra/cli/channel_direction_audit_v0743.py	be2f835986fc1959c6fdca0b787a3f72c163813f068ed567a3e8a7e84cf1785f
part1_production/src/sutra/cli/connectivity_ownership_adjudication.py	f48683ae46b7916da70ee4dbd87f9fc20f6cfe151cbd55385db8a4dc6fa269b7
part1_production/src/sutra/cli/connectivity_raster_repair.py	c0f52a3305d13f30448b847a0bc7ff2bb34a186d111e49e88266fd46e7a5a814
part1_production/src/sutra/cli/connectivity_repair.py	94c694cad4d3f8d28dc598871c2afa253d9c7e6d327b89f993a255bc3afd293b
part1_production/src/sutra/cli/contextual_flow_v091.py	2449fdb08051c9ad896ef27ee9c5c1f03ff615f6d0f9b4e9398b0fa4e9554a6f
part1_production/src/sutra/cli/contextual_flow_v0911.py	d2ba525eef198efcf930f6257a11b9e86c1521a2226e85dc7d8d8706e073c445
part1_production/src/sutra/cli/discover.py	df6d7701bd3806f05efdf9419323d5a3901df9d338df5a14695b393c84b97caa
part1_production/src/sutra/cli/discrete_curvature_summary_v079.py	14a020a31ff70d9a6403505f437a01beeb474dbc778ecafeb40e3133da7a6989
part1_production/src/sutra/cli/discrete_transport_v077.py	bc203935f74d8d494e871bf61127cdd205470c11129784968ef5abcaf75c6f61
part1_production/src/sutra/cli/exact_causal_replay_v101.py	045bdd0e3f11f542a96b48cddfc2eb40920229144e147d51687906618b88295e
part1_production/src/sutra/cli/exact_frozen_terminal_replay_v1113.py	a12f1fa4bece82b252fad277742d11fffce13c1b238b0c798ce98a474c4f9960
part1_production/src/sutra/cli/exact_merge_ledger_replay_v1093.py	58cc0a04def0d6e30761c8fee1ea1fa3ba6207d076460c5105388cd0ad988a7b
part1_production/src/sutra/cli/final_supported_hierarchy_v112.py	4f229f0bf52f0d0991d5543232625274d1bee666fdfdccf7a90c266366f73154
part1_production/src/sutra/cli/finalize_production_mechanics_v0691.py	7f31553c080dca4f56fbb9c00e07a17c28769f1e6a9a4b48c72fcc3c789889f6
part1_production/src/sutra/cli/flow_metric_audit_v0941.py	4ee23fc61c2de270f449719ee10d08a256b8ecd21a9ad134b940ecbeb524568e
part1_production/src/sutra/cli/frozen_landmark_materialization_v106.py	188a6f05e0d344e5b6e31fcfbd11dbece40f47f26d71b804e2b51a2558a997e2
part1_production/src/sutra/cli/frozen_production_rerun_v1100.py	0b4a39de2e52df3f656c58ad1412febe82bb627e2cadda8a467d780ffb037508
part1_production/src/sutra/cli/full_completed_ultraslow_flow_v093.py	176d5c57c904483bab2855a4b11bb46bd15ae1208ac1c58dd008f81219fd9d9a
part1_production/src/sutra/cli/full_landmark_materialization_v1061.py	58b21c6dfffceb88337f92be4312f06dd333aed51e7f36cdd1e7b6380770be0a
part1_production/src/sutra/cli/future_blind_plateau_replay_v102.py	9076ad2bda0593cd90fdcb1bf29046fc96c9a61611959bbbf5d83031c0fbc0eb
part1_production/src/sutra/cli/gap_audit.py	c5a236eb91524939e2ba89d5215ef915085871f70871d835e79bb093102a498d
part1_production/src/sutra/cli/gate_decomposition_metastable_v103.py	142a739f54217c49ecf03199423f038e190094cc88979a368b52d51bd8dfe83b
part1_production/src/sutra/cli/gatec_connected.py	f2484f8af86aa2731c4a589b61df139890862fadd0f6961b42882eed11e9c16c
part1_production/src/sutra/cli/gatec_connectivity.py	e87c710f5be2681733edb2000cb619af9068b69f0864e5adc3cdcfdce24ccd2a
part1_production/src/sutra/cli/gatec_radius5.py	19b64cb4928cbc3ca52a9626de7658b51edd6ce5308dd9b5bdaeb30a2461cb31
part1_production/src/sutra/cli/gatec_vmsi_audit.py	9f8ef1e091cd783ca3b2686e14cbb125306ec0a2241030bbcade6e4dc0d9b1a9
part1_production/src/sutra/cli/hierarchy_active_blocks_v071.py	194658427fa9d72d92b2962a8d88dbe94ed142086986e67a51bd8608737b7315
part1_production/src/sutra/cli/hierarchy_cellchat_rdata_v0712.py	3c9fa4106d0b7c7963fc4c122921605d65ab7c6d212ee94611de1871553c2398
part1_production/src/sutra/cli/hierarchy_effective_flow_v074.py	660287a76651694a3add7ad6272cc9f13ef5ec70823485b5aac9883b3e3cef69
part1_production/src/sutra/cli/hierarchy_effective_flow_v0741.py	2fa5cf799cb9cc907c6015e67fac13cbe195f5809932d77fc42701959d9bc36e
part1_production/src/sutra/cli/hierarchy_effective_flow_v0742.py	052afdce503ecbdd2711d000f54c1b85df006879de297c83e737471b53e2af5f
part1_production/src/sutra/cli/hierarchy_full_v073.py	afae4c708f126d18fe8395bae926c60618fa2f3d50e4ddde6a3705735cd8ecee
part1_production/src/sutra/cli/hierarchy_geometry_aware_v076.py	49bb7e8dca7bb7b33e67d05adb3fedd46d7a117984ec6c1cc8f35d4f498ee79d
part1_production/src/sutra/cli/hierarchy_local_geometry_v075_step1.py	4f3b9e0e7be0809bab6fd39370c6835a48e17afc68ebd7e8d9b4371ca53293af
part1_production/src/sutra/cli/hierarchy_local_geometry_v075_step2.py	f28393050cfdafdf5b94b7717995f9fc0c4a36f59735370dff6958f5ec432ede
part1_production/src/sutra/cli/hierarchy_local_geometry_v075_step3.py	d2daa8b3829691dd58f4a0fdfa10081f85a216b46dcfe8a3afa78ee1122aa62b
part1_production/src/sutra/cli/hierarchy_local_geometry_v075_step4.py	afcbb7b26dd74184965424ff39f93b7d6abc22bd662b842527ad06b2b10eb84e
part1_production/src/sutra/cli/hierarchy_resource_intake_v0711.py	4fb88c91fa4b7fe35f815e6cbfe297f1241abf3062a7f55a8db5c3216cbe2d44
part1_production/src/sutra/cli/hierarchy_short_pilot_v072.py	c2ba6d4e967aa08a59156ac5b54af4121a792442c528b31dc40c0ccd4dc48b83
part1_production/src/sutra/cli/ledger_partition_reconstruction_v1092.py	d26040619a676c5b02dc0c9fdb1dea459e3949f95853068e63b742f28a26f409
part1_production/src/sutra/cli/level0_freeze_audit_v070.py	8b63e280c5c1721dcba0a7692e9129e589087ac0465e188078b6bd9ac5e9c933
part1_production/src/sutra/cli/level0_materialization_v070_step3.py	735ba1938edf98de5cd060709ee9051e6a8bd9889d3c30dadf78423007390c1c
part1_production/src/sutra/cli/lineage_domain_coherence_v109.py	f18deb4ba7b4f915305e4b074cb8e8a6ff0fb50c94c8048ecd185d7124bd162b
part1_production/src/sutra/cli/materialize_radius5.py	e78c536a7aa2efdbbd3ae8e833a23cce3f35ddef1796926ddf79fbc01609cf49
part1_production/src/sutra/cli/mechanics_admissibility_domain_v0515.py	a9db9a0ca21587d16989a43dbd730b42f5f7126b918f7d1b9def5db49b3f9ae3
part1_production/src/sutra/cli/merger_driver_atlas_v120.py	a029562115d8af500a3590835b5327a149c3634720faa1355adcea5ad0849ecd
part1_production/src/sutra/cli/minimal_digital_connectivity.py	6b28e1944c503364771897cde9fd1cc040f911349541941827ee3315589796e7
part1_production/src/sutra/cli/native_corrections_v064.py	c74b95815d2df261939678ffa3dce360c2ef4ddc851142a6efa7708bc7d669a4
part1_production/src/sutra/cli/native_identifiability_v062.py	d90241015d0e4a403a9ebe9bfe41cf9c56f7b091a5bed60d79d7c73f12200d1b
part1_production/src/sutra/cli/native_interface_completion_v066.py	462fce06ed7edc7c13ad93bc30afb49a9a5d5ee9926ca2f674fea5c7c8cb983e
part1_production/src/sutra/cli/native_junction_recovery_v065.py	2bf3a81071e591ed33c06902d8aa375969cee5de641392e075725854856ddaa6
part1_production/src/sutra/cli/native_mechanics.py	4e51a5ba5d17ea18a964ad0440fa80ac1c6e9b91432a140b416fb8edce8a88f1
part1_production/src/sutra/cli/native_mechanics_fast.py	c3b5cb442deb18f20e487436b9b9f3a887dfa66c4a88d3d04dccef6d579502f6
part1_production/src/sutra/cli/native_observability_v067.py	a96a239b9d04ae6876e2eaf2fac6f6cebdc62ca4b831b8d13a79860768f6bd31
part1_production/src/sutra/cli/native_production_observable_v069.py	d61bf04c216bc0d8fb0ec7f191590fe557fda6a43f5f52c325c7b8b11e7b07d8
part1_production/src/sutra/cli/native_rowspace_observability_v068.py	2cb2cd631ca911de84cad196294201865a86d7517101ccb00136bae7fa0ba56c
part1_production/src/sutra/cli/ness_flow_diagnostics_v094.py	a0df6422d78ac655f3447a1b19c85d6d78e60493adc36f244509a44f1712d4c2
part1_production/src/sutra/cli/network_exhaustive_completion_v091.py	53fdf3df4bdea696c9e6389738bdb8da16261cecfab6cc85c54d9958fdb9e1e0
part1_production/src/sutra/cli/nullspace_forensics_v063.py	06913f263e13c0e12dd85e9b3a7797f712fd1cb51793455320b862d4b743434d
part1_production/src/sutra/cli/ordered_merge_shard_replay_v10931.py	db6171982bd18ce7a26be2f9346c28bdd4f339d2403f894558f4b7ba898135ac
part1_production/src/sutra/cli/persistence_basin_landmarks_v104.py	189faf2efb939d2537898eaf5a4f50aed366087db646c92172230683085ac7c7
part1_production/src/sutra/cli/polygon_connectivity_forensics.py	733e1cb8426c8b203caa7cc31d334f1ab81001cdcdda97bcb7e7e48d75ab6e48
part1_production/src/sutra/cli/preflight.py	49f00a4f9d275a9783c9c5fdd7b0d30565a7a7144c67a0f98ac041795d4815b8
part1_production/src/sutra/cli/pressure_field_finalize_v0762.py	4ac45f49c945c37090c417314565da37b48a7b0caf83bc29e769e9f59b0d8764
part1_production/src/sutra/cli/pressure_tail_audit_v0761.py	9225574c894f0648ac05936b3c395ccc0ea986d227d49f999503043c3967342e
part1_production/src/sutra/cli/production_terminal_rule_freeze_v110.py	7ec7a1d1e420e730a9c4db2948d3b88a5e87abb432f2bd7c202006adf9aec183
part1_production/src/sutra/cli/step_spectrum_consistency_v092.py	c6e71def76a9c725ef566eba3d8ca5ee663b979e3f450c8bf03bee863a2d7916
part1_production/src/sutra/cli/structural_domain_audit_v107.py	f8861ee671015bf5d6b91e6bafd2555930ca8d31ba659c7219fa4b615d029540
part1_production/src/sutra/cli/supernode_mass_spectrum_v108.py	cb272db81977a85cb034b1c591b073f61eb719bb9757b53202584a2683df27a4
part1_production/src/sutra/cli/support_provenance_recovery_v1112.py	1cff8912819f8aef5e8e2b3de305f4c480e579860b2b00ad56f5723b5b1130e2
part1_production/src/sutra/cli/terminal_landscape_audit_v111.py	19761be48da9642f3ae8af8c98b4a698f6e098d2205b64721598cb8b01e240ab
part1_production/src/sutra/cli/terminal_landscape_repair_v1111.py	59d730895e6270946ce0e6fd2e65f83cd8ceecc0d32eef714c6250a20b294c8a
part1_production/src/sutra/cli/tranche1.py	512b143fe07ba3201e2c442f5bab834805842eab315ea2f5569e7026c44202a0
part1_production/src/sutra/cli/tranche2.py	3639c6092949b44527bcc59d1efa09a686e4bb3b3dbb496713d724bcd9186cc0
part1_production/src/sutra/cli/tranche2_1.py	f0b2063c9976aa55d8acec1e7e4a9e33b494ad40697def0c1d6cce89fcf5a1a0
part1_production/src/sutra/cli/tranche2_2.py	b3cbe43533ed081762b1192600edcddbe0b951e725b2393cb8a41967b9750eea
part1_production/src/sutra/cli/tranche2_2b_finalize.py	b3346885a8d7455a1376a244d4965a1a8d037183f0a4726c0b053bdae6cb6d34
part1_production/src/sutra/cli/tranche2_2b_prepare.py	3ef051439d1fa4b40eab801d971a60bb30dcbfb58f755e2078f9d13aa97cc533
part1_production/src/sutra/cli/tranche2_2b_score_proseg.py	deb3adcd479042f7c834b0a449ca5c63558bc18e05ae1b6da1f60fd35f31d7c1
part1_production/src/sutra/cli/tranche2_2c.py	99b1deef659172fd1c7352fb1e0ec301f888ccc0c769fe00fb7020bd7431c9a2
part1_production/src/sutra/cli/tranche2_2d_full_geometry.py	a8ca7819bd64802fee8c9b4d93ead48f78e430c0989daad70ec200213ed6ee47
part1_production/src/sutra/cli/tranche2_2e_radius_calibration.py	c02c9db402bd7695bfa1e244449da2cd980d86f1b139aab8346554694db353c7
part1_production/src/sutra/cli/tranche3.py	92a6edb79ee90268b0331b266e80216b0cac8c9e54d0dedcdccca1325654634e
part1_production/src/sutra/cli/tranche3_1.py	2acbed9a81a0eb71d47e2be3573301dec7c78657260a1bede8fb9ce5db36d440
part1_production/src/sutra/cli/tranche3_2.py	04e3d01dd151a67c7ae1f16643a4ecd63670586e63ee861aa609f152aaa4e451
part1_production/src/sutra/cli/tranche3_3.py	f47e709ff8a7401ab6dd25096a8c1ff7bb888638b9698fee289467903278c798
part1_production/src/sutra/cli/tranche3_4.py	34fe088194f45143580ba4ed100cec4925ece1e97c425eb7a02ef4bb0b5d338b
part1_production/src/sutra/cli/tranche3_4_fast.py	b369ad59d69cc5411286f9d78d9db0a40d80301d386ed0d2420028dcdd9495b1
part1_production/src/sutra/cli/tranche3_5.py	0504fbd6ff5901fe288ecc029e35ad9774474ec163e5a1bc525a6405de268dae
part1_production/src/sutra/cli/tranche3_6.py	41156e6231e2a1f8d33e6392e65ae47896c3c5d20e05f5c0e05fac71e6a1e12c
part1_production/src/sutra/cli/tranche3_7.py	7c8f3c3f8b1d3a12167472de0a5162a77f3f34498e311b545f28c1005dd7600c
part1_production/src/sutra/cli/transport_holonomy_v078.py	9171ddb04b31038e8edee143ffbadaa6fd9967b21a7a50210722847be736528c
part1_production/src/sutra/cli/ultraslow_flow_v090.py	dd457e8dbaeaa6f87ba3efe86afdd2fad0aa96154d0ec841a5036facd501e162
part1_production/src/sutra/cli/vmsi_compatibility_audit.py	7998300a250e544a5bd78ff894bf852ece48db751aa3da2f95e1456a48003a2b
part1_production/src/sutra/connectivity/__init__.py	e3b0c44298fc1c149afbf4c8996fb92427ae41e4649b934ca495991b7852b855
part1_production/src/sutra/connectivity/digital_bridge.py	d8054ba6dad8da7d2bee4ed26cc1c10c0ac7bd9c895f43058a3231bda3710623
part1_production/src/sutra/connectivity/forensics.py	4bb33f8bf4540335368f61db1556a1cdde9eb4f26c6c28fe9aa87863eb77b844
part1_production/src/sutra/connectivity/ownership_adjudication.py	b998a516d103b6c90eba06f942536d9a09251269dde6abfd4f261288fe7f0c10
part1_production/src/sutra/connectivity/raster_repair.py	8905a33148f874a307415d0b281881e83dacf18c03db382e1c20cf999d36b1ff
part1_production/src/sutra/connectivity/repair.py	7facce21e808ea6580e6fdfff03ce1211f0ce3c9f3f6d8d34d4e3d7331b23525
part1_production/src/sutra/constants.py	2d4a12dce7fcfc744d6798f091cf989f82fdb4ee57f333c5acc546eb5c1d8667
part1_production/src/sutra/gap_audit/__init__.py	e3b0c44298fc1c149afbf4c8996fb92427ae41e4649b934ca495991b7852b855
part1_production/src/sutra/gap_audit/core.py	91923e3169f8fa621a1c4bbc955bde2aa6236292860c3fa46dba9a24e335da0c
part1_production/src/sutra/geometry_adjudication/__init__.py	e3b0c44298fc1c149afbf4c8996fb92427ae41e4649b934ca495991b7852b855
part1_production/src/sutra/geometry_adjudication/adjudicate.py	8faf7d229cbf3c585eb5b56fc53d0e7c35355d71541d2904f7a4cac5f598b820
part1_production/src/sutra/geometry_benchmark/__init__.py	e3b0c44298fc1c149afbf4c8996fb92427ae41e4649b934ca495991b7852b855
part1_production/src/sutra/geometry_benchmark/baselines.py	17401036390c26e33c4a20b8ed93e503d434d312e468546c4ec7825cda70cc9d
part1_production/src/sutra/geometry_benchmark/components.py	bec2d2d25c8947c9b63383ef138b9f7d551da805b99437b498eb26f3e41d0cbe
part1_production/src/sutra/geometry_benchmark/proseg_io.py	113ff853e0c73154212ca1a637fb9fe96d6cb6e96429da088fbebf20a9781ca3
part1_production/src/sutra/geometry_reconstruction/__init__.py	e3b0c44298fc1c149afbf4c8996fb92427ae41e4649b934ca495991b7852b855
part1_production/src/sutra/geometry_reconstruction/reconstruct.py	e19aef78a4bdeb11984a8fea444279adac5525b26bd04368f402567a3e442e01
part1_production/src/sutra/hierarchy/__init__.py	3d1d7d986783d742f83f4a3b6b42ebf9d0171400f0b61a17fc6ecc064175b877
part1_production/src/sutra/hierarchy/biology.py	b8e4c1944a0d05f62a6275a0a96e24f5de27b7a867e9fa4fb0be7ca7bc4e69c7
part1_production/src/sutra/hierarchy/builders/__init__.py	7815e26b526788c54a87c55816a307ef5087ed3b330780e4773aa80693f18847
part1_production/src/sutra/hierarchy/builders/cells.py	d2178990f2e3b95d02ab41c9ffc65aba3544db8998bf27e277000d62ebf59521
part1_production/src/sutra/hierarchy/builders/graph.py	2b66e3dc1db3d7dfe229d7c829199bfd3f1d128cfac9f7a91ab364e6c18dee20
part1_production/src/sutra/hierarchy/builders/interfaces.py	43f0d7aae71e3155625abf8e004d0f1cd2f207fa0e5bf731c99a7f98085801be
part1_production/src/sutra/hierarchy/builders/patches.py	d152cb59e060d51630433aef496de9597026d1da167493ed20fed3a4d1014138
part1_production/src/sutra/hierarchy/builders/validation.py	2b85d624cb1300bf2188d17b81fc8c5d2280041b4a9f102188553457eb346be5
part1_production/src/sutra/hierarchy/flags.py	895b4cd33a6dea1741df0a87da683d60a8019b5133d2c53d520660e6dd35ec26
part1_production/src/sutra/hierarchy/freeze_audit.py	a1d0d2fd3cf00c5aad5f25ac7160ee95ec37f2ee31880dfe76bd6ac44a364a56
part1_production/src/sutra/hierarchy/graph.py	5fa44f95498a68a9a7e897213e96a016067ba1854f249b3339e3102968a22574
part1_production/src/sutra/hierarchy/hashing.py	5786b142d8477d61e757cf6a02f5ea22f05cb9f81da4e31583c135c64cd50284
part1_production/src/sutra/hierarchy/identifiers.py	a97e26f7e5cb2c784f8aad8ced39365c507bdb32200f3149a84ac0cdde204646
part1_production/src/sutra/hierarchy/interfaces.py	ed1ced7c197a1a0ec64fb002e9d8ef38c2edf9f4241fc14a12d86b69762e1c39
part1_production/src/sutra/hierarchy/provenance.py	117f1f45882575d792e15f12518ffb331455aed2ed6f51b0f758e044adc9f9cf
part1_production/src/sutra/hierarchy/sample.py	864be48db57e79c1791754a1e843e443dc17c6233a728d17aab15790544f8c18
part1_production/src/sutra/hierarchy/v071/__init__.py	69555bcfddb2f4594e6a43d81c1e5a8a6e0f50b9b65aa4052cb2dc6805260c91
part1_production/src/sutra/hierarchy/v071/block_preflight.py	29475121ce63b822f3d6f2593be08eb788004b8670c7eceac09474d7d8fb739b
part1_production/src/sutra/hierarchy/v071/cellchat_rdata.py	27f7b6028d9a6388986424d710c733504217d72ea4e922b356bdc689a3f0104a
part1_production/src/sutra/hierarchy/v071/resource_intake.py	4e9daeb12213821b8f8200fb9739f417c3b8e4c11ad983fb1c6eb2c91ad17ace
part1_production/src/sutra/hierarchy/v072/__init__.py	7d15dc5b716e574eaba9e69a000f635cb17b03ab72ff5614fc8ac0b22f4bf24e
part1_production/src/sutra/hierarchy/v072/pilot.py	8171df90e2abfe5271c3e2bdd194e655923e8de4cad910be8da1c0348bda458d
part1_production/src/sutra/hierarchy/v073/__init__.py	1fd718aed85ccc0365a27b95b2d15ad6f539b265b64a8b10f776ea888a626ab9
part1_production/src/sutra/hierarchy/v073/full.py	d6f8d79d746806ba807681a855deed0fd17290524ef0f0fbf8e0ae1b038177eb
part1_production/src/sutra/hierarchy/v074/__init__.py	2a70027b4be4c9737e90b247e01ce253b8eaf4890c9d4aa940f652941024922d
part1_production/src/sutra/hierarchy/v074/channel_direction.py	5edda641b7a5915a8acc5925fc322fa55ef9b9a636e344cf854ac75ad2a7ef3b
part1_production/src/sutra/hierarchy/v074/directional_comm.py	7ec9723cd76c2a4b8a6a9fbbfa398683da1e86876817526ee78b4288a8a2e9b5
part1_production/src/sutra/hierarchy/v074/effective_state.py	e24ac76152a632898d4316a3536915393843b60bfe0115d2a586ef16651fbb69
part1_production/src/sutra/hierarchy/v074/effective_state_v074_frozen.py	1c6859253e930aa296cf20aa4bff893e8bd8e86ea6e779708c610a4b875f3b3c
part1_production/src/sutra/hierarchy/v075/__init__.py	c0bb5dc7e85d1cae134601919951ff61cff3be9fa01c083f6891074021948529
part1_production/src/sutra/hierarchy/v075/bound_calibration.py	797db83d9e3c0205870515690bdf31f4acdc5a43194b5604df19ed663ab91e8d
part1_production/src/sutra/hierarchy/v075/directional_covector.py	50d30781836cbd1fce5876750b99bf9a31b81c0bfd23af7c23e71af6e509b286
part1_production/src/sutra/hierarchy/v075/directional_norm.py	166592276853643cbe100e47574dbd74850ac6248c14d307948c853b6947646a
part1_production/src/sutra/hierarchy/v075/metric_core.py	b97e949bb044ee8d0a48b43d2267c66803a68cd855ac0346d19bd68d9b31183f
part1_production/src/sutra/hierarchy/v076/__init__.py	5c1546c04c2e2a9fff519f51a84f2d39182f6ec5154fc7d0162443a44e380aec
part1_production/src/sutra/hierarchy/v076/geometry_hierarchy.py	73a91eef9f3a3718ed045a3fb8b10e3d46693613ba5c3ce840770e95167c3c29
part1_production/src/sutra/hierarchy/v076/pressure_field_finalize.py	a6a2a1cac05651d1a03ffafa74c8dc9a4b7612ad9d755b8e76e57af141d38b17
part1_production/src/sutra/hierarchy/v076/pressure_tail_audit.py	3c48c8c4baca97a8611e24b36f51680f95c983e002f71e24e0fc3056f1c0010e
part1_production/src/sutra/hierarchy/v077/__init__.py	35cc2ab0b1926796f4670c934dbb98e10b3d50944ddb8cdfd69cacccbb37fdce
part1_production/src/sutra/hierarchy/v077/geodesics.py	281406bb15dea7ecf8e013759b2c2dbd28db294b3e174331eb679aa238e6d6a2
part1_production/src/sutra/hierarchy/v077/transport.py	9315423cd6374643244b71c6fcea22a8d61ca9b014e98154a6504ac23e3d6528
part1_production/src/sutra/hierarchy/v078/__init__.py	b2a2bda8fe98ca2aef4d3ad86b994d64c717dc86a4975fd3ca78daa4d6816e62
part1_production/src/sutra/hierarchy/v078/holonomy.py	2848d0c9d9f68c05f42f2ea91fa82fbb70b6f300a1cfb8ac2d9315a696707680
part1_production/src/sutra/hierarchy/v079/__init__.py	97013ef2adad125f043c3d9158ce59593d2964da781419f23fd8665d1e957ed3
part1_production/src/sutra/hierarchy/v079/curvature_summary.py	e5aa41a2de0808edd5b6d98e394371ae45c6d3801b78e252ff2476d5a2c444b7
part1_production/src/sutra/hierarchy/v090/__init__.py	50cef610dc413c72d888f7c1129b9cd8c7fd4e46ea0ff6b69b189b8da3d51bc7
part1_production/src/sutra/hierarchy/v090/ledger.py	c461bb3e8181ab51c7ebe4059ee5cf90ed9c9f72bbab4b456283c47b84044e9f
part1_production/src/sutra/hierarchy/v090/slow_flow.py	fab5918d09e325d27f678ddd525cb8c958221ee844ad82ab5d05db3888a6200a
part1_production/src/sutra/hierarchy/v091/__init__.py	d3fd99f3012058d119c67bf2ce443043bc2dd7b2947841085de67eb9bf1fac1e
part1_production/src/sutra/hierarchy/v091/completion.py	1c4265c70b80a8f23ec490e1a243dedd4efbf54fa3713ffa636f597012ac3718
part1_production/src/sutra/hierarchy/v091/contextual_flow.py	79590f849344a85af14996638ffc208ae77290137602ce281e0af02ca042b80d
part1_production/src/sutra/hierarchy/v0911/__init__.py	92f76f8f62c5cecb7effe3e98c1c2abb5c57a39de5b06eaa8bdb4f36df89e36b
part1_production/src/sutra/hierarchy/v0911/contextual_flow.py	714dd134fab3f04970a8c0c7eb02fa81abbd7fcce1cb7fbe634a20bfe3a00102
part1_production/src/sutra/hierarchy/v092/__init__.py	7d0fe7bda7311a239ad4bdb88bf9360c59a983d82ad1b5f860f523f178b2e257
part1_production/src/sutra/hierarchy/v092/sweep.py	235d70b107535b3477b6379b02686ae6123a141bc41191d05ab34cad901aa259
part1_production/src/sutra/hierarchy/v093/__init__.py	1acd84728d56057eb3bfa10ed3d45fe71b3574b82df73aa3461086f8f31ac31b
part1_production/src/sutra/hierarchy/v093/flow.py	3170219232d59847a8e3f0715465e3d01cf66562d02bcb218a928e33cf30bc14
part1_production/src/sutra/hierarchy/v093/ledger.py	2cca021338ead10531edb937dda870f984fa0bce7234eec7e90800452d23f5f7
part1_production/src/sutra/hierarchy/v094/__init__.py	f7fe4970881620114f71f58305cc3b0bb2911273e746cabc29603667eef7e2a0
part1_production/src/sutra/hierarchy/v094/diagnostics.py	a6ba9a502c4a7b4e4cec99dd46aa82e37da4e40ea7edf281725b9a382bab3de8
part1_production/src/sutra/hierarchy/v0941/__init__.py	7c05f003a34b1ede7c6854f6987a3d9689345497ea0108bd816cb0326b1a5517
part1_production/src/sutra/hierarchy/v0941/audit.py	62cb8bb2bd3e4fdf70cc2a5f0d5b3374a3c2498534bc8607aedd00e29d23c789
part1_production/src/sutra/hierarchy/v100/__init__.py	941e9d485d9235307c03bf18829d042c64d37bddb93b42e365a64f9558b7b3c3
part1_production/src/sutra/hierarchy/v100/adaptive.py	31392b817d69ca42331255869778180c1db28fa88c4c9d42fe8c20ed1c61461b
part1_production/src/sutra/hierarchy/v101/__init__.py	e78427dd96a4058d1c081760a6b39369dffd73f6685753cd5e97c7debb239cb8
part1_production/src/sutra/hierarchy/v101/replay.py	fb79bef4e16e3e0b95cfcf8c325371e5dc35cd86a045f7623a0ea8af36d45718
part1_production/src/sutra/hierarchy/v102/__init__.py	72d51889bb1962df4ec7d47848ddec1f6f4aba170f4036e70dad124b3425acfd
part1_production/src/sutra/hierarchy/v102/future_blind.py	fe8e30b1c1e3c99b54ac2e8997ecc00b07fea918348d3f0b258730ec59db4bce
part1_production/src/sutra/hierarchy/v103/__init__.py	2539438763de203fb745faecf2636fe5fb76b80db15b2f864fda6dc970dc355b
part1_production/src/sutra/hierarchy/v103/audit.py	5ae0d69ca650cf22643260bfc29e5f2b82a20f22dccc414f064faa6eef4e5af5
part1_production/src/sutra/hierarchy/v104/__init__.py	7d728cca3f0320e2354ea065e26fb93fb5621e5c80ae54f5963359d114aff8af
part1_production/src/sutra/hierarchy/v104/basins.py	ddcc792f37cc38f04744c7fc7cbc29f134ce65024686f4b74a52236ead5960f2
part1_production/src/sutra/hierarchy/v105/__init__.py	23cdb8efe029b4647c679d6851143aafc1475e63b34a228fec12f6cc6af740ca
part1_production/src/sutra/hierarchy/v105/pareto_audit.py	38170ba99c336bbef36a394e1df6251d02e552e64bc3c867e0d1fd71c33f72ac
part1_production/src/sutra/hierarchy/v106/__init__.py	491bc8cc48a5c583c05edd3c35255caf4433e36b978f79c890a11baf69825ec7
part1_production/src/sutra/hierarchy/v106/materialize.py	52426a7ac0c815b42bf57fbab80fe5751ab85a6c33b4d0723351ee619357b45d
part1_production/src/sutra/hierarchy/v1061/__init__.py	d36d53bf758646e00fa887a3876e1fc4f6cd90fd2cb444d6f2636bbaa08d9da2
part1_production/src/sutra/hierarchy/v1061/resolve.py	4aeb20385835ac9bc3fe2b4dc638093400fe25bf960e2273032178107e53ad0d
part1_production/src/sutra/hierarchy/v107/__init__.py	eb4da067f63b0abbbe5fd50b230980be0bf668d0f83de87159e9de15fc9caeb3
part1_production/src/sutra/hierarchy/v107/domain_audit.py	9170b731d40c3f9997e01c05e8deed2dd01f172612f932228a73aa8bfa33539b
part1_production/src/sutra/hierarchy/v108/__init__.py	97c73fd856f80ea3186bd14a35cc880d02265684cf8c4366dba7d9356aa87aed
part1_production/src/sutra/hierarchy/v108/mass_spectrum.py	706fa9f5243d47f15e933e98225c75581437d134b1789fa0cf0842e00ad139ea
part1_production/src/sutra/hierarchy/v109/__init__.py	6cf73d8bac230b3b09f0a11e771a5e9028b48f05d607177e511380f95f899590
part1_production/src/sutra/hierarchy/v109/audit.py	218c85884d1fd7c8688711d3a33ae3049a7fbf6d2ed3e1d0ffe01e85143da800
part1_production/src/sutra/hierarchy/v1091/__init__.py	f6647d3044ee8456a2903624d5f709e02ac3a8ee7a5ff1ee1aee1d32cfcd6f62
part1_production/src/sutra/hierarchy/v1091/semantics.py	773a7cf6f8f264a61ae4f4df590f591f0c92ea2295ee750c35b3e6b00c6b97f4
part1_production/src/sutra/hierarchy/v1092/__init__.py	6a1cf85dc7dc6349b172696e6162481ca3811fd2736ccedada7cefb2675d2900
part1_production/src/sutra/hierarchy/v1092/reconstruct.py	195a37d20f66ca80f9ad3b866cf6949891f4dcaf9164665b4f1e9138a9939ec9
part1_production/src/sutra/hierarchy/v1093/__init__.py	9cf65a0aa20ade163e4002e690590e264130fd938dc85cdadbcf8ccae50b7f52
part1_production/src/sutra/hierarchy/v1093/replay.py	98fad2a3b834def6e2138f011ccda54b6ea66cf79f050279b7b2d2d59f047d02
part1_production/src/sutra/hierarchy/v10931/__init__.py	8ec1de455e58688b3da64b96ea910ccd793e2cfdf37bcf9b1e6cbe63410fec62
part1_production/src/sutra/hierarchy/v10931/replay_shards.py	c5b0a99b645c9d79ddc8e685ffccc373ca042ece7de4589ee6ae2d98caf48554
part1_production/src/sutra/hierarchy/v110/__init__.py	0b4d09d9f6cc0a3240091d6403ea646acb89c01019e7266d9b09cc5dc866e99d
part1_production/src/sutra/hierarchy/v110/terminal_rule.py	dd19488a5baca907fcf97c85bfef8e7349b9a68c15af2551602954e8a12cceaf
part1_production/src/sutra/hierarchy/v1100/__init__.py	c1c2c0e961e9795bb87aa3dce498cc1ccd07cd2702be72de18139a12bd850169
part1_production/src/sutra/hierarchy/v1100/invariants.py	80703054483e1bb593249c1b0c494219281cd128517307d0a74b620368b05db3
part1_production/src/sutra/hierarchy/v1100/ledger.py	96b9af38e555499eb6de31eb874a0fe444aa163ca7168d6e2668828fcac34f78
part1_production/src/sutra/hierarchy/v1100/metrics.py	e26fd2ae999ccc79de90616ccbb7fb2b174a7d9aed141d8bf58ec52dd2687b4b
part1_production/src/sutra/hierarchy/v1100/production.py	99afc99bb53a45690223e7d4299433b0e799892e6be2a10b7afc74a82ca7556c
part1_production/src/sutra/hierarchy/v111/__init__.py	fd15a4e8378af6f425eaa1750bdbdb770212a0f63b41cda5635599a42cf870f5
part1_production/src/sutra/hierarchy/v111/audit.py	3f7006171dc750dc2a0c1f1da4bd52de4e7667f12224486505906d96749593a1
part1_production/src/sutra/hierarchy/v1111/__init__.py	33b1f9a2fb53f419b26f9d0e33c6a3c065de30f92ecab442183bb463eacc5d8c
part1_production/src/sutra/hierarchy/v1111/audit.py	c3656a5789492df3089df1e4c412ca4db906c21779f1c13e832017348549ba31
part1_production/src/sutra/hierarchy/v1112/__init__.py	921248b7ac4eab77417726311ae30f2398c5f2a0cb5512b164408996e4433369
part1_production/src/sutra/hierarchy/v1112/recovery.py	25f8a18cd89c07980ac773c2efc5467b048e6e5b4323d788c5661ef8a924512b
part1_production/src/sutra/hierarchy/v1113/__init__.py	8daa31dfea02f3b45eb939baa3376c7820235bbba23df86ae2cf53ece1c2575a
part1_production/src/sutra/hierarchy/v1113/replay.py	70728ea9506ef026da5c5490dc21ae9fdf5ebf0a6d5460755fec13a44053cac9
part1_production/src/sutra/hierarchy/v112/__init__.py	3c899fb34f7f18b4ba4e60aab672b25d5731f9ae72e79ca2978f1c94711e0b21
part1_production/src/sutra/hierarchy/v112/final_landscape.py	8e3c80bfc26c3a38108ed348bab97daf2ee0f2268b78c9bfe54b8b6dc3929d10
part1_production/src/sutra/hierarchy/v120/__init__.py	2ab0d8f0435874311a8c4507084ec52124134d4c0c2433d12e0b282be88ee36b
part1_production/src/sutra/hierarchy/v120/atlas.py	260da6063afcfe8c1d75ec99e454728b87ae81213aa2f31b93dc95cb5b871317
part1_production/src/sutra/io/__init__.py	e3b0c44298fc1c149afbf4c8996fb92427ae41e4649b934ca495991b7852b855
part1_production/src/sutra/io/boundaries.py	850f4dac7d08e432cb73a76ffde8a487552338ff8a4546d2eb5f85973f3a4645
part1_production/src/sutra/io/discovery.py	9edaa5056a75a88f198bc799336b26bf31e2d5795a7afc90a6a3e0b56bc104b4
part1_production/src/sutra/io/xenium.py	d2de69a773739ff5f3cf8ec93d38ab461c43b57906e94fa203b5ec462046a9e4
part1_production/src/sutra/level0/__init__.py	e3b0c44298fc1c149afbf4c8996fb92427ae41e4649b934ca495991b7852b855
part1_production/src/sutra/level0/audit.py	cb17050bc29ee09643f17e7a49c5f7cb179017466e2d524fb6006c386e385ec1
part1_production/src/sutra/mechanics/__init__.py	e3b0c44298fc1c149afbf4c8996fb92427ae41e4649b934ca495991b7852b855
part1_production/src/sutra/mechanics/cached_regularization.py	75e597e53979802c490611f85c10f1c765712dca7531158a8dfa8a48f8f822b2
part1_production/src/sutra/mechanics/curvature_constraints.py	4e263795a3e69d7a47e72b3a54714de161a72f7dd7221721bd304f827ffaafc4
part1_production/src/sutra/mechanics/curvature_solver.py	180f939c1df63fda0368c482de1e9e3a90bfc2e272911d9f10a1b312302769eb
part1_production/src/sutra/mechanics/dispersion_regularization.py	6aba1584ef974110eef6d34c66579be928e6c32a61d8344d8c2fe2046f383cb1
part1_production/src/sutra/mechanics/gatec.py	b80e608ef287282093ee1b6ba1d494fe48649da25fe92ab55087dd245e510e4e
part1_production/src/sutra/mechanics/gatec_v2.py	f869bf990a5b5d923d89a3dfc266e502563ce5af545e67802702b08b772277dc
part1_production/src/sutra/mechanics/identifiability.py	7d1d70828da1a07a72aaff2f961b0ef72c741c9d111ed7c32156f50dace14838
part1_production/src/sutra/mechanics/inference.py	27fea04aa0a8544abaafab7e6e931b7f49d5664a6d11e1142c8292f21ebb41be
part1_production/src/sutra/mechanics/junction_calibration.py	e2378d6ed63c7f6340be017d95d039b4aba02ef88891486b9683c2ad49620710
part1_production/src/sutra/mechanics/junctions.py	5379d2fb37384da91ca4272d6144eeb1c98a4562147e81faa211a933c0227e40
part1_production/src/sutra/mechanics/reg_calibration.py	d735868f37a866e3d0ad9aee4740e0d17aeab49373460ca7723734ba96f41f80
part1_production/src/sutra/mechanics/regularized_solver.py	0d39c6800452e3a7f993dca806b1df34fd60e12bca7cb41a78051bd41896ecca
part1_production/src/sutra/mechanics/stress.py	636d511957a349a08725873bd0034ddd2fa9c7976887a95cc7edf8fa7783dfdd
part1_production/src/sutra/mechanics/stress_v2.py	daedbcd65d6a5393bfe4fcdfaca55649ed83636f425ab67cb4e1bbdcc3640dcd
part1_production/src/sutra/mechanics/validation.py	12889b86c8eeb2fd9fed39ff8931c5a7fb67412f5d16b8ed8f150c088245297c
part1_production/src/sutra/mechanics/vertex_exact.py	aba8ae44dae3a5df1d220e5c12d2ee67735cf44bccdb018199eeee0aee0cf0ad
part1_production/src/sutra/mechanics/vertex_exact_audit.py	5279f8774d6e1c98d481fc92d80d86ecf5a85250efe24b8fc6e8f570181f111f
part1_production/src/sutra/mechanics/vertex_exact_solver.py	62b392a5ae65444884c641a8830fd301d7eaa88f851d0fc4b83dc367cc089c39
part1_production/src/sutra/mechanics/vertex_solver.py	13eb08ce8616d9b70f77ef3f342253b5918106c40cd79a2790ab9cc55353a611
part1_production/src/sutra/mechanics/vertex_solver_v2.py	0f19689534bb33d456c63173b568f6da67d2140912697dba4ee4f659974360d1
part1_production/src/sutra/mechanics/warmstart_regularization.py	e680917ddb0c79bb5e2a23044faf2f22eb08d3d7e0fcdd3fa868253e7764817a
part1_production/src/sutra/preflight/__init__.py	e3b0c44298fc1c149afbf4c8996fb92427ae41e4649b934ca495991b7852b855
part1_production/src/sutra/preflight/core.py	9014cb2385722c10eaa99d7d9758f3b87f95b41b5d05e438879af1a811d04954
part1_production/src/sutra/preflight/cross_sample.py	c52de67366bc1b070ab3a0f45688f92b24720d5181f32f62369e510b7c2ed771
part1_production/src/sutra/preflight/sample_audit.py	ceca3d65a46b7d3747ea47e24c105d3f818c848903d5788abfb1d3303a871d6c
part1_production/src/sutra/production_geometry/__init__.py	e3b0c44298fc1c149afbf4c8996fb92427ae41e4649b934ca495991b7852b855
part1_production/src/sutra/production_geometry/materialize.py	da3faded1280410f4c92121eef447632cc6f221bf8c0b289d6fd7b57cda7b6d8
part1_production/src/sutra/production_geometry/materialize_radius5.py	62eb508e763dc3f450502a45f44ae43d629ff9aea100152777d4e4ebebc5667f
part1_production/src/sutra/provenance/__init__.py	e3b0c44298fc1c149afbf4c8996fb92427ae41e4649b934ca495991b7852b855
part1_production/src/sutra/provenance/hashing.py	c0cbd5eb3d2bb3d6f23c4d9164cad21fad0ae1037b66949f08d83714908940b1
part1_production/src/sutra/topology/__init__.py	e3b0c44298fc1c149afbf4c8996fb92427ae41e4649b934ca495991b7852b855
part1_production/src/sutra/topology/calibration.py	50ac72072f84bb0487758d1d6538dcf3e709e467c798c3c03a597b6f862ab569
part1_production/src/sutra/topology/diagnostics.py	dc2168e65f36ef40cc6ac50e03832b8c4ef8f35c6e5291ba9e2bcfecfe1cf53a
part1_production/src/sutra/topology/interfaces.py	d4cfc4035779827e1df8e5e4c0b7cbe7beb4f68904d24c7920a6caa409917188
part1_production/src/sutra/vmsi/__init__.py	e3b0c44298fc1c149afbf4c8996fb92427ae41e4649b934ca495991b7852b855
part1_production/src/sutra/vmsi/export_roi.py	5fc48a031ec5f2629479e2e0815b5e44345def32d20f894ba63d6323b96854ad
part1_production/src/sutra/vmsi/projection.py	602508304a36c3b62ea2c38f4ac303d0bdfbb2cf2f679081c30801cd8c7fb8a8
part1_production/src/sutra/vmsi_compat/__init__.py	e3b0c44298fc1c149afbf4c8996fb92427ae41e4649b934ca495991b7852b855
part1_production/src/sutra/vmsi_compat/audit.py	64c17d594dbc4684bbbd46c3665736c92512ea7984ac6e35db9ad7eea675fb57
part1_production/tests/test_hierarchy_step3_cells.py	0c50a1173e1f8c06c6269cd3388b67ec490b0d9e7140e89ce015a96bc7ac92fe
part1_production/tests/test_hierarchy_step3_interfaces.py	8a3ca67291af533de0c4428d5c1019e4538be281c97c081a5e0260e9ec5a9693
part1_production/tests/test_hierarchy_step3_patch_retention.py	e27f6e794cd8e37c9427c89d4a777a55b2ec9b7cf33bafa7f7d92f7c2c7937fe
part1_production/tests/test_level0_freeze_csr.py	0768dfa7d329570d5f1edc36aaa78ba2b74314c921fbc2fcfa162b0e4b27814c
part1_production/tests/test_level0_freeze_digest.py	bb46951aebf96b3910b61deaf4ad8354b2f084d4237b087ca512e392f0bd8ab5
part1_production/tests/test_level0_freeze_exact_copy.py	42c6c721dc675015d1b1309dfdc2d39155302bca2930c289d389e86d6a2e18ab
part1_production/tests/test_level0_freeze_retention.py	5ed647d1513afb772686146af8c219bd507db233e47cf67c013755a1eec7c83c
part1_production/tests/test_v072_communication.py	17cc360da7d5ee0a005a8751cae5f56da80f368675a3826093267ab59056fae0
part1_production/tests/test_v072_conjunctive_gate.py	b9377a6c87ea70773638b2ecbfe67af07183f1373783295cc91be591e5da9f9f
part1_production/tests/test_v072_contraction.py	e71741f667fa3a3e5137cbca56ee56241b4b0161715c98a80013f52fd93da775
part1_production/tests/test_v072_matching.py	21145b92f0725633c486c3fb533f606bcc6b9a9ad26cd35134f1c424b3603e97
part1_production/tests/test_v073_failure_counts.py	49b5d302897acff66655fe3e267e296f98e0b84fc68ca56caa5384e622b4092e
part1_production/tests/test_v073_maximal_matching.py	c9927e70caf31dc9703d35ca669f3bd179a7bef4fca906f7d348131c8ebe5a1c
part1_production/tests/test_v073_stop_conditions.py	9777be0385607ac016adb7243798287de69d87cf5ae87826f3fac77c528b3981
part1_production/tests/test_v0743_channel_cancellation.py	00ee5eddfb5918c0b465f543979c31f0a49fd9bd73f4c753cde2faba34c122c4
part1_production/tests/test_v0743_channel_reversal.py	9e9a2ed4fb13848f39e561d867dc1f10b9e2eb09ad32502d731fc443d0f51a8f
part1_production/tests/test_v0743_directional_content_bound.py	f67d48ec852c84d4b9b56007afb9e73284bbc04a98afef7edd186cb4e18ceb24
part1_production/tests/test_v0743_no_false_direction.py	617dc97f05572e40c4c00657c0056986bf62775f7e677a1e9c3ccf6542f9b222
part1_production/tests/test_v074_effective_expression.py	80d861992d1bf54aab7f3fa34bf874dd2058a72153d2769f30d10c11e3eb8c0a
part1_production/tests/test_v074_effective_gate.py	8b429bd7d1e364ddba810e0acde1929acf4e8ed50fb747a4161c1d803f8feb28
part1_production/tests/test_v074_maximal_matching.py	e09f8c0c16545643d15c901e618c8a75e9a06be17f01245000be92e051209da4
part1_production/tests/test_v0761_cycle_inconsistency_detected.py	e01dd5acb6be3352cccbc4fe1a2aeff239b147fda0d47ec53e522f1d9e74bfaa
part1_production/tests/test_v0761_exact_gradient_zero_residual.py	38976d0cc00dae2d52b4a7a089f999abd3bfec6df4138726158bf04880cf25fb
part1_production/tests/test_v0761_level1_enrichment.py	4cae01537da734e56d9f8b9378e4ad4353918b2dde5b14f0a06b8f3cad278c8b
part1_production/tests/test_v0761_tail_threshold.py	e410e414eb8be9b9b17085ec99f11eee1bf5dfaa81416fec09d67fcd9ffd2132
part1_production/tests/test_v0762_consistency_ratio_not_gate.py	1d209b4455738631e7c4df318c672c775029cbaa50dd8fda23f9386b1b534105
part1_production/tests/test_v0762_exact_decomposition.py	d8d393c2aa0cb87c910eb8173dd13b1ea373ef2c9c9b631c66e38691e6cf4555
part1_production/tests/test_v0762_exact_gradient_zero_residual.py	3ba1f1d1720ea9fb7274726ce777569c99bfd20c3f4a44c2f063c26529002f81
part1_production/tests/test_v0762_gauge_invariance.py	2acf8a6a3d548d1a64ff551276b9596bcae6633430430168ef9d088cceb77210
part1_production/tests/test_v0762_inconsistent_cycle_residual.py	3c069588d08d84eab90d0926330cfbbf68be03b6deccb3a01f74ed91c7180cc2
part1_production/tests/test_v076_covector_aggregation_bound.py	3033eb259b3e0741c29687979725f2935a237a81af3b398e526541fecf63d759
part1_production/tests/test_v076_direction_retained.py	ac6fe8fdbaf071b47b59b7e7b8dccab97fd788f4a9b8da0266c3f387ffc5eee4
part1_production/tests/test_v076_geometry_matching_disjoint.py	1b1704df23ffe2a25cf9f4138a3bb823df8cfba67277aabd77972940dc38fc1b
part1_production/tests/test_v076_pair_cost_orientation.py	43665ba4799d670c1e72a2223eeecdf949f5eedeffa098865a0041d6d67b0b02
part1_production/tests/test_v076_pressure_reconstruction.py	fa761e56b52ed874e09274241ea3ae426ed6676acedaa15a31daae7d3eabd81c
part1_production/tests/test_v077_directed_geodesic_triangle.py	b24a90d7626fe35e06ebe81d953d24f64fbffd6d3ad32bdb64a0cc7863a3b361
part1_production/tests/test_v077_g_isometry.py	cb487011cbe7d8037e2cfe7592b32b42c00f59d932ce5403f0f8e05723c0bca4
part1_production/tests/test_v077_one_sided_unresolved.py	833b341fc5cb2670982777f17127062555f7f2ae421f123c08d90880fd9be03c
part1_production/tests/test_v077_rotation_inverse.py	e035a7103dd6d2cd0a2828dee77bb60d2c94313ac6581380381dce48d8fb6f0c
part1_production/tests/test_v077_rotation_maps_direction.py	3c37907f6afb49a90226325766c05c7b76f47c80f85a02d0b7f92bff6345c5b9
part1_production/tests/test_v077_zero_zero_identity.py	ec8ab46cc908266d5d5cbec6df7b4d691ec7d7ee12e07f87d8e464b5dc1875e2
part1_production/tests/test_v078_3d_triangle_nontrivial.py	67b91e9a1a4471054c405b3f4ea3b8f1e22cc6963c770f657878f9c072feb38e
part1_production/tests/test_v078_chordless_quad_enumeration.py	2e674e289c1b24e2428e8b17e74591bcd87bb4dd8df6e848f1fc4a4cfd825627
part1_production/tests/test_v078_coordinate_invariance.py	28c5cf047b7b546b4a3b26efb26193af346d927194ab83385e27d1dd0178e6e7
part1_production/tests/test_v078_identity_loop_zero.py	1570200af40e3587c63ff456d228f59058ee1e8995c6d3eba45654b8f6d77caf
part1_production/tests/test_v078_loop_reversal_inverse.py	27168c864e9675cb5b67ef6763db56c9315e50d9030e79fefbb7edd85dafba39
part1_production/tests/test_v078_triangle_enumeration.py	132cb6f1c6f8b90db65ab46be07ffa94320be51fafc9807445588219b6dd888c
part1_production/tests/test_v078_unresolved_loop_not_repaired.py	f065cc3371daa0bba1e02036781d6eddc1ecf86093faea6633dd974fe9ae461f
part1_production/tests/test_v079_cell_aggregation.py	e7847bc646dab20347f5fc5662108ff8f7fa4fa74d8eb730a5ccf014ce4d9eee
part1_production/tests/test_v079_coordinate_resolver.py	0f4065235da83788ac3bf47761ee4ecce1c5153be222b9c91b943d621c0473fd
part1_production/tests/test_v079_degenerate_density_undefined.py	2ee33b9077a1beca0043a83c4fb433d5ecac78b0f77e4181adf4221b6366f25c
part1_production/tests/test_v079_density_definition.py	6c79aa64210ec7ed79125efd700a1fa7bfa4aae152c1e24175cc73d9b3a9c608
part1_production/tests/test_v079_identity_density_zero.py	7703562ebd2e4ed6393f5091830dd42ef2d2360749ff52045807f64247059cd3
part1_production/tests/test_v079_triangle_area.py	df68d5a5cd491e0bc6d184a60813d3f4e9e410247acca249b6adcc680f2ca88d
part2_paper/code/canonical_panels/CANONICAL_MANIFEST.json	686a7142d0f76701a0765ee2cc5e8faf755770959eab3dadf9d0fadc88ed1d07
part2_paper/code/canonical_panels/MainFig1/fig1_panel_A_level0_tissue.py	70e6f2742b73336936b90c10ff9bf7b52c705a78b4714debc131a99aa51f4487
part2_paper/code/canonical_panels/MainFig2/fig2_generate_panels.py	b118bf992b25dad438153531490c615f6d8cbe6a42123158e3e358c8893dccc0
part2_paper/code/canonical_panels/MainFig3/run_fig3.py	584cca8d8b084a4f7e669806b9918214f51a4cccada4b5b7fce16ffae542d8db
part2_paper/code/canonical_panels/MainFig4/make_fig4_v4_10_1.py	6879bc504fb4349e25fb86ea003f1448f59954098143325bc2681dadbe593949
part2_paper/code/canonical_panels/MainFig5/render_main_fig5_FINE.py	35086f7900bc85f5183b89eb8d878a1332d0d9c440168c0739413e29d24aef88
part2_paper/code/canonical_panels/MainFig6/render_main_fig6_FINE.py	a4b2d8571c12d4930cc33a5d45f00b7464fc5aa5e2e174185fbec27a82c61759
part2_paper/code/canonical_panels/README.md	9e678b4a204b202288d224800a359d722c61c82f5dbf963be85c17dc3b0b04da
part2_paper/code/canonical_panels/SuppFig2/run_suppfig2_v19_10_D_layout_repair.py	90a62685606c2dc35f51b5bb0e2ca33bbf86f09c98a481e2806e60f10d19cd30
part2_paper/code/canonical_panels/SuppFig3_4_5/run_disease_collective_supp.py	d1d4079641f4ea0da5b84d7abb93ef117528a20b4edd84817e7c7e17707017bd
part2_paper/code/canonical_panels/SuppFig6/render_suppfig06_v057.py	4c423002f39d161c05b4169542e48e6750de95d63fffc5028fabfe170764e032
part2_paper/main/fig2/panels/Fig2A.pdf	81c3787a774f7ef18b461ec03c0f70159462e999684e9dd4b754ef0f527f304d
part2_paper/main/fig2/panels/Fig2A.png	9aa66af5d48f03bb2affc346383176d7c00f0e459e430e12d43a4e117c1c3480
part2_paper/main/fig2/panels/Fig2B.pdf	2a3b8424252c9ae4abc8d429ab52c9d41adead3de247ca6c4d79a57a98bc5c52
part2_paper/main/fig2/panels/Fig2B.png	48072fdccedd780e03ae80082bcbd8ded69adf3bc9300a0312867c041fad8856
part2_paper/main/fig2/panels/Fig2C.pdf	cf89d25cc43df190f23389e3a8cce560cf01776e56898bbabead44311dc82f4f
part2_paper/main/fig2/panels/Fig2C.png	503216bc183519e910954e82becadc5bcae793bd668f1841c8a847020e1e99e3
part2_paper/main/fig2/panels/Fig2D.pdf	964319e70d63428f111000ba73c5a551315bb3a9bfbc84b8bfa1c690ebc6f86d
part2_paper/main/fig2/panels/Fig2D.png	4f8c778ea26a812127c82dd26849d5b3748d0805e846c609fd8e05681c85c35d
part2_paper/main/fig2/panels/Fig2E.pdf	1aec9144b8d461f66796041362d8fa2ff8e2f3c6e75dc5a6b2a1466b24d3fa8b
part2_paper/main/fig2/panels/Fig2E.png	21d51ad2e1b2ecd2224d5f3d19107704ebde5251f61021fedef9c305a3b6d3ca
part2_paper/main/fig2/panels/Fig2F.pdf	28b8f08763a081b20000c4d03fcb0288d9f9925fe341904bea341e079bd3cc61
part2_paper/main/fig2/panels/Fig2F.png	741d7250ec158ad955e76955efc0bccb3fc4d3baec9514ba62f95de7c6f0b858
part2_paper/main/fig2/panels/Fig2G.pdf	9212ea4cdc46c95fdcc628ab48eb9a46357472a11079a3a23d265d94667f7a65
part2_paper/main/fig2/panels/Fig2G.png	57e91ccdfb73b2593d438a049416f749d0c22bc72ed238525012537ecca3ffb7
part2_paper/main/fig2/panels/Fig2H.pdf	2bef997c41749ef48c872824404eb33de271a56a0130982128d5a42b20b528aa
part2_paper/main/fig2/panels/Fig2H.png	7dfdb5ffb3fbf633fdec7900ce5ae81e929bb4ea835f2058e9e79affdaebae44
part2_paper/main/fig2/source_data/brain/source_data/hierarchy_trajectory.csv	c2adcda59495a63862a72e090bb7d5720579555550be0a4e1bcec58180872599
part2_paper/main/fig2/source_data/brain/source_data/label_checkpoint_summary.csv	19d3c3b32a62054815c00397f30388e72d7f77ea0bb36ab23711b1417b42d239
part2_paper/main/fig2/source_data/brain/source_data/local_crop_manifest.json	e0b9da9cf0158d9987559d917ee7a26269a411fb73d938e4e9a02a72a908ba1a
part2_paper/main/fig2/source_data/brain/source_data/panel_A_states.csv	d90cfec94e250acdde706898f42f09ce43025eb080e3e05d347b8e46807eec1c
part2_paper/main/fig2/source_data/brain/source_data/panel_B_states.csv	afe6fbf432800cb41c20dc9d879ae4e5a1bb672b4f2938ad8850fa3a80140f92
part2_paper/main/fig2/source_data/brain/source_data/panel_C_interface_states.csv	8fb744cc145c844f0836670c0d37454e2a3e18271a97708319de4924f57fac98
part2_paper/main/fig2/source_data/brain/source_data/panel_D_cost_landscape.csv	2d9e4cbf1e5140cff4356d59342d71d89bad865f84891f8ca390539cc350cbd8
part2_paper/main/fig2/source_data/brain/source_data/panel_F_interface_exhaustion.csv	5f7814a58e26568f9746e06760a5813095017c1678aa736cb368f944524212dd
part2_paper/main/fig2/source_data/kidney/source_data/hierarchy_trajectory.csv	bcc61d50adce7a84fdfd8764d5dbe99c184d0fee1e9d320f36021cf73b08412b
part2_paper/main/fig2/source_data/kidney/source_data/label_checkpoint_summary.csv	1fbf1e347a8ba30cd769ff0ba873ce8feb0213300bc3b781f691bd5bb6a1391e
part2_paper/main/fig2/source_data/kidney/source_data/local_crop_manifest.json	f15e991d49aa1f3797d0f2c73d7588318b9bbdff7aec54c1c9d4579628d7e251
part2_paper/main/fig2/source_data/kidney/source_data/panel_A_states.csv	b3243ab83ad1d6942bc6c72684c29d5769519511d7fb54185b6712cbdeb86cf8
part2_paper/main/fig2/source_data/kidney/source_data/panel_B_states.csv	421d50a52a6bdd9d5fc69e76167c1b70b3893d07145dbcb0735db48e94f11902
part2_paper/main/fig2/source_data/kidney/source_data/panel_C_interface_states.csv	a25b530131ca919661a27e1e6a16bc4ea8dd7fbac155dba4a9989a7c926349a1
part2_paper/main/fig2/source_data/kidney/source_data/panel_D_cost_landscape.csv	eeb23c72300e5de17ac681ed1664548f7c8cdb6f988dbab2cd3d64f70cf9d06a
part2_paper/main/fig2/source_data/kidney/source_data/panel_F_interface_exhaustion.csv	4019c1ce64c44a28ce7dd21a726105e5aa9b7041df3c175673e9659c939714d1
part2_paper/main/fig3/panels/Fig3A.pdf	8554d5d1499eb40be7a8619713f35fd608e97e19b6458272029a30113607d2e8
part2_paper/main/fig3/panels/Fig3A.png	bb2f2a8067a89d7d51af9da6a27a540034cac65551c4d4457cb8be869d3b0aa3
part2_paper/main/fig3/panels/Fig3B.pdf	a1cec493fcb1f8666fb7c67a034dc86391b6549e0ba274ad19cc476b80321180
part2_paper/main/fig3/panels/Fig3B.png	b1650d8afc3a995259e01104876758721692541f74388bda96dddba9bbbf7b5b
part2_paper/main/fig3/panels/Fig3C.pdf	e77541d32e4b71ab64ce1c6594d9f83818dcc114b11510a86b52f0c3ae91d0f4
part2_paper/main/fig3/panels/Fig3C.png	5dbcef825b893ebf7986699216f55a393801a3f7f7c5be6f91e399f72e4f006d
part2_paper/main/fig3/panels/Fig3D.pdf	963beec7ccab3eb511b628e0ae5c35c115d154ccc602eb9f0056defd086e2ba2
part2_paper/main/fig3/panels/Fig3D.png	5aecb0941be37695617c26abac9f861b91e271ebd0587e17f00468acc0a37abc
part2_paper/main/fig3/panels/Fig3E_brain.pdf	714e1225e037541bf701491f54ddd6b5996f5cff8b714be47a275247c32de92a
part2_paper/main/fig3/panels/Fig3E_brain.png	e4104cb84450c2aba3b577a6a3a512979d3058716c34c901a0794c998907be98
part2_paper/main/fig3/panels/Fig3E_kidney.pdf	80514c834dd34fee516105c28d2824862e88706d9a754f8a940affad58529ee2
part2_paper/main/fig3/panels/Fig3E_kidney.png	337c5a425bae3e4c30cc02a946d57673ce21bb3147726585cf12b535ab4d28d4
part2_paper/main/fig3/panels/Fig3F_brain.pdf	0c4b74daf1f03b44cb71d3d4c4608b544e73a9a4ec94da752cd29ded4fe4d8b7
part2_paper/main/fig3/panels/Fig3F_brain.png	97d8728089bd6c53849a82507e0154953b2395afaad0adcb0330d321092d6e09
part2_paper/main/fig3/panels/Fig3F_kidney.pdf	078372a257b866737a5d0fa365e55a4db54e07b70886db3676fd77f637249bcc
part2_paper/main/fig3/panels/Fig3F_kidney.png	6929301bc0b4d1c5779c492f4cc4ee252b2cead2ea942cf8ec0dad3102c04f37
part2_paper/main/fig3/source_data/healthy_reference_aggregation_null.csv	4597704b6a526dff15a0fe3301eb9dd99afd4326ba7d257ab7ea226ed480d708
part2_paper/main/fig3/source_data/healthy_reference_collective_trajectory.csv	7703b304f84282fba814f69be0bab59fc41a907b7067449833ed10167594c45f
part2_paper/main/fig3/source_data/healthy_reference_peak_incoming_ids.csv	8fc39a2cb58c75f9eddbcd603e50be514d737ee7682e98350f5765b4e9975595
part2_paper/main/fig3/source_data/healthy_reference_peak_molecular_contrast.csv	1beeddf858509efd7607d8514236c8d0499acdcffe84559b63587b78d16fd7fe
part2_paper/main/fig3/source_data/healthy_reference_peak_recipient_ids.csv	0d7c7fa8f2be5c06cc702c08e96356cc30d9e6836618567f8b0716b9904c8b6a
part2_paper/main/fig3/source_data/nondiseased_kidney_aggregation_null.csv	b480709d9aaa351048faa253959fffa4691c42dcb4f640bbac4776ca1b08b6ea
part2_paper/main/fig3/source_data/nondiseased_kidney_collective_trajectory.csv	125d4f91f0212edca49a633c7916295c3904b85150204524d0547596dab0fabc
part2_paper/main/fig3/source_data/nondiseased_kidney_peak_incoming_ids.csv	4f29e27b62a41b8ef1604cac8d4d275b436033641fe12e46eb9df4a7ffaec5f5
part2_paper/main/fig3/source_data/nondiseased_kidney_peak_molecular_contrast.csv	3db22b8546946201d69bcd7acd54a44612fc8cf5d74b2ded4003753c3a7a285a
part2_paper/main/fig3/source_data/nondiseased_kidney_peak_recipient_ids.csv	9aa2d98b73d8eb26cfaf0cfdbb4f76302a745c0646f2c8c1ad7a66c8b9caece6
part2_paper/main/fig3/source_data/provenance.json	77e3f61f2705feb9a5ea990b65e5300707e644df39318506331adcd0a503bacc
part2_paper/movies/movie1/healthy_reference_scientific_hierarchy_v053.mp4	6622b96b3673ce863e184d3166c5d08421a811e241ba25a8cc210a083b5f3340
part2_paper/movies/movie1/provenance_v053.json	618f2856a0ac7d86626417312ede391baace867a60527eece4d4d0ce8a8e2df9
part2_paper/supplementary/suppfig1/RENAMED_FROM.txt	8a1fff86092d2173bfde6e9071d9b17d13223c9c830c0096d8eeeb37d5cd635a
part2_paper/supplementary/suppfig1/SuppFig2A_brain_local_selection.pdf	30e8a810066eb937f14d6dcd8639abcfc54e1a95a410f68f8fe8c4c35b9dab48
part2_paper/supplementary/suppfig1/SuppFig2A_brain_local_selection.png	444703585fcc7c834ed0d7747b5934857b584a72afede3746903317b900eefae
part2_paper/supplementary/suppfig1/SuppFig2B_kidney_local_selection.pdf	04b2a341f7f9702c595a5257cc452511da390a83ed951753b65d8a810ca82c1a
part2_paper/supplementary/suppfig1/SuppFig2B_kidney_local_selection.png	ab768b0ca95b358739c146956fb12ac8702c0d4ebb6037d0cb15a8cd4dc802ac
part2_paper/supplementary/suppfig1/SuppFig2C_multichannel_profiles.pdf	68d2b5368db1b4925e8d2b141aadf60375f31c15e1a7a8bae42f68b8e89fe158
part2_paper/supplementary/suppfig1/SuppFig2C_multichannel_profiles.png	4034a869aee40f28047fc2251df7c181188af06a928f0c9cdc8314d433bd7847
part2_paper/supplementary/suppfig1/SuppFig2D_quantitative_summaries.pdf	9538963578ef203b0d2741bc41047e7d245d89838f6cc8b9ff902e1220f8cf04
part2_paper/supplementary/suppfig1/SuppFig2D_quantitative_summaries.png	421d777e0843dc26cc72b37c2f71545f1e1e0a93c818b0dac4b79dde1ee2adf2
part2_paper/supplementary/suppfig1/coverage_aware_overlap_audit.csv	dab3dbe4f68d88e39b9122b855a9b44bc14406fd547945c731a8f4505d47a033
part2_paper/supplementary/suppfig1/provenance.json	8cd20810390407ee49a6530ae8387c69e17a846f3861e301249d6dbcc9510a49
part2_paper/supplementary/suppfig1/singleton_node_coverage_audit.csv	2c9e6e9331dc821aabd752dd0663339ac96fbffce261b53a4b5d20de9485eb98
part2_paper/supplementary/suppfig2/A_healthy_reference_collective_mass.pdf	fba59c8f3b9a51419fa29d9ced70d18f9b421486844a5bd300f37b760f7db6f4
part2_paper/supplementary/suppfig2/A_healthy_reference_collective_mass.png	60a8ed55eed253976e570d5ab0cf67277a8ba62f63a78f73ba2986a684280af6
part2_paper/supplementary/suppfig2/B_alzheimers_collective_mass.pdf	235907ff0e6bae0f6fdca9221375efe1b2aac6a78ae93fe148599047034f67be
part2_paper/supplementary/suppfig2/B_alzheimers_collective_mass.png	55a39300ea294181ebcdecd8b9597e6f9cc60e16149eee28f16a42ca0f5a255d
part2_paper/supplementary/suppfig2/C_healthy_reference_collective_reorganization.pdf	7fa4a689b3c56ac32ce486166efcd2105ee06b054442a2a872c3b7b851be9ad3
part2_paper/supplementary/suppfig2/C_healthy_reference_collective_reorganization.png	289411aee5dff979ddcd0b102ae609bf81267ac1bf205194d856322731b702e3
part2_paper/supplementary/suppfig2/D_alzheimers_collective_reorganization.pdf	4d0a4dfc1d4809656af7258ab421ef4df21398d4588694c2b555826c8ee34733
part2_paper/supplementary/suppfig2/D_alzheimers_collective_reorganization.png	49e04ea6db30009ea260a6beb1c406207165c50a885957a89b5bffee98a6565b
part2_paper/supplementary/suppfig2/E_dominant_recruitment_spatial.pdf	fb53cca4d9562549c0500af1b1464058d4d9daef1139617aa919d0053a9d6708
part2_paper/supplementary/suppfig2/E_dominant_recruitment_spatial.png	31c526cc8dc89cbfce42840ef130b96de2df97fd41f238647fdd7c6f85d91d76
part2_paper/supplementary/suppfig2/F_molecular_recruitment.pdf	3d6608a10420cbc09062ceac5df798ffb99ed6f24fd00e7f77001860e5fcc58e
part2_paper/supplementary/suppfig2/F_molecular_recruitment.png	1da9f7b1bfb610e46958023d1a31805dc5667951c9ec9b4369e8c60241d226d0
part2_paper/supplementary/suppfig2/RENAMED_FROM.txt	35234589d3ad036b999a7b65555537258fd8a8e3f194fef73dfa3234f70e1679
part2_paper/supplementary/suppfig2/alzheimers_collective_trajectory.csv	c8862b0cbf363fbac1b3a185c4591191d011cd9178f73e1447f508aae272aa3d
part2_paper/supplementary/suppfig2/alzheimers_dominant_recruited_ids.csv	1087f70c435ae3a2f0fcfc6a6d005d2a09af12f9652b1a50e2fd48093d6a0492
part2_paper/supplementary/suppfig2/alzheimers_hierarchy_coordinate_audit.json	b27ce9a09a2cd91f9bf501f1adf9e638fcc969f81afff3fd85fd69cd50c104a3
part2_paper/supplementary/suppfig2/alzheimers_molecular_recruitment.csv	ef594bbe48d60070d58da058cbbdd5ec9426d190345fd1486a4bc6ce6588b81d
part2_paper/supplementary/suppfig2/common_gene_basis.csv	4b07a5e97262c9fc3b786a1ea04f6b016cd41bc0e7c7982c6d5fa65dbf558da2
part2_paper/supplementary/suppfig2/healthy_reference_collective_trajectory.csv	7703b304f84282fba814f69be0bab59fc41a907b7067449833ed10167594c45f
part2_paper/supplementary/suppfig2/healthy_reference_dominant_recruited_ids.csv	8fc39a2cb58c75f9eddbcd603e50be514d737ee7682e98350f5765b4e9975595
part2_paper/supplementary/suppfig2/healthy_reference_hierarchy_coordinate_audit.json	8db219d9477f284a2159a99fb75fba1f354e86b1c21cd7428647f79c9c447c29
part2_paper/supplementary/suppfig2/healthy_reference_molecular_recruitment.csv	fb3c55a0ec605d3d1720ae16a10e056aa828df4cf9b2d43204e377965082b028
part2_paper/supplementary/suppfig2/panel_overlap_audit.json	137fb5745939b283467225b999221ac2e05181ce978e94573e4346290d1555e4
part2_paper/supplementary/suppfig2/provenance.json	e47e11026ac79631eef745b6d86928fdab0d438550209b7ba8f0d5b0d369693d
part2_paper/supplementary/suppfig3/A_healthy_reference_collective_mass.pdf	f0382e4543ffbd4f0cdfdbfd9a8cf447b253a8b3bc4d7851ffd5be3d2c616699
part2_paper/supplementary/suppfig3/A_healthy_reference_collective_mass.png	60a8ed55eed253976e570d5ab0cf67277a8ba62f63a78f73ba2986a684280af6
part2_paper/supplementary/suppfig3/B_gbm_reference_addon_collective_mass.pdf	4df002934cb033e538df880fe630888f85cde3259abffefea4489d29cdee8c8c
part2_paper/supplementary/suppfig3/B_gbm_reference_addon_collective_mass.png	cd6b260ab6d99d88af94700ec27da0e1bd612f970e3d95298b44dab2c0a1e364
part2_paper/supplementary/suppfig3/C_healthy_reference_collective_reorganization.pdf	e3997e24278d0c87a029f15b3f86adc39b11dbfbe1f9be1a1573b98a8e8dc3a9
part2_paper/supplementary/suppfig3/C_healthy_reference_collective_reorganization.png	289411aee5dff979ddcd0b102ae609bf81267ac1bf205194d856322731b702e3
part2_paper/supplementary/suppfig3/D_gbm_reference_addon_collective_reorganization.pdf	1835babcb26f7ea5f04c1431ca1d42167c04f2f48bc2f9d649e804a33b27aebb
part2_paper/supplementary/suppfig3/D_gbm_reference_addon_collective_reorganization.png	7eb56a23a6f5f920d7402de7330c26d86e7587c6426ce3f47a551a7642a48d16
part2_paper/supplementary/suppfig3/E_dominant_recruitment_spatial.pdf	5f251f988dbd6483ce723a1f89efe26aa4623fcbcb4e664986aa678a648959de
part2_paper/supplementary/suppfig3/E_dominant_recruitment_spatial.png	9d8b81fa7f0d520707ed7e1a5e87e065aed08cde56ea78939a013944e0b333c3
part2_paper/supplementary/suppfig3/F_molecular_recruitment.pdf	9b9e25a66fc254548056a8d98bb5305727b9d374724c06416b91879eec0079a5
part2_paper/supplementary/suppfig3/F_molecular_recruitment.png	4a8dda5542d2282b6d84b238ad8b68aa60dbcf492691548eb2cbece3f98ea103
part2_paper/supplementary/suppfig3/RENAMED_FROM.txt	55ab2c46aaf072227b515a14cf160f12c3aa829944b9308ef33970bcbd7d67e3
part2_paper/supplementary/suppfig3/common_gene_basis.csv	98e0a3492cfa0f9be8b272959df7b14b60aa2d3472c92f8c95a7173e30f8e223
part2_paper/supplementary/suppfig3/gbm_reference_addon_collective_trajectory.csv	259e8a29c385e1cc327b5be907f15507aa55c92b9b1dfacd3ca74ea1198c1170
part2_paper/supplementary/suppfig3/gbm_reference_addon_dominant_recruited_ids.csv	c293a9fda67f27715ed1281caccdb912f3f6885d6bf33bb109d146fee730f9d6
part2_paper/supplementary/suppfig3/gbm_reference_addon_hierarchy_coordinate_audit.json	347d2fcf0d657c43c92e5be6a971784e702c23b812ffea926838643f0ba12ac5
part2_paper/supplementary/suppfig3/gbm_reference_addon_molecular_recruitment.csv	8469ae1aca03fa945d2c3bdb1497539c6032a6537e2bd80361e3878aa56c113b
part2_paper/supplementary/suppfig3/healthy_reference_collective_trajectory.csv	7703b304f84282fba814f69be0bab59fc41a907b7067449833ed10167594c45f
part2_paper/supplementary/suppfig3/healthy_reference_dominant_recruited_ids.csv	8fc39a2cb58c75f9eddbcd603e50be514d737ee7682e98350f5765b4e9975595
part2_paper/supplementary/suppfig3/healthy_reference_hierarchy_coordinate_audit.json	8db219d9477f284a2159a99fb75fba1f354e86b1c21cd7428647f79c9c447c29
part2_paper/supplementary/suppfig3/healthy_reference_molecular_recruitment.csv	2fda7f6ac5458d13a6915cdb1a72634125ebc1e2af52a684786f43ea60523df2
part2_paper/supplementary/suppfig3/panel_overlap_audit.json	5d775342ac2f808ae47b9461f07c0858dfd3e4ef730ec7a90b14decf70479f25
part2_paper/supplementary/suppfig3/provenance.json	fd2c4dccef478fd9ca6d582d54f4e453a9d0df9d6e513dd033dd77da3e4043d0
part2_paper/supplementary/suppfig4/INCOMPLETE_IN_UPLOADED_ARCHIVE.txt	60833f317a9e84e9d529e6f34a0f3c594528eaca43d964a5b5343c85c0c739be
part2_paper/supplementary/suppfig4/RENAMED_FROM.txt	690dadf764bf568565df58d7cb0a543f0416d6501e87aee6703a94ae68c8aaed
part2_paper/supplementary/suppfig4/common_gene_basis.csv	698fd3b4e1bcb24406a0516c4f9662524321bd69f6cb1834d711dfbad18560b4
part2_paper/supplementary/suppfig4/panel_overlap_audit.json	4d43944a0300ebecadd3a5ea2d76ab5ab4a5902e1221bdea2109ce5aa7979e13
part2_paper/supplementary/suppfig5/RENAMED_FROM.txt	5fc507daafb7e98734eae3e803eec5d1646fa2f9088372f6799439891bd9fa89
part2_paper/supplementary/suppfig5/panel_A_information_heatmap.pdf	5f7dc960293448816df83d09140cdd131765371ebef9d5c1fb868e0b5c3c663f
part2_paper/supplementary/suppfig5/panel_A_information_heatmap.png	060dfc69d927bc40b1b271a11fcba796eb255c3d458c02c75aea800cb9f4c977
part2_paper/supplementary/suppfig5/panel_B_brain_organizational_state.pdf	fdf48698e4480137632a86c387c84bccefd3700765d62add24ed4c89cf5b83b6
part2_paper/supplementary/suppfig5/panel_B_brain_organizational_state.png	308873e3216508989dfe02dac821337feea3da741f1162cc9836e6c2f1b7314f
part2_paper/supplementary/suppfig5/panel_C_kidney_organizational_state.pdf	fec8cf180e34696b6a078e9a12c939c4fd0691c1b09bb27faa25224553c7c813
part2_paper/supplementary/suppfig5/panel_C_kidney_organizational_state.png	a8e46f3c6f42745472fe680fff1d5843c9da8a50c7fbe1a394c791f1d44293ce
part2_paper/supplementary/suppfig5/panel_D_brain_feature_families.pdf	54bcb532fa5f4f8544b15b28fa6863f74b49910e487f8c7a8b9d70e850b1870c
part2_paper/supplementary/suppfig5/panel_D_brain_feature_families.png	8cb2444b0ae20fb495403c5d7160101f13e01bb39406f4d2ad283c262c1afab9
part2_paper/supplementary/suppfig5/panel_E_kidney_feature_families.pdf	678249cb71bf2edc5308f3a7c39793ecc5cbce491137bc533f4b3975c918e0e5
part2_paper/supplementary/suppfig5/panel_E_kidney_feature_families.png	0de76999799183fc6bd6c957219c835a0cba59234dbf92becf3464cee13228c8
part2_paper/supplementary/suppfig5/panel_manifest.csv	b09305d6b678c8134c6bbab4851a779d44b64dff7a8038f0ef187f4370a04a28
part2_paper/validate_frozen_products.py	1d50c6ff0cc32cffc4ed07a3970324c0d1c7e13c5ce453cf9ab0aa853badd7d2
test_release.sh	e0bb804dc6365f06a14129215ce67a6c7a3a15c3c32dc854f0e7f7e77dcb084a
