sample,analysis,information_class,horizon,task,auc,mae,baseline_mae,mae_improvement,r2,n_test
healthy_reference,horizon,geometry_topology_mechanics_restricted,0.0,consolidation_scale,,0.0858035500479021,0.1387861314668075,0.381578522191467,0.5369264220809551,20446
healthy_reference,horizon,geometry_topology_mechanics_restricted,0.0,persistence,0.842192535948523,,,,,41531
healthy_reference,horizon,geometry_topology_mechanics_restricted,0.025,consolidation_scale,,0.0834509739662709,0.1327607498930015,0.3712223578594047,0.5208968434933643,19641
healthy_reference,horizon,geometry_topology_mechanics_restricted,0.025,persistence,0.837675744669886,,,,,40726
healthy_reference,horizon,geometry_topology_mechanics_restricted,0.05,consolidation_scale,,0.0808500854777453,0.1264761636125037,0.3606437515767083,0.5089146754950102,18795
healthy_reference,horizon,geometry_topology_mechanics_restricted,0.05,persistence,0.8327960653964999,,,,,39880
healthy_reference,horizon,geometry_topology_mechanics_restricted,0.075,consolidation_scale,,0.0778447318175345,0.1201234333201846,0.3518108410729722,0.4980650012190244,17932
healthy_reference,horizon,geometry_topology_mechanics_restricted,0.075,persistence,0.8284920075646628,,,,,39017
healthy_reference,horizon,geometry_topology_mechanics_restricted,0.1,consolidation_scale,,0.0747398859075116,0.1137983197856703,0.3429836603193212,0.4865129062238192,17072
healthy_reference,horizon,geometry_topology_mechanics_restricted,0.1,persistence,0.8236131862395375,,,,,38157
healthy_reference,horizon,geometry_topology_mechanics_restricted,0.125,consolidation_scale,,0.0715650174890127,0.1075363294191854,0.3342411724737112,0.4752843534351409,16204
healthy_reference,horizon,geometry_topology_mechanics_restricted,0.125,persistence,0.8179767561792595,,,,,37289
healthy_reference,horizon,geometry_topology_mechanics_restricted,0.15,consolidation_scale,,0.0684997427361329,0.1013666326333424,0.3241614878623439,0.4589320749285747,15325
healthy_reference,horizon,geometry_topology_mechanics_restricted,0.15,persistence,0.8121780576401271,,,,,36410
healthy_reference,horizon,geometry_topology_mechanics_restricted,0.175,consolidation_scale,,0.0652215301556093,0.0952398391610665,0.3150579228250537,0.446024720911424,14468
healthy_reference,horizon,geometry_topology_mechanics_restricted,0.175,persistence,0.8064858100128418,,,,,35553
healthy_reference,horizon,geometry_topology_mechanics_restricted,0.2,consolidation_scale,,0.0622505969948388,0.0891641610288761,0.3016828989564711,0.4250248163685157,13594
healthy_reference,horizon,geometry_topology_mechanics_restricted,0.2,persistence,0.8004177099227638,,,,,34679
healthy_reference,horizon,geometry_topology_mechanics_restricted,0.225,consolidation_scale,,0.0591020850133206,0.0830749832653916,0.2883904874203858,0.4036084431267271,12702
healthy_reference,horizon,geometry_topology_mechanics_restricted,0.225,persistence,0.7928576851390764,,,,,33787
healthy_reference,horizon,geometry_topology_mechanics_restricted,0.25,consolidation_scale,,0.0561741840881631,0.07690469645839,0.2694011418859626,0.3694576724805311,11794
healthy_reference,horizon,geometry_topology_mechanics_restricted,0.25,persistence,0.7845529209352203,,,,,32879
healthy_reference,horizon,geometry_topology_mechanics_restricted,0.275,consolidation_scale,,0.0534193411203274,0.0711132071928868,0.2486174459115426,0.3362218050070135,10919
healthy_reference,horizon,geometry_topology_mechanics_restricted,0.275,persistence,0.7739901206166631,,,,,32004
healthy_reference,horizon,geometry_topology_mechanics_restricted,0.3,consolidation_scale,,0.0507822030493007,0.0651023571618988,0.2198979470714538,0.2887936561293418,9985
healthy_reference,horizon,geometry_topology_mechanics_restricted,0.3,persistence,0.7632828162788287,,,,,31070
healthy_reference,information_class,geometry,0.0,consolidation_scale,,0.1331511293317492,0.1387861314668075,0.040653862327791,0.0379705256495435,20446
healthy_reference,information_class,geometry,0.0,persistence,0.5297296787647061,,,,,41531
healthy_reference,information_class,geometry_topology,0.0,consolidation_scale,,0.1300835775776449,0.1387861314668075,0.0627274463831554,0.0663138732578535,20446
healthy_reference,information_class,geometry_topology,0.0,persistence,0.5980845864024056,,,,,41531
healthy_reference,information_class,geometry_topology_mechanics,0.0,consolidation_scale,,0.0858035500479021,0.1387861314668075,0.381578522191467,0.5369264220809551,20446
healthy_reference,information_class,geometry_topology_mechanics,0.0,persistence,0.842192535948523,,,,,41531
nondiseased_kidney,horizon,geometry_topology_mechanics_restricted,0.0,consolidation_scale,,0.118766487149909,0.1407494658005416,0.1561325025418544,0.2043879020137473,90773
nondiseased_kidney,horizon,geometry_topology_mechanics_restricted,0.0,persistence,0.6943598713042981,,,,,194970
nondiseased_kidney,horizon,geometry_topology_mechanics_restricted,0.025,consolidation_scale,,0.1187476809228549,0.1348221770808151,0.1192226797454011,0.152745282813651,87200
nondiseased_kidney,horizon,geometry_topology_mechanics_restricted,0.025,persistence,0.6840685917128578,,,,,191397
nondiseased_kidney,horizon,geometry_topology_mechanics_restricted,0.05,consolidation_scale,,0.1144886550245564,0.128501469364634,0.1091726291493342,0.13542315090041,83363
nondiseased_kidney,horizon,geometry_topology_mechanics_restricted,0.05,persistence,0.6766486446725136,,,,,187560
nondiseased_kidney,horizon,geometry_topology_mechanics_restricted,0.075,consolidation_scale,,0.1096510218748072,0.1223165575517964,0.1036964994651429,0.125691750074664,79564
nondiseased_kidney,horizon,geometry_topology_mechanics_restricted,0.075,persistence,0.6705757442183952,,,,,183761
nondiseased_kidney,horizon,geometry_topology_mechanics_restricted,0.1,consolidation_scale,,0.1046625317333224,0.1161917871566401,0.0993582342023258,0.114740314592185,75746
nondiseased_kidney,horizon,geometry_topology_mechanics_restricted,0.1,persistence,0.6641774365576023,,,,,179943
nondiseased_kidney,horizon,geometry_topology_mechanics_restricted,0.125,consolidation_scale,,0.0990701369623286,0.1099375768014037,0.0990592661431573,0.1131774382169761,71793
nondiseased_kidney,horizon,geometry_topology_mechanics_restricted,0.125,persistence,0.6593452211619202,,,,,175990
nondiseased_kidney,horizon,geometry_topology_mechanics_restricted,0.15,consolidation_scale,,0.094053928812309,0.1039931110039944,0.0958659638877732,0.1074630436996983,68035
nondiseased_kidney,horizon,geometry_topology_mechanics_restricted,0.15,persistence,0.654176775844103,,,,,172232
nondiseased_kidney,horizon,geometry_topology_mechanics_restricted,0.175,consolidation_scale,,0.088934994381542,0.0980597058381246,0.0934020585198267,0.1024528076212074,64201
nondiseased_kidney,horizon,geometry_topology_mechanics_restricted,0.175,persistence,0.648208534045907,,,,,168398
nondiseased_kidney,horizon,geometry_topology_mechanics_restricted,0.2,consolidation_scale,,0.0836795050824539,0.0921400851462696,0.092179698549568,0.1000023134850827,60369
nondiseased_kidney,horizon,geometry_topology_mechanics_restricted,0.2,persistence,0.6426804159729562,,,,,164566
nondiseased_kidney,horizon,geometry_topology_mechanics_restricted,0.225,consolidation_scale,,0.0781438842003186,0.0858301372146533,0.0899226177027817,0.1010878534008387,56300
nondiseased_kidney,horizon,geometry_topology_mechanics_restricted,0.225,persistence,0.6369516393724458,,,,,160497
nondiseased_kidney,horizon,geometry_topology_mechanics_restricted,0.25,consolidation_scale,,0.0728524422718517,0.0798039134713057,0.0873555724315904,0.1022583870172649,52339
nondiseased_kidney,horizon,geometry_topology_mechanics_restricted,0.25,persistence,0.6322446352129637,,,,,156536
nondiseased_kidney,horizon,geometry_topology_mechanics_restricted,0.275,consolidation_scale,,0.067659768151635,0.0734587160043929,0.0792335505481506,0.0953591919758644,48159
nondiseased_kidney,horizon,geometry_topology_mechanics_restricted,0.275,persistence,0.6259773346079951,,,,,152356
nondiseased_kidney,horizon,geometry_topology_mechanics_restricted,0.3,consolidation_scale,,0.0622806949189788,0.0673404326424157,0.0751507944091902,0.0828216846987898,44021
nondiseased_kidney,horizon,geometry_topology_mechanics_restricted,0.3,persistence,0.6200263141267255,,,,,148218
nondiseased_kidney,information_class,geometry,0.0,consolidation_scale,,0.1233551494347972,0.1407494658005416,0.1234603236651387,0.1682076153751235,90773
nondiseased_kidney,information_class,geometry,0.0,persistence,0.6453036026355075,,,,,194970
nondiseased_kidney,information_class,geometry_topology,0.0,consolidation_scale,,0.1231909447063429,0.1407494658005416,0.1246391461993948,0.1696702513304774,90773
nondiseased_kidney,information_class,geometry_topology,0.0,persistence,0.6468042207113046,,,,,194970
nondiseased_kidney,information_class,geometry_topology_mechanics,0.0,consolidation_scale,,0.118766487149909,0.1407494658005416,0.1561325025418544,0.2043879020137473,90773
nondiseased_kidney,information_class,geometry_topology_mechanics,0.0,persistence,0.6943598713042981,,,,,194970
