sample,analysis,information_class,horizon,fold,task,auc,mae,baseline_mae,mae_improvement,r2,n_test
healthy_reference,information_class,geometry,0.0,0,persistence,0.5293019554618731,,,,,8538
healthy_reference,information_class,geometry,0.0,0,consolidation_scale,,0.140337847494406,0.1444616867015039,0.0285462484985299,0.0331203238761963,4357
healthy_reference,information_class,geometry,0.0,1,persistence,0.5356603930514959,,,,,7943
healthy_reference,information_class,geometry,0.0,1,consolidation_scale,,0.1288150047608799,0.1338079394480121,0.03731418858798,0.0189384490799275,3627
healthy_reference,information_class,geometry,0.0,2,persistence,0.5441629055049099,,,,,8223
healthy_reference,information_class,geometry,0.0,2,consolidation_scale,,0.1323871415082186,0.1399631192439628,0.0541283859395766,0.0802929016361962,4475
healthy_reference,information_class,geometry,0.0,3,persistence,0.5183982019868194,,,,,8094
healthy_reference,information_class,geometry,0.0,3,consolidation_scale,,0.1321665180698056,0.1382722234963432,0.044157136351388,0.0252615834652343,4023
healthy_reference,information_class,geometry,0.0,4,persistence,0.5211249378184326,,,,,8733
healthy_reference,information_class,geometry,0.0,4,consolidation_scale,,0.132049134825436,0.1374256884442155,0.0391233522614804,0.0322393701901629,3964
healthy_reference,information_class,geometry_topology,0.0,0,persistence,0.6014130395341792,,,,,8538
healthy_reference,information_class,geometry_topology,0.0,0,consolidation_scale,,0.1364808306134839,0.1444616867015039,0.0552454859848798,0.0760301499073168,4357
healthy_reference,information_class,geometry_topology,0.0,1,persistence,0.5987034285899723,,,,,7943
healthy_reference,information_class,geometry_topology,0.0,1,consolidation_scale,,0.1255831711643612,0.1338079394480121,0.061466967637196,0.0404624594963415,3627
healthy_reference,information_class,geometry_topology,0.0,2,persistence,0.6066046397929921,,,,,8223
healthy_reference,information_class,geometry_topology,0.0,2,consolidation_scale,,0.1293263234184912,0.1399631192439628,0.0759971332657361,0.1060692081303978,4475
healthy_reference,information_class,geometry_topology,0.0,3,persistence,0.5819023725833885,,,,,8094
healthy_reference,information_class,geometry_topology,0.0,3,consolidation_scale,,0.1298138127357332,0.1382722234963432,0.0611721613114416,0.0484858836551459,4023
healthy_reference,information_class,geometry_topology,0.0,4,persistence,0.6017994515114962,,,,,8733
healthy_reference,information_class,geometry_topology,0.0,4,consolidation_scale,,0.1292137499561552,0.1374256884442155,0.0597554837165236,0.0605216651000656,3964
healthy_reference,information_class,geometry_topology_mechanics,0.0,0,persistence,0.8660713457388932,,,,,8538
healthy_reference,information_class,geometry_topology_mechanics,0.0,0,consolidation_scale,,0.0891644920568543,0.1444616867015039,0.3827810397846752,0.5315987806669327,4357
healthy_reference,information_class,geometry_topology_mechanics,0.0,1,persistence,0.8313278883811634,,,,,7943
healthy_reference,information_class,geometry_topology_mechanics,0.0,1,consolidation_scale,,0.0854636005136729,0.1338079394480121,0.3612964905802339,0.5076377519033408,3627
healthy_reference,information_class,geometry_topology_mechanics,0.0,2,persistence,0.8392798542835508,,,,,8223
healthy_reference,information_class,geometry_topology_mechanics,0.0,2,consolidation_scale,,0.0844195456670514,0.1399631192439628,0.3968443535478523,0.5627907008534246,4475
healthy_reference,information_class,geometry_topology_mechanics,0.0,3,persistence,0.8265922493195446,,,,,8094
healthy_reference,information_class,geometry_topology_mechanics,0.0,3,consolidation_scale,,0.0849714672060183,0.1382722234963432,0.3854769594540764,0.5402833478370757,4023
healthy_reference,information_class,geometry_topology_mechanics,0.0,4,persistence,0.8476913420194625,,,,,8733
healthy_reference,information_class,geometry_topology_mechanics,0.0,4,consolidation_scale,,0.0849986447959138,0.1374256884442155,0.3814937675904976,0.5423215291440016,3964
healthy_reference,horizon,geometry_topology_mechanics_restricted,0.0,0,persistence,0.8660713457388932,,,,,8538
healthy_reference,horizon,geometry_topology_mechanics_restricted,0.0,0,consolidation_scale,,0.0891644920568543,0.1444616867015039,0.3827810397846752,0.5315987806669327,4357
healthy_reference,horizon,geometry_topology_mechanics_restricted,0.0,1,persistence,0.8313278883811634,,,,,7943
healthy_reference,horizon,geometry_topology_mechanics_restricted,0.0,1,consolidation_scale,,0.0854636005136729,0.1338079394480121,0.3612964905802339,0.5076377519033408,3627
healthy_reference,horizon,geometry_topology_mechanics_restricted,0.0,2,persistence,0.8392798542835508,,,,,8223
healthy_reference,horizon,geometry_topology_mechanics_restricted,0.0,2,consolidation_scale,,0.0844195456670514,0.1399631192439628,0.3968443535478523,0.5627907008534246,4475
healthy_reference,horizon,geometry_topology_mechanics_restricted,0.0,3,persistence,0.8265922493195446,,,,,8094
healthy_reference,horizon,geometry_topology_mechanics_restricted,0.0,3,consolidation_scale,,0.0849714672060183,0.1382722234963432,0.3854769594540764,0.5402833478370757,4023
healthy_reference,horizon,geometry_topology_mechanics_restricted,0.0,4,persistence,0.8476913420194625,,,,,8733
healthy_reference,horizon,geometry_topology_mechanics_restricted,0.0,4,consolidation_scale,,0.0849986447959138,0.1374256884442155,0.3814937675904976,0.5423215291440016,3964
healthy_reference,horizon,geometry_topology_mechanics_restricted,0.025,0,persistence,0.8633734288810441,,,,,8375
healthy_reference,horizon,geometry_topology_mechanics_restricted,0.025,0,consolidation_scale,,0.0868409648532222,0.1389964321960745,0.3752288207605179,0.5176366721072023,4194
healthy_reference,horizon,geometry_topology_mechanics_restricted,0.025,1,persistence,0.8286355349509367,,,,,7815
healthy_reference,horizon,geometry_topology_mechanics_restricted,0.025,1,consolidation_scale,,0.0825036968590026,0.1273737334301646,0.3522707183248496,0.4941785589705876,3499
healthy_reference,horizon,geometry_topology_mechanics_restricted,0.025,2,persistence,0.8323674794515125,,,,,8007
healthy_reference,horizon,geometry_topology_mechanics_restricted,0.025,2,consolidation_scale,,0.081774118589964,0.1324110693991564,0.3824223385474368,0.539862163872795,4259
healthy_reference,horizon,geometry_topology_mechanics_restricted,0.025,3,persistence,0.8198897390481551,,,,,7964
healthy_reference,horizon,geometry_topology_mechanics_restricted,0.025,3,consolidation_scale,,0.0837250999117804,0.134086727777606,0.375589953610879,0.5287987076018401,3893
healthy_reference,horizon,geometry_topology_mechanics_restricted,0.025,4,persistence,0.8441125410177823,,,,,8565
healthy_reference,horizon,geometry_topology_mechanics_restricted,0.025,4,consolidation_scale,,0.0824109896173854,0.130935786662006,0.3705999580533403,0.5240081149143963,3796
healthy_reference,horizon,geometry_topology_mechanics_restricted,0.05,0,persistence,0.8576245483061342,,,,,8190
healthy_reference,horizon,geometry_topology_mechanics_restricted,0.05,0,consolidation_scale,,0.0847937231096002,0.1327345256341305,0.3611780905947135,0.4956571046912231,4009
healthy_reference,horizon,geometry_topology_mechanics_restricted,0.05,1,persistence,0.8224430087631132,,,,,7724
healthy_reference,horizon,geometry_topology_mechanics_restricted,0.05,1,consolidation_scale,,0.0803842331136866,0.122425652758365,0.3434036796818777,0.4929466372480203,3408
healthy_reference,horizon,geometry_topology_mechanics_restricted,0.05,2,persistence,0.8302789462593082,,,,,7835
healthy_reference,horizon,geometry_topology_mechanics_restricted,0.05,2,consolidation_scale,,0.0795308454146782,0.1264278854524034,0.3709390524875986,0.5281824934422747,4087
healthy_reference,horizon,geometry_topology_mechanics_restricted,0.05,3,persistence,0.8128860892548754,,,,,7739
healthy_reference,horizon,geometry_topology_mechanics_restricted,0.05,3,consolidation_scale,,0.0804270633536515,0.1264687581070175,0.3640558778509205,0.5177384306587686,3668
healthy_reference,horizon,geometry_topology_mechanics_restricted,0.05,4,persistence,0.8407477343990686,,,,,8392
healthy_reference,horizon,geometry_topology_mechanics_restricted,0.05,4,consolidation_scale,,0.0791145623971102,0.1243239961106019,0.3636420572684311,0.5100487114347645,3623
healthy_reference,horizon,geometry_topology_mechanics_restricted,0.075,0,persistence,0.853619625472293,,,,,7974
healthy_reference,horizon,geometry_topology_mechanics_restricted,0.075,0,consolidation_scale,,0.080953651746089,0.1255381678326389,0.3551470987372359,0.4858166361676013,3793
healthy_reference,horizon,geometry_topology_mechanics_restricted,0.075,1,persistence,0.8202144305381409,,,,,7603
healthy_reference,horizon,geometry_topology_mechanics_restricted,0.075,1,consolidation_scale,,0.0778576658520161,0.1166498106354721,0.3325521453667898,0.4800775357792101,3287
healthy_reference,horizon,geometry_topology_mechanics_restricted,0.075,2,persistence,0.8260390927162173,,,,,7671
healthy_reference,horizon,geometry_topology_mechanics_restricted,0.075,2,consolidation_scale,,0.0768614363159495,0.1208727522968416,0.3641127975046706,0.5191285518778479,3923
healthy_reference,horizon,geometry_topology_mechanics_restricted,0.075,3,persistence,0.8056349791206091,,,,,7496
healthy_reference,horizon,geometry_topology_mechanics_restricted,0.075,3,consolidation_scale,,0.0760441918169611,0.1176025998154097,0.3533800108473717,0.5035783352361707,3425
healthy_reference,horizon,geometry_topology_mechanics_restricted,0.075,4,persistence,0.8369519099760534,,,,,8273
healthy_reference,horizon,geometry_topology_mechanics_restricted,0.075,4,consolidation_scale,,0.0775067133566568,0.1199538360205608,0.3538621529087931,0.501723947034292,3504
healthy_reference,horizon,geometry_topology_mechanics_restricted,0.1,0,persistence,0.8503683566809273,,,,,7807
healthy_reference,horizon,geometry_topology_mechanics_restricted,0.1,0,consolidation_scale,,0.0777951582223057,0.1197500036046763,0.3503536043378643,0.4788480346241758,3626
healthy_reference,horizon,geometry_topology_mechanics_restricted,0.1,1,persistence,0.8162049636268188,,,,,7462
healthy_reference,horizon,geometry_topology_mechanics_restricted,0.1,1,consolidation_scale,,0.07508280257711,0.1100426880115928,0.3176938519604303,0.4584235422318802,3146
healthy_reference,horizon,geometry_topology_mechanics_restricted,0.1,2,persistence,0.8202047178473704,,,,,7472
healthy_reference,horizon,geometry_topology_mechanics_restricted,0.1,2,consolidation_scale,,0.0740503324077966,0.1144059986657856,0.352740824158006,0.5058636133261066,3724
healthy_reference,horizon,geometry_topology_mechanics_restricted,0.1,3,persistence,0.7973230723956699,,,,,7303
healthy_reference,horizon,geometry_topology_mechanics_restricted,0.1,3,consolidation_scale,,0.0722275550426682,0.1104455856294061,0.3460349308570496,0.491093824143662,3232
healthy_reference,horizon,geometry_topology_mechanics_restricted,0.1,4,persistence,0.8339648206469013,,,,,8113
healthy_reference,horizon,geometry_topology_mechanics_restricted,0.1,4,consolidation_scale,,0.0745435812876776,0.1143473230168909,0.3480950902832558,0.4983355167932713,3344
healthy_reference,horizon,geometry_topology_mechanics_restricted,0.125,0,persistence,0.8436652261769251,,,,,7619
healthy_reference,horizon,geometry_topology_mechanics_restricted,0.125,0,consolidation_scale,,0.0745778761299951,0.113312908063834,0.3418413011871319,0.4666165928492829,3438
healthy_reference,horizon,geometry_topology_mechanics_restricted,0.125,1,persistence,0.8097273916728205,,,,,7308
healthy_reference,horizon,geometry_topology_mechanics_restricted,0.125,1,consolidation_scale,,0.0713874409322995,0.1033007630279395,0.3089359764652323,0.4486662132560713,2992
healthy_reference,horizon,geometry_topology_mechanics_restricted,0.125,2,persistence,0.8143105845025911,,,,,7255
healthy_reference,horizon,geometry_topology_mechanics_restricted,0.125,2,consolidation_scale,,0.0702999970916009,0.1071288195900726,0.3437807178254813,0.4877501695190274,3507
healthy_reference,horizon,geometry_topology_mechanics_restricted,0.125,3,persistence,0.7938290837951251,,,,,7149
healthy_reference,horizon,geometry_topology_mechanics_restricted,0.125,3,consolidation_scale,,0.0693582609306971,0.1048732570741107,0.3386468307961124,0.4843575254007149,3078
healthy_reference,horizon,geometry_topology_mechanics_restricted,0.125,4,persistence,0.8283514947488355,,,,,7958
healthy_reference,horizon,geometry_topology_mechanics_restricted,0.125,4,consolidation_scale,,0.0722015123604711,0.1090658993399702,0.3380010360945982,0.489031266150608,3189
healthy_reference,horizon,geometry_topology_mechanics_restricted,0.15,0,persistence,0.8383359316689166,,,,,7398
healthy_reference,horizon,geometry_topology_mechanics_restricted,0.15,0,consolidation_scale,,0.0710449632901494,0.1057818759743313,0.328382460267684,0.4425086945143379,3217
healthy_reference,horizon,geometry_topology_mechanics_restricted,0.15,1,persistence,0.8074376500903743,,,,,7212
healthy_reference,horizon,geometry_topology_mechanics_restricted,0.15,1,consolidation_scale,,0.0692124427116326,0.0991978667278176,0.3022789199535906,0.437389820619839,2896
healthy_reference,horizon,geometry_topology_mechanics_restricted,0.15,2,persistence,0.8058309952998698,,,,,7030
healthy_reference,horizon,geometry_topology_mechanics_restricted,0.15,2,consolidation_scale,,0.0660368087562466,0.0992561319099013,0.3346828303142943,0.4679943193590049,3282
healthy_reference,horizon,geometry_topology_mechanics_restricted,0.15,3,persistence,0.7856339271007564,,,,,6985
healthy_reference,horizon,geometry_topology_mechanics_restricted,0.15,3,consolidation_scale,,0.0666484263494346,0.0993165069448869,0.3289290129140425,0.472789792877718,2914
healthy_reference,horizon,geometry_topology_mechanics_restricted,0.15,4,persistence,0.8236517840407183,,,,,7785
healthy_reference,horizon,geometry_topology_mechanics_restricted,0.15,4,consolidation_scale,,0.0695560725732015,0.103280781609775,0.3265342158621081,0.4739777472719737,3016
healthy_reference,horizon,geometry_topology_mechanics_restricted,0.175,0,persistence,0.8333791546829237,,,,,7225
healthy_reference,horizon,geometry_topology_mechanics_restricted,0.175,0,consolidation_scale,,0.067348367267141,0.0994800453519378,0.3229962146792574,0.4292230693842607,3044
healthy_reference,horizon,geometry_topology_mechanics_restricted,0.175,1,persistence,0.8007175575815626,,,,,7063
healthy_reference,horizon,geometry_topology_mechanics_restricted,0.175,1,consolidation_scale,,0.0655574918302103,0.0933394788160877,0.2976445480332914,0.4325905012661384,2747
healthy_reference,horizon,geometry_topology_mechanics_restricted,0.175,2,persistence,0.8022844648317629,,,,,6894
healthy_reference,horizon,geometry_topology_mechanics_restricted,0.175,2,consolidation_scale,,0.0636840714949814,0.094471261457025,0.3258894767277839,0.4621837791313681,3146
healthy_reference,horizon,geometry_topology_mechanics_restricted,0.175,3,persistence,0.7762038930398235,,,,,6789
healthy_reference,horizon,geometry_topology_mechanics_restricted,0.175,3,consolidation_scale,,0.0634908645784902,0.0925426997559135,0.3139289782343623,0.4497045827053888,2718
healthy_reference,horizon,geometry_topology_mechanics_restricted,0.175,4,persistence,0.8198439799281367,,,,,7582
healthy_reference,horizon,geometry_topology_mechanics_restricted,0.175,4,consolidation_scale,,0.0660268556072233,0.0963657104243683,0.3148303964505732,0.4564216720699636,2813
healthy_reference,horizon,geometry_topology_mechanics_restricted,0.2,0,persistence,0.8273506236899982,,,,,7038
healthy_reference,horizon,geometry_topology_mechanics_restricted,0.2,0,consolidation_scale,,0.0638169991634393,0.0927455165678057,0.3119128392930668,0.4071582010345601,2857
healthy_reference,horizon,geometry_topology_mechanics_restricted,0.2,1,persistence,0.7921556722723979,,,,,6882
healthy_reference,horizon,geometry_topology_mechanics_restricted,0.2,1,consolidation_scale,,0.0620323257027283,0.0864101112583064,0.2821172800334132,0.4083635962258711,2566
healthy_reference,horizon,geometry_topology_mechanics_restricted,0.2,2,persistence,0.7975308903487266,,,,,6708
healthy_reference,horizon,geometry_topology_mechanics_restricted,0.2,2,consolidation_scale,,0.0603728170287842,0.0883590737545707,0.3167332514544251,0.4448851800294963,2960
healthy_reference,horizon,geometry_topology_mechanics_restricted,0.2,3,persistence,0.7704375981302638,,,,,6636
healthy_reference,horizon,geometry_topology_mechanics_restricted,0.2,3,consolidation_scale,,0.0612394010992681,0.0876326548020738,0.3011805788882836,0.4347110703071802,2565
healthy_reference,horizon,geometry_topology_mechanics_restricted,0.2,4,persistence,0.8146137651724328,,,,,7415
healthy_reference,horizon,geometry_topology_mechanics_restricted,0.2,4,consolidation_scale,,0.0637914419799743,0.0906734487616238,0.2964705451131671,0.4300060342454708,2646
healthy_reference,horizon,geometry_topology_mechanics_restricted,0.225,0,persistence,0.8201206867691634,,,,,6873
healthy_reference,horizon,geometry_topology_mechanics_restricted,0.225,0,consolidation_scale,,0.0607975998631106,0.0866758369041593,0.2985634516533502,0.3907799665467195,2692
healthy_reference,horizon,geometry_topology_mechanics_restricted,0.225,1,persistence,0.7870115683058265,,,,,6732
healthy_reference,horizon,geometry_topology_mechanics_restricted,0.225,1,consolidation_scale,,0.0588721794161967,0.0808224269572187,0.2715860976637188,0.40086422541993,2416
healthy_reference,horizon,geometry_topology_mechanics_restricted,0.225,2,persistence,0.7882384839481957,,,,,6523
healthy_reference,horizon,geometry_topology_mechanics_restricted,0.225,2,consolidation_scale,,0.057329111857086,0.0826179059498735,0.3060933801460767,0.4201205364171393,2775
healthy_reference,horizon,geometry_topology_mechanics_restricted,0.225,3,persistence,0.764688605760154,,,,,6491
healthy_reference,horizon,geometry_topology_mechanics_restricted,0.225,3,consolidation_scale,,0.0596147225882154,0.0833643230935625,0.2848892622650115,0.4061828563183229,2420
healthy_reference,horizon,geometry_topology_mechanics_restricted,0.225,4,persistence,0.804229080912042,,,,,7168
healthy_reference,horizon,geometry_topology_mechanics_restricted,0.225,4,consolidation_scale,,0.058896811341994,0.0818944234221441,0.280820245373772,0.4000946309315241,2399
healthy_reference,horizon,geometry_topology_mechanics_restricted,0.25,0,persistence,0.8121418425961859,,,,,6687
healthy_reference,horizon,geometry_topology_mechanics_restricted,0.25,0,consolidation_scale,,0.0577130951448658,0.0799205401259708,0.2778690552654129,0.3549005758217668,2506
healthy_reference,horizon,geometry_topology_mechanics_restricted,0.25,1,persistence,0.7796299524766187,,,,,6570
healthy_reference,horizon,geometry_topology_mechanics_restricted,0.25,1,consolidation_scale,,0.0564186730273685,0.0752787381693928,0.2505364144067507,0.3652674929651915,2254
healthy_reference,horizon,geometry_topology_mechanics_restricted,0.25,2,persistence,0.7795362981702939,,,,,6339
healthy_reference,horizon,geometry_topology_mechanics_restricted,0.25,2,consolidation_scale,,0.0544329120205986,0.0769579694435187,0.2926929801526496,0.3984294620159245,2591
healthy_reference,horizon,geometry_topology_mechanics_restricted,0.25,3,persistence,0.7538589090824794,,,,,6275
healthy_reference,horizon,geometry_topology_mechanics_restricted,0.25,3,consolidation_scale,,0.0570677705583761,0.076467224223968,0.2536963236532819,0.3480670202299922,2204
healthy_reference,horizon,geometry_topology_mechanics_restricted,0.25,4,persistence,0.7975976023505236,,,,,7008
healthy_reference,horizon,geometry_topology_mechanics_restricted,0.25,4,consolidation_scale,,0.0552384696896063,0.0758990103290996,0.2722109359517178,0.3806238113697801,2239
healthy_reference,horizon,geometry_topology_mechanics_restricted,0.275,0,persistence,0.8033893453668972,,,,,6514
healthy_reference,horizon,geometry_topology_mechanics_restricted,0.275,0,consolidation_scale,,0.054943295366427,0.073656148089757,0.2540569010006689,0.3189601560785154,2333
healthy_reference,horizon,geometry_topology_mechanics_restricted,0.275,1,persistence,0.7643003159450565,,,,,6394
healthy_reference,horizon,geometry_topology_mechanics_restricted,0.275,1,consolidation_scale,,0.05381983137709,0.0694112912009756,0.2246242585913229,0.3184792300802415,2078
healthy_reference,horizon,geometry_topology_mechanics_restricted,0.275,2,persistence,0.7689855467793262,,,,,6162
healthy_reference,horizon,geometry_topology_mechanics_restricted,0.275,2,consolidation_scale,,0.0518662309062371,0.0716169968119401,0.2757832188574838,0.3837569694152728,2414
healthy_reference,horizon,geometry_topology_mechanics_restricted,0.275,3,persistence,0.7441658092386634,,,,,6090
healthy_reference,horizon,geometry_topology_mechanics_restricted,0.275,3,consolidation_scale,,0.0539455003518813,0.0708764362095291,0.2388796158937159,0.3246507127053255,2019
healthy_reference,horizon,geometry_topology_mechanics_restricted,0.275,4,persistence,0.7891095857533721,,,,,6844
healthy_reference,horizon,geometry_topology_mechanics_restricted,0.275,4,consolidation_scale,,0.0525218476000018,0.0700051636522324,0.2497432352145216,0.3352619567557122,2075
healthy_reference,horizon,geometry_topology_mechanics_restricted,0.3,0,persistence,0.7886494928035792,,,,,6306
healthy_reference,horizon,geometry_topology_mechanics_restricted,0.3,0,consolidation_scale,,0.0513701954829127,0.0664340012822305,0.2267484346655935,0.2731646782991063,2125
healthy_reference,horizon,geometry_topology_mechanics_restricted,0.3,1,persistence,0.7596012641373024,,,,,6244
healthy_reference,horizon,geometry_topology_mechanics_restricted,0.3,1,consolidation_scale,,0.0517677420263677,0.0648822027982371,0.2021272430076276,0.2786193511272927,1928
healthy_reference,horizon,geometry_topology_mechanics_restricted,0.3,2,persistence,0.755481562211484,,,,,5942
healthy_reference,horizon,geometry_topology_mechanics_restricted,0.3,2,consolidation_scale,,0.0501593212064635,0.0649819100179424,0.2281033107119528,0.3092395165464755,2194
healthy_reference,horizon,geometry_topology_mechanics_restricted,0.3,3,persistence,0.7294146234356751,,,,,5880
healthy_reference,horizon,geometry_topology_mechanics_restricted,0.3,3,consolidation_scale,,0.050585943468846,0.0640962378325713,0.210781394050243,0.2705451383234387,1809
healthy_reference,horizon,geometry_topology_mechanics_restricted,0.3,4,persistence,0.7832671388061027,,,,,6698
healthy_reference,horizon,geometry_topology_mechanics_restricted,0.3,4,consolidation_scale,,0.0500278130619135,0.0651174338785128,0.2317293529218524,0.3123995963503958,1929
nondiseased_kidney,information_class,geometry,0.0,0,persistence,0.636218605621537,,,,,36923
nondiseased_kidney,information_class,geometry,0.0,0,consolidation_scale,,0.1215014514964445,0.1368008186517816,0.1118368099410333,0.1343501493377601,17713
nondiseased_kidney,information_class,geometry,0.0,1,persistence,0.6458177385373635,,,,,39033
nondiseased_kidney,information_class,geometry,0.0,1,consolidation_scale,,0.1228618448020547,0.1384454507432559,0.1125613435294502,0.1716924284485045,17420
nondiseased_kidney,information_class,geometry,0.0,2,persistence,0.6441561849051225,,,,,41178
nondiseased_kidney,information_class,geometry,0.0,2,consolidation_scale,,0.1278471871735341,0.1468689106359691,0.1295149761788759,0.1767704196523098,19986
nondiseased_kidney,information_class,geometry,0.0,3,persistence,0.6474528987889553,,,,,38098
nondiseased_kidney,information_class,geometry,0.0,3,consolidation_scale,,0.1258808889946001,0.1444606394776038,0.1286146216034451,0.1704127960692786,17509
nondiseased_kidney,information_class,geometry,0.0,4,persistence,0.6528725853245589,,,,,39738
nondiseased_kidney,information_class,geometry,0.0,4,consolidation_scale,,0.1186843747073524,0.1371715094940974,0.1347738670728889,0.1878122833677646,18145
nondiseased_kidney,information_class,geometry_topology,0.0,0,persistence,0.6378623073140298,,,,,36923
nondiseased_kidney,information_class,geometry_topology,0.0,0,consolidation_scale,,0.1211973174792932,0.1368008186517816,0.1140599985165743,0.1374487908767775,17713
nondiseased_kidney,information_class,geometry_topology,0.0,1,persistence,0.6470218736087261,,,,,39033
nondiseased_kidney,information_class,geometry_topology,0.0,1,consolidation_scale,,0.1227122155335793,0.1384454507432559,0.1136421249323212,0.1726284271618957,17420
nondiseased_kidney,information_class,geometry_topology,0.0,2,persistence,0.645700259575814,,,,,41178
nondiseased_kidney,information_class,geometry_topology,0.0,2,consolidation_scale,,0.1277060286661511,0.1468689106359691,0.1304760952255942,0.1782500893433016,19986
nondiseased_kidney,information_class,geometry_topology,0.0,3,persistence,0.6487912250985561,,,,,38098
nondiseased_kidney,information_class,geometry_topology,0.0,3,consolidation_scale,,0.125828444579416,0.1444606394776038,0.1289776576205477,0.168980817363275,17509
nondiseased_kidney,information_class,geometry_topology,0.0,4,persistence,0.6546454379593971,,,,,39738
nondiseased_kidney,information_class,geometry_topology,0.0,4,consolidation_scale,,0.118510717273275,0.1371715094940974,0.1360398547019368,0.1910431319071374,18145
nondiseased_kidney,information_class,geometry_topology_mechanics,0.0,0,persistence,0.6838703977905803,,,,,36923
nondiseased_kidney,information_class,geometry_topology_mechanics,0.0,0,consolidation_scale,,0.1177477270969747,0.1368008186517816,0.1392761515799506,0.1582903012965231,17713
nondiseased_kidney,information_class,geometry_topology_mechanics,0.0,1,persistence,0.6987455101409976,,,,,39033
nondiseased_kidney,information_class,geometry_topology_mechanics,0.0,1,consolidation_scale,,0.1179880157751481,0.1384454507432559,0.1477653101512572,0.2141647978243274,17420
nondiseased_kidney,information_class,geometry_topology_mechanics,0.0,2,persistence,0.6934185729746571,,,,,41178
nondiseased_kidney,information_class,geometry_topology_mechanics,0.0,2,consolidation_scale,,0.1234342391292206,0.1468689106359691,0.1595618256121881,0.2068351489268848,19986
nondiseased_kidney,information_class,geometry_topology_mechanics,0.0,3,persistence,0.7084892147402411,,,,,38098
nondiseased_kidney,information_class,geometry_topology_mechanics,0.0,3,consolidation_scale,,0.1217427902616035,0.1444606394776038,0.1572597857669205,0.1992437442343259,17509
nondiseased_kidney,information_class,geometry_topology_mechanics,0.0,4,persistence,0.687275660875014,,,,,39738
nondiseased_kidney,information_class,geometry_topology_mechanics,0.0,4,consolidation_scale,,0.1129196634865981,0.1371715094940974,0.1767994395989557,0.2434055177866753,18145
nondiseased_kidney,horizon,geometry_topology_mechanics_restricted,0.0,0,persistence,0.6838703977905803,,,,,36923
nondiseased_kidney,horizon,geometry_topology_mechanics_restricted,0.0,0,consolidation_scale,,0.1177477270969747,0.1368008186517816,0.1392761515799506,0.1582903012965231,17713
nondiseased_kidney,horizon,geometry_topology_mechanics_restricted,0.0,1,persistence,0.6987455101409976,,,,,39033
nondiseased_kidney,horizon,geometry_topology_mechanics_restricted,0.0,1,consolidation_scale,,0.1179880157751481,0.1384454507432559,0.1477653101512572,0.2141647978243274,17420
nondiseased_kidney,horizon,geometry_topology_mechanics_restricted,0.0,2,persistence,0.6934185729746571,,,,,41178
nondiseased_kidney,horizon,geometry_topology_mechanics_restricted,0.0,2,consolidation_scale,,0.1234342391292206,0.1468689106359691,0.1595618256121881,0.2068351489268848,19986
nondiseased_kidney,horizon,geometry_topology_mechanics_restricted,0.0,3,persistence,0.7084892147402411,,,,,38098
nondiseased_kidney,horizon,geometry_topology_mechanics_restricted,0.0,3,consolidation_scale,,0.1217427902616035,0.1444606394776038,0.1572597857669205,0.1992437442343259,17509
nondiseased_kidney,horizon,geometry_topology_mechanics_restricted,0.0,4,persistence,0.687275660875014,,,,,39738
nondiseased_kidney,horizon,geometry_topology_mechanics_restricted,0.0,4,consolidation_scale,,0.1129196634865981,0.1371715094940974,0.1767994395989557,0.2434055177866753,18145
nondiseased_kidney,horizon,geometry_topology_mechanics_restricted,0.025,0,persistence,0.6745677137439822,,,,,36335
nondiseased_kidney,horizon,geometry_topology_mechanics_restricted,0.025,0,consolidation_scale,,0.1168488250126711,0.1315192220097383,0.1115456491673966,0.1134396391453604,17125
nondiseased_kidney,horizon,geometry_topology_mechanics_restricted,0.025,1,persistence,0.6880523610958063,,,,,38332
nondiseased_kidney,horizon,geometry_topology_mechanics_restricted,0.025,1,consolidation_scale,,0.1179840386983593,0.1324124457076857,0.1089656408973717,0.1558580644685274,16719
nondiseased_kidney,horizon,geometry_topology_mechanics_restricted,0.025,2,persistence,0.6819967813181164,,,,,40345
nondiseased_kidney,horizon,geometry_topology_mechanics_restricted,0.025,2,consolidation_scale,,0.1241930663277692,0.1413978782924674,0.1216765921275832,0.1567542715027348,19153
nondiseased_kidney,horizon,geometry_topology_mechanics_restricted,0.025,3,persistence,0.6983171851100797,,,,,37406
nondiseased_kidney,horizon,geometry_topology_mechanics_restricted,0.025,3,consolidation_scale,,0.1217033397260876,0.1382444239795909,0.1196510049182547,0.154613504858242,16817
nondiseased_kidney,horizon,geometry_topology_mechanics_restricted,0.025,4,persistence,0.6774089172963047,,,,,38979
nondiseased_kidney,horizon,geometry_topology_mechanics_restricted,0.025,4,consolidation_scale,,0.1130091348493873,0.130536915414593,0.1342745116163991,0.1830609340933905,17386
nondiseased_kidney,horizon,geometry_topology_mechanics_restricted,0.05,0,persistence,0.6675647820877129,,,,,35625
nondiseased_kidney,horizon,geometry_topology_mechanics_restricted,0.05,0,consolidation_scale,,0.1116012259939158,0.1252406435578215,0.1089056809070814,0.1006658564632514,16415
nondiseased_kidney,horizon,geometry_topology_mechanics_restricted,0.05,1,persistence,0.6803185911502156,,,,,37587
nondiseased_kidney,horizon,geometry_topology_mechanics_restricted,0.05,1,consolidation_scale,,0.1136478761658817,0.1261709577468881,0.0992548666082807,0.1357588125064618,15974
nondiseased_kidney,horizon,geometry_topology_mechanics_restricted,0.05,2,persistence,0.673942019379786,,,,,39474
nondiseased_kidney,horizon,geometry_topology_mechanics_restricted,0.05,2,consolidation_scale,,0.1208641571491397,0.1354820182186068,0.1078952119378714,0.1372437145763934,18282
nondiseased_kidney,horizon,geometry_topology_mechanics_restricted,0.05,3,persistence,0.6907694620440937,,,,,36685
nondiseased_kidney,horizon,geometry_topology_mechanics_restricted,0.05,3,consolidation_scale,,0.1181358819128382,0.1318743379717594,0.1041783888375857,0.1319130747239386,16096
nondiseased_kidney,horizon,geometry_topology_mechanics_restricted,0.05,4,persistence,0.6706483687007598,,,,,38189
nondiseased_kidney,horizon,geometry_topology_mechanics_restricted,0.05,4,consolidation_scale,,0.1081941339010064,0.1237393893280943,0.1256289974558519,0.1715342962320051,16596
nondiseased_kidney,horizon,geometry_topology_mechanics_restricted,0.075,0,persistence,0.6641955361708294,,,,,34996
nondiseased_kidney,horizon,geometry_topology_mechanics_restricted,0.075,0,consolidation_scale,,0.1061997760685736,0.1198005910282085,0.1135287801412633,0.1129137492968641,15786
nondiseased_kidney,horizon,geometry_topology_mechanics_restricted,0.075,1,persistence,0.6716981965092294,,,,,36726
nondiseased_kidney,horizon,geometry_topology_mechanics_restricted,0.075,1,consolidation_scale,,0.1082062197078404,0.1187505193552564,0.0887937139531278,0.1098262410219933,15113
nondiseased_kidney,horizon,geometry_topology_mechanics_restricted,0.075,2,persistence,0.6671290884398946,,,,,38521
nondiseased_kidney,horizon,geometry_topology_mechanics_restricted,0.075,2,consolidation_scale,,0.1160809688211258,0.1290123387124574,0.1002335902161504,0.1250001058118363,17329
nondiseased_kidney,horizon,geometry_topology_mechanics_restricted,0.075,3,persistence,0.6847084140056621,,,,,35980
nondiseased_kidney,horizon,geometry_topology_mechanics_restricted,0.075,3,consolidation_scale,,0.1137104870742596,0.1256613890126946,0.0951040095317401,0.117447531560489,15391
nondiseased_kidney,horizon,geometry_topology_mechanics_restricted,0.075,4,persistence,0.6651474859663604,,,,,37538
nondiseased_kidney,horizon,geometry_topology_mechanics_restricted,0.075,4,consolidation_scale,,0.1040576577022368,0.1183579496503651,0.1208224034834328,0.1632711226821374,15945
nondiseased_kidney,horizon,geometry_topology_mechanics_restricted,0.1,0,persistence,0.6609102156463031,,,,,34443
nondiseased_kidney,horizon,geometry_topology_mechanics_restricted,0.1,0,consolidation_scale,,0.1019276858199881,0.1151292804860038,0.1146675685827867,0.1177575085883427,15233
nondiseased_kidney,horizon,geometry_topology_mechanics_restricted,0.1,1,persistence,0.6654861453540079,,,,,36058
nondiseased_kidney,horizon,geometry_topology_mechanics_restricted,0.1,1,consolidation_scale,,0.1033329811437541,0.1130588349497202,0.0860247127992376,0.0950221768356647,14445
nondiseased_kidney,horizon,geometry_topology_mechanics_restricted,0.1,2,persistence,0.6601425565968232,,,,,37522
nondiseased_kidney,horizon,geometry_topology_mechanics_restricted,0.1,2,consolidation_scale,,0.1105858736947636,0.1219527480945354,0.0932072017840915,0.1133091457884634,16330
nondiseased_kidney,horizon,geometry_topology_mechanics_restricted,0.1,3,persistence,0.6768564051704595,,,,,35097
nondiseased_kidney,horizon,geometry_topology_mechanics_restricted,0.1,3,consolidation_scale,,0.1075122662080448,0.1180944618585971,0.089607890869794,0.1060746995723943,14508
nondiseased_kidney,horizon,geometry_topology_mechanics_restricted,0.1,4,persistence,0.6574918600204178,,,,,36823
nondiseased_kidney,horizon,geometry_topology_mechanics_restricted,0.1,4,consolidation_scale,,0.0999538518000613,0.1127236103943442,0.1132837969757191,0.1415380421760601,15230
nondiseased_kidney,horizon,geometry_topology_mechanics_restricted,0.125,0,persistence,0.6564085790193516,,,,,33796
nondiseased_kidney,horizon,geometry_topology_mechanics_restricted,0.125,0,consolidation_scale,,0.097019591089268,0.1098708585467864,0.1169670249918539,0.1260084258438281,14586
nondiseased_kidney,horizon,geometry_topology_mechanics_restricted,0.125,1,persistence,0.6608308766264659,,,,,35512
nondiseased_kidney,horizon,geometry_topology_mechanics_restricted,0.125,1,consolidation_scale,,0.0994618458293973,0.1089580571321937,0.0871547414917198,0.087249902191144,13899
nondiseased_kidney,horizon,geometry_topology_mechanics_restricted,0.125,2,persistence,0.6539767584133189,,,,,36484
nondiseased_kidney,horizon,geometry_topology_mechanics_restricted,0.125,2,consolidation_scale,,0.104118257433105,0.1145597517968378,0.0911445267640765,0.1147509984605485,15292
nondiseased_kidney,horizon,geometry_topology_mechanics_restricted,0.125,3,persistence,0.6717084636255689,,,,,34264
nondiseased_kidney,horizon,geometry_topology_mechanics_restricted,0.125,3,consolidation_scale,,0.1014605742984526,0.1106358294113105,0.0829320407473706,0.0840117626147588,13675
nondiseased_kidney,horizon,geometry_topology_mechanics_restricted,0.125,4,persistence,0.6538014281248957,,,,,35934
nondiseased_kidney,horizon,geometry_topology_mechanics_restricted,0.125,4,consolidation_scale,,0.0932904161614203,0.1056633871198903,0.1170979967207659,0.1538661019746011,14341
nondiseased_kidney,horizon,geometry_topology_mechanics_restricted,0.15,0,persistence,0.6517249723451327,,,,,33162
nondiseased_kidney,horizon,geometry_topology_mechanics_restricted,0.15,0,consolidation_scale,,0.0927575063307562,0.1046083085544158,0.1132873897630701,0.1264837143963749,13952
nondiseased_kidney,horizon,geometry_topology_mechanics_restricted,0.15,1,persistence,0.6576631030714475,,,,,34924
nondiseased_kidney,horizon,geometry_topology_mechanics_restricted,0.15,1,consolidation_scale,,0.0954830675950652,0.1047460846856984,0.0884330628531644,0.0893078790373501,13311
nondiseased_kidney,horizon,geometry_topology_mechanics_restricted,0.15,2,persistence,0.6454930277052453,,,,,35456
nondiseased_kidney,horizon,geometry_topology_mechanics_restricted,0.15,2,consolidation_scale,,0.0982451617648426,0.1070108990840329,0.0819144348306686,0.0892364650215744,14264
nondiseased_kidney,horizon,geometry_topology_mechanics_restricted,0.15,3,persistence,0.6686850975931434,,,,,33647
nondiseased_kidney,horizon,geometry_topology_mechanics_restricted,0.15,3,consolidation_scale,,0.0964171864098575,0.1048934278207845,0.0808081267532709,0.0865442986994664,13058
nondiseased_kidney,horizon,geometry_topology_mechanics_restricted,0.15,4,persistence,0.6473176785055462,,,,,35043
nondiseased_kidney,horizon,geometry_topology_mechanics_restricted,0.15,4,consolidation_scale,,0.0873667219610237,0.0987068348750402,0.1148868052386921,0.1457428613437256,13450
nondiseased_kidney,horizon,geometry_topology_mechanics_restricted,0.175,0,persistence,0.6449694313642105,,,,,32320
nondiseased_kidney,horizon,geometry_topology_mechanics_restricted,0.175,0,consolidation_scale,,0.0874190459044814,0.0978717823982206,0.1068003078886322,0.1226228314952102,13110
nondiseased_kidney,horizon,geometry_topology_mechanics_restricted,0.175,1,persistence,0.6541012924068847,,,,,34251
nondiseased_kidney,horizon,geometry_topology_mechanics_restricted,0.175,1,consolidation_scale,,0.0910655879502101,0.0999599963755611,0.0889796793502639,0.0898468526181717,12638
nondiseased_kidney,horizon,geometry_topology_mechanics_restricted,0.175,2,persistence,0.6383282986466587,,,,,34566
nondiseased_kidney,horizon,geometry_topology_mechanics_restricted,0.175,2,consolidation_scale,,0.092424953305281,0.1002709892883286,0.0782483152777755,0.0815837542646829,13374
nondiseased_kidney,horizon,geometry_topology_mechanics_restricted,0.175,3,persistence,0.6628749197478788,,,,,32965
nondiseased_kidney,horizon,geometry_topology_mechanics_restricted,0.175,3,consolidation_scale,,0.0913879018719594,0.0989252201022333,0.0761920794564274,0.0734499670389255,12376
nondiseased_kidney,horizon,geometry_topology_mechanics_restricted,0.175,4,persistence,0.6407687280639021,,,,,34296
nondiseased_kidney,horizon,geometry_topology_mechanics_restricted,0.175,4,consolidation_scale,,0.0823774828757782,0.0932705410262793,0.1167899106260347,0.1447606326890468,12703
nondiseased_kidney,horizon,geometry_topology_mechanics_restricted,0.2,0,persistence,0.6399705672667904,,,,,31474
nondiseased_kidney,horizon,geometry_topology_mechanics_restricted,0.2,0,consolidation_scale,,0.0813090828818066,0.0909428309058041,0.1059319126977241,0.1316854796264335,12264
nondiseased_kidney,horizon,geometry_topology_mechanics_restricted,0.2,1,persistence,0.6484576573727772,,,,,33425
nondiseased_kidney,horizon,geometry_topology_mechanics_restricted,0.2,1,consolidation_scale,,0.0854172834418904,0.0941534472278349,0.0927864464144848,0.0985149640226976,11812
nondiseased_kidney,horizon,geometry_topology_mechanics_restricted,0.2,2,persistence,0.6326444867156206,,,,,33931
nondiseased_kidney,horizon,geometry_topology_mechanics_restricted,0.2,2,consolidation_scale,,0.088476827192622,0.0955308663986239,0.0738404190386733,0.0735335825436795,12739
nondiseased_kidney,horizon,geometry_topology_mechanics_restricted,0.2,3,persistence,0.656183635890843,,,,,32152
nondiseased_kidney,horizon,geometry_topology_mechanics_restricted,0.2,3,consolidation_scale,,0.0852334842327501,0.0916886570059162,0.0704031772736026,0.0570137443916138,11563
nondiseased_kidney,horizon,geometry_topology_mechanics_restricted,0.2,4,persistence,0.6361457326187496,,,,,33584
nondiseased_kidney,horizon,geometry_topology_mechanics_restricted,0.2,4,consolidation_scale,,0.0779608476632003,0.0883846241931687,0.1179365373233554,0.1392637968409893,11991
nondiseased_kidney,horizon,geometry_topology_mechanics_restricted,0.225,0,persistence,0.6345629185974166,,,,,30584
nondiseased_kidney,horizon,geometry_topology_mechanics_restricted,0.225,0,consolidation_scale,,0.0752586688350657,0.083814835818483,0.1020841584889255,0.1366124135592025,11374
nondiseased_kidney,horizon,geometry_topology_mechanics_restricted,0.225,1,persistence,0.6431780340793979,,,,,32634
nondiseased_kidney,horizon,geometry_topology_mechanics_restricted,0.225,1,consolidation_scale,,0.080081035549223,0.0884367683165081,0.0944825656380908,0.1116161042250258,11021
nondiseased_kidney,horizon,geometry_topology_mechanics_restricted,0.225,2,persistence,0.627223213365646,,,,,33021
nondiseased_kidney,horizon,geometry_topology_mechanics_restricted,0.225,2,consolidation_scale,,0.082612582211498,0.0890751792377168,0.0725521641553126,0.0654582669900509,11829
nondiseased_kidney,horizon,geometry_topology_mechanics_restricted,0.225,3,persistence,0.6515344861388794,,,,,31525
nondiseased_kidney,horizon,geometry_topology_mechanics_restricted,0.225,3,consolidation_scale,,0.0801247773321479,0.0856073695612596,0.0640434609451278,0.0556191686394109,10936
nondiseased_kidney,horizon,geometry_topology_mechanics_restricted,0.225,4,persistence,0.628259544680889,,,,,32733
nondiseased_kidney,horizon,geometry_topology_mechanics_restricted,0.225,4,consolidation_scale,,0.0726423570736586,0.082216533139299,0.1164507392864519,0.1361333135905031,11140
nondiseased_kidney,horizon,geometry_topology_mechanics_restricted,0.25,0,persistence,0.6269335039059174,,,,,29616
nondiseased_kidney,horizon,geometry_topology_mechanics_restricted,0.25,0,consolidation_scale,,0.0685431025790363,0.0761181939851303,0.0995174873378341,0.1304072125139463,10406
nondiseased_kidney,horizon,geometry_topology_mechanics_restricted,0.25,1,persistence,0.6392757792249848,,,,,31839
nondiseased_kidney,horizon,geometry_topology_mechanics_restricted,0.25,1,consolidation_scale,,0.0747335759035921,0.0828985499663328,0.0984935691403133,0.1319598773377649,10226
nondiseased_kidney,horizon,geometry_topology_mechanics_restricted,0.25,2,persistence,0.6205400319836809,,,,,32092
nondiseased_kidney,horizon,geometry_topology_mechanics_restricted,0.25,2,consolidation_scale,,0.0766262608484763,0.0824279765733437,0.070385274102962,0.053596886242541,10900
nondiseased_kidney,horizon,geometry_topology_mechanics_restricted,0.25,3,persistence,0.6492112515031543,,,,,30869
nondiseased_kidney,horizon,geometry_topology_mechanics_restricted,0.25,3,consolidation_scale,,0.0751834193860691,0.0797164021980686,0.0568638659925545,0.0555275367718309,10280
nondiseased_kidney,horizon,geometry_topology_mechanics_restricted,0.25,4,persistence,0.6252626094470812,,,,,32120
nondiseased_kidney,horizon,geometry_topology_mechanics_restricted,0.25,4,consolidation_scale,,0.0691758526420845,0.0778584446336531,0.1115176655842882,0.1398004222202414,10527
nondiseased_kidney,horizon,geometry_topology_mechanics_restricted,0.275,0,persistence,0.6205924045941102,,,,,28749
nondiseased_kidney,horizon,geometry_topology_mechanics_restricted,0.275,0,consolidation_scale,,0.062834460165441,0.0691643552089153,0.0915196133088265,0.1139009800223104,9539
nondiseased_kidney,horizon,geometry_topology_mechanics_restricted,0.275,1,persistence,0.63186334707673,,,,,30818
nondiseased_kidney,horizon,geometry_topology_mechanics_restricted,0.275,1,consolidation_scale,,0.0687830083938404,0.0753974022086771,0.0877270784015883,0.1173201724770077,9205
nondiseased_kidney,horizon,geometry_topology_mechanics_restricted,0.275,2,persistence,0.6149145456818865,,,,,31309
nondiseased_kidney,horizon,geometry_topology_mechanics_restricted,0.275,2,consolidation_scale,,0.0713893151640363,0.0768727728544459,0.0713315974798016,0.0580481503025033,10117
nondiseased_kidney,horizon,geometry_topology_mechanics_restricted,0.275,3,persistence,0.6459393413006564,,,,,30228
nondiseased_kidney,horizon,geometry_topology_mechanics_restricted,0.275,3,consolidation_scale,,0.0702851667942965,0.0741840422865272,0.0525567948585459,0.0662687497943923,9639
nondiseased_kidney,horizon,geometry_topology_mechanics_restricted,0.275,4,persistence,0.616577034386592,,,,,31252
nondiseased_kidney,horizon,geometry_topology_mechanics_restricted,0.275,4,consolidation_scale,,0.0650068902405606,0.071675007463399,0.0930326686919909,0.1212579072831081,9659
nondiseased_kidney,horizon,geometry_topology_mechanics_restricted,0.3,0,persistence,0.6115636046383397,,,,,27990
nondiseased_kidney,horizon,geometry_topology_mechanics_restricted,0.3,0,consolidation_scale,,0.0577329001427176,0.0626101442392556,0.0778986241894005,0.0839313258438551,8780
nondiseased_kidney,horizon,geometry_topology_mechanics_restricted,0.3,1,persistence,0.6261199103154356,,,,,29965
nondiseased_kidney,horizon,geometry_topology_mechanics_restricted,0.3,1,consolidation_scale,,0.0631540699788534,0.0690508255357936,0.0853973216277275,0.1169289121211625,8352
nondiseased_kidney,horizon,geometry_topology_mechanics_restricted,0.3,2,persistence,0.610435260461447,,,,,30361
nondiseased_kidney,horizon,geometry_topology_mechanics_restricted,0.3,2,consolidation_scale,,0.0649439090095796,0.0699977185724523,0.0721996325871928,0.0553834499637263,9169
nondiseased_kidney,horizon,geometry_topology_mechanics_restricted,0.3,3,persistence,0.6392539744466132,,,,,29352
nondiseased_kidney,horizon,geometry_topology_mechanics_restricted,0.3,3,consolidation_scale,,0.0639531581293802,0.0675105824149648,0.0526943207765313,0.0527134649035502,8763
nondiseased_kidney,horizon,geometry_topology_mechanics_restricted,0.3,4,persistence,0.6127588207717922,,,,,30550
nondiseased_kidney,horizon,geometry_topology_mechanics_restricted,0.3,4,consolidation_scale,,0.0616194373343634,0.0675328924496122,0.0875640728650989,0.1051512706616548,8957
