sample,task,fold,feature,importance
healthy_reference,persistence,0,euclidean_length,0.0002840538394147
healthy_reference,persistence,0,abs_dx,-0.0004752309388729
healthy_reference,persistence,0,abs_dy,0.0005926841410784
healthy_reference,persistence,0,area_mean,0.0012577362745234
healthy_reference,persistence,0,area_abs_difference,8.274313501792641e-05
healthy_reference,persistence,0,log_area_ratio_abs,0.0001880645566627
healthy_reference,persistence,0,degree_i,0.0003474574889508
healthy_reference,persistence,0,degree_j,0.0002513145003815
healthy_reference,persistence,0,degree_mean,0.0030762846910597
healthy_reference,persistence,0,degree_abs_difference,-3.7493240374386615e-06
healthy_reference,persistence,0,mechanics_degree_mean,0.0004773883098052
healthy_reference,persistence,0,mechanics_degree_abs_difference,0.0002151442279321
healthy_reference,persistence,0,interface_count,0.0
healthy_reference,persistence,0,interface_length_mean,0.0023066247701206
healthy_reference,persistence,0,curvature_mean,0.000297464671953
healthy_reference,persistence,0,tension_mean,0.1251766230799055
healthy_reference,persistence,0,delta_pressure_mean,0.1925135166425247
healthy_reference,persistence,0,has_mechanics_interface,0.0
healthy_reference,consolidation_scale,0,euclidean_length,0.0009905271156541
healthy_reference,consolidation_scale,0,abs_dx,1.9816404064898485e-06
healthy_reference,consolidation_scale,0,abs_dy,-4.592361478314155e-05
healthy_reference,consolidation_scale,0,area_mean,0.0026458763899216
healthy_reference,consolidation_scale,0,area_abs_difference,3.243626776767705e-05
healthy_reference,consolidation_scale,0,log_area_ratio_abs,0.0004267169680635
healthy_reference,consolidation_scale,0,degree_i,1.352501544768514e-06
healthy_reference,consolidation_scale,0,degree_j,2.902558790279508e-05
healthy_reference,consolidation_scale,0,degree_mean,-8.479270464509248e-06
healthy_reference,consolidation_scale,0,degree_abs_difference,-2.483462631245048e-05
healthy_reference,consolidation_scale,0,mechanics_degree_mean,0.000492595522358
healthy_reference,consolidation_scale,0,mechanics_degree_abs_difference,-5.041595974417112e-06
healthy_reference,consolidation_scale,0,interface_count,0.0
healthy_reference,consolidation_scale,0,interface_length_mean,4.375095041178611e-05
healthy_reference,consolidation_scale,0,curvature_mean,4.603228341778509e-05
healthy_reference,consolidation_scale,0,tension_mean,0.0288410013876637
healthy_reference,consolidation_scale,0,delta_pressure_mean,0.04550094809205
healthy_reference,consolidation_scale,0,has_mechanics_interface,0.0
healthy_reference,persistence,1,euclidean_length,0.001055018572732
healthy_reference,persistence,1,abs_dx,-0.0003617639100016
healthy_reference,persistence,1,abs_dy,-1.437959000225586e-05
healthy_reference,persistence,1,area_mean,0.0018453147066856
healthy_reference,persistence,1,area_abs_difference,-0.0003189573206614
healthy_reference,persistence,1,log_area_ratio_abs,-7.349497244570901e-05
healthy_reference,persistence,1,degree_i,-0.0002742279163099
healthy_reference,persistence,1,degree_j,0.0003795994565523
healthy_reference,persistence,1,degree_mean,0.0046425889343465
healthy_reference,persistence,1,degree_abs_difference,-2.354011068781414e-05
healthy_reference,persistence,1,mechanics_degree_mean,0.0008603670902991
healthy_reference,persistence,1,mechanics_degree_abs_difference,0.0002165754064166
healthy_reference,persistence,1,interface_count,0.0
healthy_reference,persistence,1,interface_length_mean,0.0005604207247006
healthy_reference,persistence,1,curvature_mean,0.0001518704454515
healthy_reference,persistence,1,tension_mean,0.0982483538531551
healthy_reference,persistence,1,delta_pressure_mean,0.1822304807446365
healthy_reference,persistence,1,has_mechanics_interface,0.0
healthy_reference,consolidation_scale,1,euclidean_length,0.0005872977083106
healthy_reference,consolidation_scale,1,abs_dx,1.874326312751029e-05
healthy_reference,consolidation_scale,1,abs_dy,1.9996270052971555e-05
healthy_reference,consolidation_scale,1,area_mean,0.0024173376232414
healthy_reference,consolidation_scale,1,area_abs_difference,0.0001105124099392
healthy_reference,consolidation_scale,1,log_area_ratio_abs,0.0002958208142765
healthy_reference,consolidation_scale,1,degree_i,8.3580063276531e-05
healthy_reference,consolidation_scale,1,degree_j,8.548241742497298e-05
healthy_reference,consolidation_scale,1,degree_mean,4.890046782438096e-06
healthy_reference,consolidation_scale,1,degree_abs_difference,3.96591203722374e-06
healthy_reference,consolidation_scale,1,mechanics_degree_mean,-2.893807260495041e-05
healthy_reference,consolidation_scale,1,mechanics_degree_abs_difference,3.810231220278404e-05
healthy_reference,consolidation_scale,1,interface_count,0.0
healthy_reference,consolidation_scale,1,interface_length_mean,0.000215131306197
healthy_reference,consolidation_scale,1,curvature_mean,0.0002934164330529
healthy_reference,consolidation_scale,1,tension_mean,0.0246693057798065
healthy_reference,consolidation_scale,1,delta_pressure_mean,0.0431204316078862
healthy_reference,consolidation_scale,1,has_mechanics_interface,0.0
healthy_reference,persistence,2,euclidean_length,0.0002689970964029
healthy_reference,persistence,2,abs_dx,-6.672310893565125e-05
healthy_reference,persistence,2,abs_dy,-0.0002073537916684
healthy_reference,persistence,2,area_mean,0.0002630050738419
healthy_reference,persistence,2,area_abs_difference,0.0007077323920988
healthy_reference,persistence,2,log_area_ratio_abs,-7.848059002051322e-05
healthy_reference,persistence,2,degree_i,0.0008219802889286
healthy_reference,persistence,2,degree_j,-0.0003930886044252
healthy_reference,persistence,2,degree_mean,0.0072728606094571
healthy_reference,persistence,2,degree_abs_difference,3.841452871695683e-05
healthy_reference,persistence,2,mechanics_degree_mean,0.001125808624935
healthy_reference,persistence,2,mechanics_degree_abs_difference,8.398371123812254e-05
healthy_reference,persistence,2,interface_count,0.0
healthy_reference,persistence,2,interface_length_mean,0.0004456216499823
healthy_reference,persistence,2,curvature_mean,0.0006500956934945
healthy_reference,persistence,2,tension_mean,0.1038834685761641
healthy_reference,persistence,2,delta_pressure_mean,0.1849398174370837
healthy_reference,persistence,2,has_mechanics_interface,0.0
healthy_reference,consolidation_scale,2,euclidean_length,0.0009650072657923
healthy_reference,consolidation_scale,2,abs_dx,5.955169055212039e-05
healthy_reference,consolidation_scale,2,abs_dy,-7.322065418249036e-05
healthy_reference,consolidation_scale,2,area_mean,0.0031235702385373
healthy_reference,consolidation_scale,2,area_abs_difference,2.91836400265727e-05
healthy_reference,consolidation_scale,2,log_area_ratio_abs,0.0004391549427842
healthy_reference,consolidation_scale,2,degree_i,-3.062160605631081e-05
healthy_reference,consolidation_scale,2,degree_j,2.418468655914774e-05
healthy_reference,consolidation_scale,2,degree_mean,-9.09999218481894e-06
healthy_reference,consolidation_scale,2,degree_abs_difference,1.2442712608895512e-05
healthy_reference,consolidation_scale,2,mechanics_degree_mean,0.0003003933824933
healthy_reference,consolidation_scale,2,mechanics_degree_abs_difference,-4.83968235810428e-06
healthy_reference,consolidation_scale,2,interface_count,0.0
healthy_reference,consolidation_scale,2,interface_length_mean,0.0001101213226613
healthy_reference,consolidation_scale,2,curvature_mean,0.0002187948248433
healthy_reference,consolidation_scale,2,tension_mean,0.0286850500572231
healthy_reference,consolidation_scale,2,delta_pressure_mean,0.0465329661331958
healthy_reference,consolidation_scale,2,has_mechanics_interface,0.0
healthy_reference,persistence,3,euclidean_length,3.614075367301961e-05
healthy_reference,persistence,3,abs_dx,0.0003114857928493
healthy_reference,persistence,3,abs_dy,-0.0003315008951537
healthy_reference,persistence,3,area_mean,0.0009511203480991
healthy_reference,persistence,3,area_abs_difference,0.0004146386721451
healthy_reference,persistence,3,log_area_ratio_abs,0.0002828308584031
healthy_reference,persistence,3,degree_i,0.0002344416925205
healthy_reference,persistence,3,degree_j,0.0005109407446118
healthy_reference,persistence,3,degree_mean,0.0098318786359421
healthy_reference,persistence,3,degree_abs_difference,9.729733228238668e-05
healthy_reference,persistence,3,mechanics_degree_mean,0.0003619265372474
healthy_reference,persistence,3,mechanics_degree_abs_difference,0.0007456999433312
healthy_reference,persistence,3,interface_count,0.0
healthy_reference,persistence,3,interface_length_mean,0.0014341999237619
healthy_reference,persistence,3,curvature_mean,0.0008025762941445
healthy_reference,persistence,3,tension_mean,0.1052374173972515
healthy_reference,persistence,3,delta_pressure_mean,0.1630190699718329
healthy_reference,persistence,3,has_mechanics_interface,0.0
healthy_reference,consolidation_scale,3,euclidean_length,0.0008949578481992
healthy_reference,consolidation_scale,3,abs_dx,-0.0001421377568604
healthy_reference,consolidation_scale,3,abs_dy,7.503743825990061e-06
healthy_reference,consolidation_scale,3,area_mean,0.0036785759222676
healthy_reference,consolidation_scale,3,area_abs_difference,1.816857874887001e-05
healthy_reference,consolidation_scale,3,log_area_ratio_abs,0.0004360634507631
healthy_reference,consolidation_scale,3,degree_i,9.339796194730298e-05
healthy_reference,consolidation_scale,3,degree_j,-1.0827936120114124e-05
healthy_reference,consolidation_scale,3,degree_mean,0.0001967762752926
healthy_reference,consolidation_scale,3,degree_abs_difference,-2.380983248412294e-06
healthy_reference,consolidation_scale,3,mechanics_degree_mean,4.552967312657086e-05
healthy_reference,consolidation_scale,3,mechanics_degree_abs_difference,-3.9359430646312976e-05
healthy_reference,consolidation_scale,3,interface_count,0.0
healthy_reference,consolidation_scale,3,interface_length_mean,0.0001325695778047
healthy_reference,consolidation_scale,3,curvature_mean,0.0002672024939653
healthy_reference,consolidation_scale,3,tension_mean,0.0290688130172956
healthy_reference,consolidation_scale,3,delta_pressure_mean,0.0426748308079966
healthy_reference,consolidation_scale,3,has_mechanics_interface,0.0
healthy_reference,persistence,4,euclidean_length,0.0001439988624817
healthy_reference,persistence,4,abs_dx,0.0001408937514585
healthy_reference,persistence,4,abs_dy,-0.0003200009987137
healthy_reference,persistence,4,area_mean,7.304681110900101e-05
healthy_reference,persistence,4,area_abs_difference,-0.0003422022780407
healthy_reference,persistence,4,log_area_ratio_abs,0.0008948379830298
healthy_reference,persistence,4,degree_i,0.0005392683871766
healthy_reference,persistence,4,degree_j,0.0001979653746793
healthy_reference,persistence,4,degree_mean,0.004542089753472
healthy_reference,persistence,4,degree_abs_difference,-9.693553577938552e-05
healthy_reference,persistence,4,mechanics_degree_mean,0.0006256878058956
healthy_reference,persistence,4,mechanics_degree_abs_difference,0.0012874097110944
healthy_reference,persistence,4,interface_count,0.0
healthy_reference,persistence,4,interface_length_mean,0.0007313779562295
healthy_reference,persistence,4,curvature_mean,0.0008554607318242
healthy_reference,persistence,4,tension_mean,0.1179520697813133
healthy_reference,persistence,4,delta_pressure_mean,0.1897239445214519
healthy_reference,persistence,4,has_mechanics_interface,0.0
healthy_reference,consolidation_scale,4,euclidean_length,0.0009214351211454
healthy_reference,consolidation_scale,4,abs_dx,-6.683870580111994e-05
healthy_reference,consolidation_scale,4,abs_dy,4.434429895417424e-05
healthy_reference,consolidation_scale,4,area_mean,0.0034045061544402
healthy_reference,consolidation_scale,4,area_abs_difference,1.0885792116671622e-05
healthy_reference,consolidation_scale,4,log_area_ratio_abs,0.0002929717876591
healthy_reference,consolidation_scale,4,degree_i,9.829909284401472e-05
healthy_reference,consolidation_scale,4,degree_j,6.27462501131798e-05
healthy_reference,consolidation_scale,4,degree_mean,0.0001975881224612
healthy_reference,consolidation_scale,4,degree_abs_difference,-1.7370184936449372e-05
healthy_reference,consolidation_scale,4,mechanics_degree_mean,0.0001930281082328
healthy_reference,consolidation_scale,4,mechanics_degree_abs_difference,2.866731571152248e-05
healthy_reference,consolidation_scale,4,interface_count,0.0
healthy_reference,consolidation_scale,4,interface_length_mean,4.559368210164671e-05
healthy_reference,consolidation_scale,4,curvature_mean,8.539931823768332e-05
healthy_reference,consolidation_scale,4,tension_mean,0.0310432270738281
healthy_reference,consolidation_scale,4,delta_pressure_mean,0.0403805193761365
healthy_reference,consolidation_scale,4,has_mechanics_interface,0.0
nondiseased_kidney,persistence,0,euclidean_length,0.0070787232122282
nondiseased_kidney,persistence,0,abs_dx,0.0001166252721798
nondiseased_kidney,persistence,0,abs_dy,0.0002319245257977
nondiseased_kidney,persistence,0,area_mean,0.0918536954817769
nondiseased_kidney,persistence,0,area_abs_difference,0.0002463120623047
nondiseased_kidney,persistence,0,log_area_ratio_abs,0.0590508031743215
nondiseased_kidney,persistence,0,degree_i,0.0002238276425085
nondiseased_kidney,persistence,0,degree_j,-0.0001771859975849
nondiseased_kidney,persistence,0,degree_mean,0.0005146071730256
nondiseased_kidney,persistence,0,degree_abs_difference,6.303496083788218e-05
nondiseased_kidney,persistence,0,mechanics_degree_mean,0.00403668851198
nondiseased_kidney,persistence,0,mechanics_degree_abs_difference,0.0004647069080189
nondiseased_kidney,persistence,0,interface_count,0.0
nondiseased_kidney,persistence,0,interface_length_mean,0.0010470089156233
nondiseased_kidney,persistence,0,curvature_mean,0.0001263120846402
nondiseased_kidney,persistence,0,tension_mean,0.0447274213379603
nondiseased_kidney,persistence,0,delta_pressure_mean,0.027585497706461
nondiseased_kidney,persistence,0,has_mechanics_interface,0.0
nondiseased_kidney,consolidation_scale,0,euclidean_length,-3.2373963270607156e-05
nondiseased_kidney,consolidation_scale,0,abs_dx,4.9180335925494425e-05
nondiseased_kidney,consolidation_scale,0,abs_dy,1.9961453592687307e-05
nondiseased_kidney,consolidation_scale,0,area_mean,0.0247298637384053
nondiseased_kidney,consolidation_scale,0,area_abs_difference,3.29284380708339e-05
nondiseased_kidney,consolidation_scale,0,log_area_ratio_abs,0.000887750450172
nondiseased_kidney,consolidation_scale,0,degree_i,-3.604467604080009e-05
nondiseased_kidney,consolidation_scale,0,degree_j,2.0429438211869156e-05
nondiseased_kidney,consolidation_scale,0,degree_mean,0.0001440946667216
nondiseased_kidney,consolidation_scale,0,degree_abs_difference,1.3125511608716445e-05
nondiseased_kidney,consolidation_scale,0,mechanics_degree_mean,2.1167518144860065e-05
nondiseased_kidney,consolidation_scale,0,mechanics_degree_abs_difference,4.346608756826131e-05
nondiseased_kidney,consolidation_scale,0,interface_count,0.0
nondiseased_kidney,consolidation_scale,0,interface_length_mean,-6.916615933122428e-05
nondiseased_kidney,consolidation_scale,0,curvature_mean,2.410674351092379e-05
nondiseased_kidney,consolidation_scale,0,tension_mean,0.0062610922808866
nondiseased_kidney,consolidation_scale,0,delta_pressure_mean,0.0011653882189353
nondiseased_kidney,consolidation_scale,0,has_mechanics_interface,0.0
nondiseased_kidney,persistence,1,euclidean_length,0.0051920719675719
nondiseased_kidney,persistence,1,abs_dx,0.0001459092289514
nondiseased_kidney,persistence,1,abs_dy,9.141577896489838e-05
nondiseased_kidney,persistence,1,area_mean,0.0790092182581569
nondiseased_kidney,persistence,1,area_abs_difference,0.000410131292436
nondiseased_kidney,persistence,1,log_area_ratio_abs,0.0643739464432337
nondiseased_kidney,persistence,1,degree_i,1.2414393408111125e-05
nondiseased_kidney,persistence,1,degree_j,0.0002884790020122
nondiseased_kidney,persistence,1,degree_mean,0.0004041320647101
nondiseased_kidney,persistence,1,degree_abs_difference,0.0001051010939061
nondiseased_kidney,persistence,1,mechanics_degree_mean,0.0030865488799077
nondiseased_kidney,persistence,1,mechanics_degree_abs_difference,0.0006817637447972
nondiseased_kidney,persistence,1,interface_count,0.0
nondiseased_kidney,persistence,1,interface_length_mean,0.0016169136521832
nondiseased_kidney,persistence,1,curvature_mean,0.0002356596624591
nondiseased_kidney,persistence,1,tension_mean,0.0510133257915583
nondiseased_kidney,persistence,1,delta_pressure_mean,0.0293492953463873
nondiseased_kidney,persistence,1,has_mechanics_interface,0.0
nondiseased_kidney,consolidation_scale,1,euclidean_length,9.835028728297224e-05
nondiseased_kidney,consolidation_scale,1,abs_dx,6.976984087231353e-05
nondiseased_kidney,consolidation_scale,1,abs_dy,5.876067465966084e-05
nondiseased_kidney,consolidation_scale,1,area_mean,0.0255789801222554
nondiseased_kidney,consolidation_scale,1,area_abs_difference,9.760320504688393e-05
nondiseased_kidney,consolidation_scale,1,log_area_ratio_abs,0.0012560876401379
nondiseased_kidney,consolidation_scale,1,degree_i,2.323161878602098e-05
nondiseased_kidney,consolidation_scale,1,degree_j,4.928418370665766e-05
nondiseased_kidney,consolidation_scale,1,degree_mean,0.0003255475104597
nondiseased_kidney,consolidation_scale,1,degree_abs_difference,-5.2569090235432546e-06
nondiseased_kidney,consolidation_scale,1,mechanics_degree_mean,-3.459442218445297e-06
nondiseased_kidney,consolidation_scale,1,mechanics_degree_abs_difference,3.905972123706691e-05
nondiseased_kidney,consolidation_scale,1,interface_count,0.0
nondiseased_kidney,consolidation_scale,1,interface_length_mean,0.0001552797969324
nondiseased_kidney,consolidation_scale,1,curvature_mean,7.477153019057881e-05
nondiseased_kidney,consolidation_scale,1,tension_mean,0.0064531162152598
nondiseased_kidney,consolidation_scale,1,delta_pressure_mean,0.002254788085561
nondiseased_kidney,consolidation_scale,1,has_mechanics_interface,0.0
nondiseased_kidney,persistence,2,euclidean_length,0.0063337680562878
nondiseased_kidney,persistence,2,abs_dx,0.0002531717464588
nondiseased_kidney,persistence,2,abs_dy,0.0004999542998331
nondiseased_kidney,persistence,2,area_mean,0.0783765427513113
nondiseased_kidney,persistence,2,area_abs_difference,0.0005734450128679
nondiseased_kidney,persistence,2,log_area_ratio_abs,0.0621666985500646
nondiseased_kidney,persistence,2,degree_i,0.0002057468446107
nondiseased_kidney,persistence,2,degree_j,0.0002087002615684
nondiseased_kidney,persistence,2,degree_mean,0.0010456262381023
nondiseased_kidney,persistence,2,degree_abs_difference,0.000121185008819
nondiseased_kidney,persistence,2,mechanics_degree_mean,0.0019266412120798
nondiseased_kidney,persistence,2,mechanics_degree_abs_difference,0.0005210794120625
nondiseased_kidney,persistence,2,interface_count,0.0
nondiseased_kidney,persistence,2,interface_length_mean,0.0013869485914582
nondiseased_kidney,persistence,2,curvature_mean,0.0001701866089199
nondiseased_kidney,persistence,2,tension_mean,0.047393765953268
nondiseased_kidney,persistence,2,delta_pressure_mean,0.0257016130147274
nondiseased_kidney,persistence,2,has_mechanics_interface,0.0
nondiseased_kidney,consolidation_scale,2,euclidean_length,5.395480379946638e-05
nondiseased_kidney,consolidation_scale,2,abs_dx,1.3852946108058871e-05
nondiseased_kidney,consolidation_scale,2,abs_dy,8.243096332070376e-05
nondiseased_kidney,consolidation_scale,2,area_mean,0.0256496559409268
nondiseased_kidney,consolidation_scale,2,area_abs_difference,3.601749941886112e-05
nondiseased_kidney,consolidation_scale,2,log_area_ratio_abs,0.0012811415057871
nondiseased_kidney,consolidation_scale,2,degree_i,-1.0121439156202116e-05
nondiseased_kidney,consolidation_scale,2,degree_j,1.5433054669114487e-05
nondiseased_kidney,consolidation_scale,2,degree_mean,0.0002849748211319
nondiseased_kidney,consolidation_scale,2,degree_abs_difference,4.632865948592246e-06
nondiseased_kidney,consolidation_scale,2,mechanics_degree_mean,0.0001019316772219
nondiseased_kidney,consolidation_scale,2,mechanics_degree_abs_difference,3.429933830316756e-05
nondiseased_kidney,consolidation_scale,2,interface_count,0.0
nondiseased_kidney,consolidation_scale,2,interface_length_mean,0.0002664607721034
nondiseased_kidney,consolidation_scale,2,curvature_mean,3.76822308667979e-05
nondiseased_kidney,consolidation_scale,2,tension_mean,0.0083447075150704
nondiseased_kidney,consolidation_scale,2,delta_pressure_mean,0.0030608887895256
nondiseased_kidney,consolidation_scale,2,has_mechanics_interface,0.0
nondiseased_kidney,persistence,3,euclidean_length,0.0084468288730126
nondiseased_kidney,persistence,3,abs_dx,0.0002957382219679
nondiseased_kidney,persistence,3,abs_dy,0.0002044168421548
nondiseased_kidney,persistence,3,area_mean,0.0874692377005331
nondiseased_kidney,persistence,3,area_abs_difference,2.1215402855601084e-06
nondiseased_kidney,persistence,3,log_area_ratio_abs,0.0681205969491745
nondiseased_kidney,persistence,3,degree_i,2.1832890915307603e-05
nondiseased_kidney,persistence,3,degree_j,0.0001365067481611
nondiseased_kidney,persistence,3,degree_mean,0.0017817246231222
nondiseased_kidney,persistence,3,degree_abs_difference,0.0001241578191737
nondiseased_kidney,persistence,3,mechanics_degree_mean,0.0005057526793717
nondiseased_kidney,persistence,3,mechanics_degree_abs_difference,0.0001678260975868
nondiseased_kidney,persistence,3,interface_count,0.0
nondiseased_kidney,persistence,3,interface_length_mean,0.0010746192404546
nondiseased_kidney,persistence,3,curvature_mean,6.430863511193152e-05
nondiseased_kidney,persistence,3,tension_mean,0.0546677235865245
nondiseased_kidney,persistence,3,delta_pressure_mean,0.0292759491194388
nondiseased_kidney,persistence,3,has_mechanics_interface,0.0
nondiseased_kidney,consolidation_scale,3,euclidean_length,9.103070305674088e-05
nondiseased_kidney,consolidation_scale,3,abs_dx,8.7862558225682e-06
nondiseased_kidney,consolidation_scale,3,abs_dy,8.847627145386338e-06
nondiseased_kidney,consolidation_scale,3,area_mean,0.0257498952472524
nondiseased_kidney,consolidation_scale,3,area_abs_difference,2.9955083931612613e-05
nondiseased_kidney,consolidation_scale,3,log_area_ratio_abs,0.0009737208979237
nondiseased_kidney,consolidation_scale,3,degree_i,2.1544294838721225e-06
nondiseased_kidney,consolidation_scale,3,degree_j,-2.618789700596369e-05
nondiseased_kidney,consolidation_scale,3,degree_mean,0.0001283620438705
nondiseased_kidney,consolidation_scale,3,degree_abs_difference,3.087390183767469e-06
nondiseased_kidney,consolidation_scale,3,mechanics_degree_mean,-1.0443539078691666e-05
nondiseased_kidney,consolidation_scale,3,mechanics_degree_abs_difference,5.450777403515905e-05
nondiseased_kidney,consolidation_scale,3,interface_count,0.0
nondiseased_kidney,consolidation_scale,3,interface_length_mean,0.0001109779552545
nondiseased_kidney,consolidation_scale,3,curvature_mean,3.772602564134364e-05
nondiseased_kidney,consolidation_scale,3,tension_mean,0.0044823095616702
nondiseased_kidney,consolidation_scale,3,delta_pressure_mean,0.0024158250446345
nondiseased_kidney,consolidation_scale,3,has_mechanics_interface,0.0
nondiseased_kidney,persistence,4,euclidean_length,0.0075341517158082
nondiseased_kidney,persistence,4,abs_dx,0.0002490243966649
nondiseased_kidney,persistence,4,abs_dy,5.362565767244032e-05
nondiseased_kidney,persistence,4,area_mean,0.0838812734860939
nondiseased_kidney,persistence,4,area_abs_difference,-5.974171053499955e-05
nondiseased_kidney,persistence,4,log_area_ratio_abs,0.0670681709167124
nondiseased_kidney,persistence,4,degree_i,3.5379845918281915e-06
nondiseased_kidney,persistence,4,degree_j,-8.725208026651998e-05
nondiseased_kidney,persistence,4,degree_mean,0.0007978951569489
nondiseased_kidney,persistence,4,degree_abs_difference,0.0002035392683937
nondiseased_kidney,persistence,4,mechanics_degree_mean,0.0011304840850861
nondiseased_kidney,persistence,4,mechanics_degree_abs_difference,0.0002100435245864
nondiseased_kidney,persistence,4,interface_count,0.0
nondiseased_kidney,persistence,4,interface_length_mean,0.0007244116610715
nondiseased_kidney,persistence,4,curvature_mean,-1.8168222132342037e-05
nondiseased_kidney,persistence,4,tension_mean,0.0315255031785773
nondiseased_kidney,persistence,4,delta_pressure_mean,0.0173311337526753
nondiseased_kidney,persistence,4,has_mechanics_interface,0.0
nondiseased_kidney,consolidation_scale,4,euclidean_length,0.0001479524486492
nondiseased_kidney,consolidation_scale,4,abs_dx,9.71143771358124e-05
nondiseased_kidney,consolidation_scale,4,abs_dy,7.395982008949198e-05
nondiseased_kidney,consolidation_scale,4,area_mean,0.0299503896296273
nondiseased_kidney,consolidation_scale,4,area_abs_difference,2.207537571333462e-05
nondiseased_kidney,consolidation_scale,4,log_area_ratio_abs,0.0009845525120426
nondiseased_kidney,consolidation_scale,4,degree_i,1.714707340544075e-05
nondiseased_kidney,consolidation_scale,4,degree_j,6.440316777503452e-06
nondiseased_kidney,consolidation_scale,4,degree_mean,0.0002783919439168
nondiseased_kidney,consolidation_scale,4,degree_abs_difference,2.1755116494631686e-06
nondiseased_kidney,consolidation_scale,4,mechanics_degree_mean,4.7687529930887095e-05
nondiseased_kidney,consolidation_scale,4,mechanics_degree_abs_difference,3.8450238647178e-05
nondiseased_kidney,consolidation_scale,4,interface_count,0.0
nondiseased_kidney,consolidation_scale,4,interface_length_mean,0.0002684111299913
nondiseased_kidney,consolidation_scale,4,curvature_mean,-2.2483431209474604e-06
nondiseased_kidney,consolidation_scale,4,tension_mean,0.0069172975915464
nondiseased_kidney,consolidation_scale,4,delta_pressure_mean,0.0030446848072492
nondiseased_kidney,consolidation_scale,4,has_mechanics_interface,0.0
