u,phi,delta_phi,microstep
0.0,4.0973531098910105e-05,0.0,-1
0.00040973531098910105,8.194706219782021e-05,4.0973531098910105e-05,0
0.0008194706219782021,0.00012292059329673032,4.0973531098910105e-05,1
0.0012292059329673032,0.00016389412439564042,4.0973531098910105e-05,2
0.0016389412439564042,0.00020486765549455053,4.0973531098910105e-05,3
0.002048676554945505,0.00020486765549455053,0.0,4
0.0024584118659346063,0.00020486765549455053,0.0,5
0.002868147176923707,0.00020486765549455053,0.0,6
0.0032778824879128084,0.00020486765549455053,0.0,7
0.0036876177989019093,0.00020486765549455053,0.0,8
0.00409735310989101,0.00024584118659346063,4.0973531098910105e-05,9
0.004507088420880111,0.00028681471769237074,4.0973531098910105e-05,10
0.004916823731869213,0.00032778824879128084,4.0973531098910105e-05,11
0.005326559042858314,0.00032778824879128084,0.0,12
0.005736294353847414,0.00032778824879128084,0.0,13
0.006146029664836516,0.00032778824879128084,0.0,14
0.006555764975825617,0.00036876177989019095,4.0973531098910105e-05,15
0.006965500286814717,0.00036876177989019095,0.0,16
0.0073752355978038186,0.00036876177989019095,0.0,17
0.00778497090879292,0.00040973531098910105,4.0973531098910105e-05,18
0.00819470621978202,0.00045070884208801116,4.0973531098910105e-05,19
0.008604441530771122,0.0004916823731869213,4.0973531098910105e-05,20
0.009014176841760223,0.0005326559042858314,4.0973531098910105e-05,21
0.009423912152749323,0.0005736294353847415,4.0973531098910105e-05,22
0.009833647463738425,0.0006146029664836516,4.0973531098910105e-05,23
0.010243382774727526,0.0006146029664836516,0.0,24
0.010653118085716628,0.0006146029664836516,0.0,25
0.011062853396705728,0.0006146029664836516,0.0,26
0.011472588707694829,0.0006965500286814718,8.194706219782021e-05,27
0.01188232401868393,0.0007375235597803819,4.0973531098910105e-05,28
0.012292059329673031,0.0007375235597803819,0.0,29
0.012701794640662132,0.0007375235597803819,0.0,30
0.013111529951651234,0.0007375235597803819,0.0,31
0.013521265262640334,0.0007375235597803819,0.0,32
0.013931000573629435,0.0008194706219782021,8.194706219782021e-05,33
0.014340735884618537,0.0008194706219782021,0.0,34
0.014750471195607637,0.0008194706219782021,0.0,35
0.01516020650659674,0.0008194706219782021,0.0,36
0.01556994181758584,0.0008194706219782021,0.0,37
0.01597967712857494,0.0008194706219782021,0.0,38
0.01638941243956404,0.0008194706219782021,0.0,39
0.016799147750553144,0.0008604441530771122,4.0973531098910105e-05,40
0.017208883061542245,0.0009014176841760223,4.0973531098910105e-05,41
0.017618618372531345,0.0009833647463738425,8.194706219782021e-05,42
0.018028353683520446,0.0009833647463738425,0.0,43
0.018438088994509546,0.0009833647463738425,0.0,44
0.018847824305498646,0.0009833647463738425,0.0,45
0.01925755961648775,0.0009833647463738425,0.0,46
0.01966729492747685,0.0009833647463738425,0.0,47
0.02007703023846595,0.0009833647463738425,0.0,48
0.02048676554945505,0.0009833647463738425,0.0,49
0.020896500860444152,0.0009833647463738425,0.0,50
0.021306236171433256,0.0009833647463738425,0.0,51
0.021715971482422356,0.0009833647463738425,0.0,52
0.022125706793411457,0.0009833647463738425,0.0,53
0.022535442104400557,0.0009833647463738425,0.0,54
0.022945177415389657,0.0009833647463738425,0.0,55
0.023354912726378758,0.0009833647463738425,0.0,56
0.02376464803736786,0.0009833647463738425,0.0,57
0.024174383348356962,0.0009833647463738425,0.0,58
0.024584118659346062,0.0009833647463738425,0.0,59
0.024993853970335163,0.0009833647463738425,0.0,60
0.025403589281324263,0.0009833647463738425,0.0,61
0.025813324592313367,0.0009833647463738425,0.0,62
0.026223059903302467,0.0009833647463738425,0.0,63
0.026632795214291568,0.0009833647463738425,0.0,64
0.02704253052528067,0.0009833647463738425,0.0,65
0.02745226583626977,0.0009833647463738425,0.0,66
0.02786200114725887,0.0009833647463738425,0.0,67
0.028271736458247973,0.0009833647463738425,0.0,68
0.028681471769237073,0.0009833647463738425,0.0,69
0.029091207080226174,0.0012292059329673032,0.00024584118659346063,70
0.029500942391215274,0.0013111529951651234,8.194706219782021e-05,71
0.029910677702204375,0.0013521265262640334,4.097353109891e-05,72
0.03032041301319348,0.0013931000573629436,4.0973531098910214e-05,73
0.03073014832418258,0.0014340735884618536,4.097353109891e-05,74
0.03113988363517168,0.0014750471195607638,4.0973531098910214e-05,75
0.03154961894616078,0.0015160206506596738,4.097353109891e-05,76
0.03195935425714988,0.001556994181758584,4.0973531098910214e-05,77
0.032369089568138984,0.001597967712857494,4.097353109891e-05,78
0.03277882487912808,0.0016389412439564042,4.0973531098910214e-05,79
0.033188560190117185,0.0016799147750553142,4.097353109891e-05,80
0.03359829550110629,0.0017208883061542244,4.0973531098910214e-05,81
0.034008030812095386,0.0018438088994509546,0.0001229205932967302,82
0.03441776612308449,0.0018438088994509546,0.0,83
0.034827501434073586,0.0018438088994509546,0.0,84
0.03523723674506269,0.0018438088994509546,0.0,85
0.03564697205605179,0.0018438088994509546,0.0,86
0.03605670736704089,0.0018438088994509546,0.0,87
0.036466442678029995,0.0018438088994509546,0.0,88
0.03687617798901909,0.0018438088994509546,0.0,89
0.037285913300008196,0.0018438088994509546,0.0,90
0.03769564861099729,0.0018438088994509546,0.0,91
0.0381053839219864,0.0018438088994509546,0.0,92
0.0385151192329755,0.0018438088994509546,0.0,93
0.0389248545439646,0.0018438088994509546,0.0,94
0.0393345898549537,0.0018438088994509546,0.0,95
0.0397443251659428,0.0018438088994509546,0.0,96
0.0401540604769319,0.0018438088994509546,0.0,97
0.040563795787921006,0.0018438088994509546,0.0,98
0.0409735310989101,0.0018438088994509546,0.0,99
0.04138326640989921,0.0018438088994509546,0.0,100
0.041793001720888304,0.0018438088994509546,0.0,101
0.04220273703187741,0.0018438088994509546,0.0,102
0.04261247234286651,0.0018438088994509546,0.0,103
0.04302220765385561,0.0018438088994509546,0.0,104
0.04343194296484471,0.0018438088994509546,0.0,105
0.04384167827583381,0.0018438088994509546,0.0,106
0.04425141358682291,0.0018438088994509546,0.0,107
0.04466114889781201,0.0018438088994509546,0.0,108
0.045070884208801114,0.0018438088994509546,0.0,109
0.04548061951979022,0.0018438088994509546,0.0,110
0.045890354830779315,0.0018438088994509546,0.0,111
0.04630009014176842,0.0018438088994509546,0.0,112
0.046709825452757515,0.0018438088994509546,0.0,113
0.04711956076374662,0.0018438088994509546,0.0,114
0.04752929607473572,0.0018438088994509546,0.0,115
0.04793903138572482,0.0018438088994509546,0.0,116
0.048348766696713924,0.0018847824305498649,4.0973531098910214e-05,117
0.04875850200770302,0.0019257559616487748,4.097353109891e-05,118
0.049168237318692125,0.001966729492747685,4.0973531098910214e-05,119
0.04957797262968123,0.0020077030238465953,4.0973531098910214e-05,120
0.049987707940670326,0.002048676554945505,4.097353109890978e-05,121
0.05039744325165943,0.0020896500860444153,4.0973531098910214e-05,122
0.050807178562648526,0.0021306236171433255,4.0973531098910214e-05,123
0.05121691387363763,0.0021306236171433255,0.0,124
0.051626649184626734,0.0021306236171433255,0.0,125
0.05203638449561583,0.0021306236171433255,0.0,126
0.052446119806604935,0.0021306236171433255,0.0,127
0.05285585511759403,0.0021306236171433255,0.0,128
0.053265590428583136,0.0021306236171433255,0.0,129
0.05367532573957224,0.0021306236171433255,0.0,130
0.05408506105056134,0.0021715971482422357,4.0973531098910214e-05,131
0.05449479636155044,0.0021715971482422357,0.0,132
0.05490453167253954,0.0021715971482422357,0.0,133
0.05531426698352864,0.0022125706793411455,4.097353109890978e-05,134
0.05572400229451774,0.0022125706793411455,0.0,135
0.05613373760550684,0.0022125706793411455,0.0,136
0.056543472916495946,0.0022125706793411455,0.0,137
0.05695320822748504,0.0022125706793411455,0.0,138
0.05736294353847415,0.0022125706793411455,0.0,139
0.057772678849463244,0.0022125706793411455,0.0,140
0.05818241416045235,0.0022125706793411455,0.0,141
0.05859214947144145,0.0022125706793411455,0.0,142
0.05900188478243055,0.0022125706793411455,0.0,143
0.05941162009341965,0.0025403589281324263,0.00032778824879128084,144
0.05982135540440875,0.0025813324592313365,4.0973531098910214e-05,145
0.06023109071539785,0.0026223059903302467,4.0973531098910214e-05,146
0.06064082602638696,0.002663279521429157,4.0973531098910214e-05,147
0.061050561337376054,0.0027042530525280667,4.097353109890978e-05,148
0.06146029664836516,0.002745226583626977,4.0973531098910214e-05,149
0.061870031959354255,0.002786200114725887,4.0973531098910214e-05,150
0.06227976727034336,0.002786200114725887,0.0,151
0.06268950258133246,0.002786200114725887,0.0,152
0.06309923789232157,0.002786200114725887,0.0,153
0.06350897320331066,0.002786200114725887,0.0,154
0.06391870851429976,0.002786200114725887,0.0,155
0.06432844382528886,0.002786200114725887,0.0,156
0.06473817913627797,0.002786200114725887,0.0,157
0.06514791444726707,0.002786200114725887,0.0,158
0.06555764975825616,0.002786200114725887,0.0,159
0.06596738506924527,0.0028271736458247974,4.0973531098910214e-05,160
0.06637712038023437,0.002868147176923707,4.097353109890978e-05,161
0.06678685569122347,0.0029091207080226174,4.0973531098910214e-05,162
0.06719659100221258,0.0029500942391215276,4.0973531098910214e-05,163
0.06760632631320167,0.002991067770220438,4.0973531098910214e-05,164
0.06801606162419077,0.0036876177989019093,0.0006965500286814715,165
0.06842579693517988,0.0037285913300008195,4.0973531098910214e-05,166
0.06883553224616898,0.0037285913300008195,0.0,167
0.06924526755715808,0.0037285913300008195,0.0,168
0.06965500286814717,0.0037285913300008195,0.0,169
0.07006473817913628,0.0037285913300008195,0.0,170
0.07047447349012538,0.0037285913300008195,0.0,171
0.07088420880111448,0.0037285913300008195,0.0,172
0.07129394411210357,0.0037285913300008195,0.0,173
0.07170367942309268,0.0037285913300008195,0.0,174
0.07211341473408178,0.0037285913300008195,0.0,175
0.07252315004507089,0.0037285913300008195,0.0,176
0.07293288535605999,0.0037285913300008195,0.0,177
0.07334262066704908,0.0037285913300008195,0.0,178
0.07375235597803818,0.0037285913300008195,0.0,179
0.07416209128902729,0.0037285913300008195,0.0,180
0.07457182660001639,0.0037285913300008195,0.0,181
0.0749815619110055,0.0037285913300008195,0.0,182
0.07539129722199459,0.0037285913300008195,0.0,183
0.07580103253298369,0.0037285913300008195,0.0,184
0.0762107678439728,0.0037285913300008195,0.0,185
0.0766205031549619,0.0037285913300008195,0.0,186
0.077030238465951,0.0037285913300008195,0.0,187
0.07743997377694009,0.0037285913300008195,0.0,188
0.0778497090879292,0.0037285913300008195,0.0,189
0.0782594443989183,0.0037285913300008195,0.0,190
0.07862820617880849,0.0037285913300008195,0.0,191
0.07899696795869868,0.0037285913300008195,0.0,192
0.07936572973858887,0.0037285913300008195,0.0,193
0.07973449151847906,0.0037285913300008195,0.0,194
0.08010325329836926,0.0037285913300008195,0.0,195
0.08047201507825945,0.0037285913300008195,0.0,196
0.08084077685814964,0.0037285913300008195,0.0,197
0.08120953863803983,0.0037285913300008195,0.0,198
0.08157830041793002,0.0037285913300008195,0.0,199
0.0819470621978202,0.0037285913300008195,0.0,200
0.0823158239777104,0.0037285913300008195,0.0,201
0.08268458575760058,0.0037285913300008195,0.0,202
0.08305334753749079,0.0037285913300008195,0.0,203
0.08342210931738098,0.0037285913300008195,0.0,204
0.08379087109727117,0.0037285913300008195,0.0,205
0.08415963287716136,0.0037285913300008195,0.0,206
0.08452839465705154,0.0037285913300008195,0.0,207
0.08489715643694173,0.0037285913300008195,0.0,208
0.08526591821683192,0.0037285913300008195,0.0,209
0.08563467999672211,0.0037285913300008195,0.0,210
0.0860034417766123,0.0037285913300008195,0.0,211
0.0863722035565025,0.0037285913300008195,0.0,212
0.0867409653363927,0.0037285913300008195,0.0,213
0.08710972711628288,0.0037285913300008195,0.0,214
0.08747848889617307,0.0037285913300008195,0.0,215
0.08784725067606326,0.0037285913300008195,0.0,216
0.08821601245595345,0.0037285913300008195,0.0,217
0.08858477423584364,0.0037285913300008195,0.0,218
0.08895353601573383,0.0037285913300008195,0.0,219
0.08932229779562402,0.0037285913300008195,0.0,220
0.08969105957551422,0.0037285913300008195,0.0,221
0.09005982135540441,0.0037285913300008195,0.0,222
0.0904285831352946,0.0037285913300008195,0.0,223
0.09079734491518479,0.0037285913300008195,0.0,224
0.09116610669507498,0.0037285913300008195,0.0,225
0.09153486847496517,0.0037285913300008195,0.0,226
0.09190363025485536,0.0037285913300008195,0.0,227
0.09227239203474555,0.0037285913300008195,0.0,228
0.09264115381463575,0.0037285913300008195,0.0,229
0.09300991559452594,0.0037285913300008195,0.0,230
0.09337867737441613,0.0037285913300008195,0.0,231
0.09374743915430632,0.0037285913300008195,0.0,232
0.09411620093419651,0.0037285913300008195,0.0,233
0.0944849627140867,0.0037285913300008195,0.0,234
0.09485372449397689,0.0037285913300008195,0.0,235
0.09522248627386708,0.0037285913300008195,0.0,236
0.09559124805375727,0.0037285913300008195,0.0,237
0.09596000983364747,0.0037285913300008195,0.0,238
0.09632877161353766,0.0037285913300008195,0.0,239
0.09669753339342785,0.0037285913300008195,0.0,240
0.09706629517331804,0.0037285913300008195,0.0,241
0.09743505695320823,0.0037285913300008195,0.0,242
0.09780381873309842,0.0037285913300008195,0.0,243
0.0981725805129886,0.0037285913300008195,0.0,244
0.0985413422928788,0.0037285913300008195,0.0,245
0.098910104072769,0.0037285913300008195,0.0,246
0.09927886585265919,0.0037285913300008195,0.0,247
0.09964762763254938,0.0037285913300008195,0.0,248
0.10001638941243957,0.0037285913300008195,0.0,249
0.10038515119232976,0.0037285913300008195,0.0,250
0.10075391297221994,0.0037285913300008195,0.0,251
0.10112267475211013,0.0037285913300008195,0.0,252
0.10149143653200032,0.0037285913300008195,0.0,253
0.10186019831189051,0.0037285913300008195,0.0,254
0.10222896009178072,0.0037285913300008195,0.0,255
0.1025977218716709,0.0037285913300008195,0.0,256
0.1029664836515611,0.0037285913300008195,0.0,257
0.10333524543145128,0.0037285913300008195,0.0,258
0.10370400721134147,0.0037285913300008195,0.0,259
0.10407276899123166,0.0037285913300008195,0.0,260
0.10444153077112185,0.0037285913300008195,0.0,261
0.10481029255101204,0.0037285913300008195,0.0,262
0.10517905433090223,0.0037285913300008195,0.0,263
0.10554781611079243,0.0037285913300008195,0.0,264
0.10591657789068262,0.0037285913300008195,0.0,265
0.10628533967057281,0.0037285913300008195,0.0,266
0.106654101450463,0.0037285913300008195,0.0,267
0.10702286323035319,0.0037285913300008195,0.0,268
0.10739162501024338,0.0037285913300008195,0.0,269
0.10776038679013357,0.0037285913300008195,0.0,270
0.10812914857002376,0.0037285913300008195,0.0,271
0.10849791034991396,0.0037285913300008195,0.0,272
0.10886667212980415,0.0037285913300008195,0.0,273
0.10923543390969434,0.0037285913300008195,0.0,274
0.10960419568958453,0.0037285913300008195,0.0,275
0.10997295746947472,0.0037285913300008195,0.0,276
0.11034171924936491,0.0037285913300008195,0.0,277
0.1107104810292551,0.0037285913300008195,0.0,278
0.11107924280914529,0.0037285913300008195,0.0,279
0.11144800458903548,0.0037285913300008195,0.0,280
0.11181676636892568,0.0037285913300008195,0.0,281
0.11218552814881587,0.0037285913300008195,0.0,282
0.11255428992870606,0.0037285913300008195,0.0,283
0.11292305170859625,0.0037695648610997297,4.0973531098910214e-05,284
0.11329181348848644,0.0037695648610997297,0.0,285
0.11366057526837663,0.0037695648610997297,0.0,286
0.11402933704826682,0.0037695648610997297,0.0,287
0.114398098828157,0.0037695648610997297,0.0,288
0.11476686060804721,0.0037695648610997297,0.0,289
0.1151356223879374,0.0037695648610997297,0.0,290
0.11550438416782759,0.0037695648610997297,0.0,291
0.11587314594771778,0.0037695648610997297,0.0,292
0.11624190772760797,0.0037695648610997297,0.0,293
0.11661066950749815,0.0037695648610997297,0.0,294
0.11697943128738834,0.0037695648610997297,0.0,295
0.11734819306727853,0.0037695648610997297,0.0,296
0.11771695484716872,0.0037695648610997297,0.0,297
0.11808571662705893,0.0037695648610997297,0.0,298
0.11845447840694912,0.0037695648610997297,0.0,299
0.1188232401868393,0.0037695648610997297,0.0,300
0.1191920019667295,0.0037695648610997297,0.0,301
0.11956076374661968,0.0037695648610997297,0.0,302
0.11992952552650987,0.0037695648610997297,0.0,303
0.12029828730640006,0.0037695648610997297,0.0,304
0.12066704908629025,0.0037695648610997297,0.0,305
0.12103581086618044,0.0037695648610997297,0.0,306
0.12140457264607064,0.0037695648610997297,0.0,307
0.12177333442596083,0.0037695648610997297,0.0,308
0.12214209620585102,0.0037695648610997297,0.0,309
0.12251085798574121,0.0037695648610997297,0.0,310
0.1228796197656314,0.0037695648610997297,0.0,311
0.12324838154552159,0.0037695648610997297,0.0,312
0.12361714332541178,0.0037695648610997297,0.0,313
0.12398590510530197,0.0037695648610997297,0.0,314
0.12435466688519217,0.0037695648610997297,0.0,315
0.12472342866508236,0.0037695648610997297,0.0,316
0.12509219044497255,0.0037695648610997297,0.0,317
0.12546095222486273,0.0037695648610997297,0.0,318
0.12582971400475293,0.0037695648610997297,0.0,319
0.12619847578464313,0.0037695648610997297,0.0,320
0.1265672375645333,0.0037695648610997297,0.0,321
0.1269359993444235,0.0037695648610997297,0.0,322
0.1273047611243137,0.0037695648610997297,0.0,323
0.1276735229042039,0.0037695648610997297,0.0,324
0.12804228468409407,0.0037695648610997297,0.0,325
0.12841104646398427,0.0037695648610997297,0.0,326
0.12877980824387444,0.0037695648610997297,0.0,327
0.12914857002376465,0.0037695648610997297,0.0,328
0.12951733180365485,0.0038105383921986395,4.097353109890978e-05,329
0.12988609358354503,0.0038105383921986395,0.0,330
0.13025485536343523,0.0038105383921986395,0.0,331
0.1306236171433254,0.0038105383921986395,0.0,332
0.1309923789232156,0.0038105383921986395,0.0,333
0.13136114070310578,0.0038105383921986395,0.0,334
0.131729902482996,0.0038105383921986395,0.0,335
0.13209866426288616,0.0038105383921986395,0.0,336
0.13246742604277637,0.0038105383921986395,0.0,337
0.13283618782266657,0.0038105383921986395,0.0,338
0.13320494960255674,0.0038105383921986395,0.0,339
0.13357371138244695,0.0038105383921986395,0.0,340
0.13394247316233712,0.0038105383921986395,0.0,341
0.13431123494222733,0.0038105383921986395,0.0,342
0.1346799967221175,0.0038105383921986395,0.0,343
0.1350487585020077,0.0038105383921986395,0.0,344
0.1354175202818979,0.0038105383921986395,0.0,345
0.13578628206178808,0.0038515119232975497,4.0973531098910214e-05,346
0.13615504384167829,0.0038515119232975497,0.0,347
0.13652380562156846,0.0038515119232975497,0.0,348
0.13689256740145866,0.0038515119232975497,0.0,349
0.13726132918134884,0.0038515119232975497,0.0,350
0.13763009096123904,0.0038515119232975497,0.0,351
0.13799885274112922,0.0038515119232975497,0.0,352
0.13836761452101942,0.0038515119232975497,0.0,353
0.13873637630090963,0.0038515119232975497,0.0,354
0.1391051380807998,0.0038515119232975497,0.0,355
0.13947389986069,0.0038515119232975497,0.0,356
0.13984266164058018,0.0038515119232975497,0.0,357
0.14021142342047038,0.0038515119232975497,0.0,358
0.14058018520036056,0.0038515119232975497,0.0,359
0.14094894698025076,0.0038515119232975497,0.0,360
0.14131770876014094,0.0038515119232975497,0.0,361
0.14168647054003114,0.0038515119232975497,0.0,362
0.14205523231992134,0.0038515119232975497,0.0,363
0.14242399409981152,0.0038515119232975497,0.0,364
0.14279275587970172,0.0038515119232975497,0.0,365
0.1431615176595919,0.0038515119232975497,0.0,366
0.1435302794394821,0.0038515119232975497,0.0,367
0.14389904121937228,0.0038515119232975497,0.0,368
0.14426780299926248,0.0038515119232975497,0.0,369
0.14463656477915265,0.0038515119232975497,0.0,370
0.14500532655904286,0.0038515119232975497,0.0,371
0.14537408833893306,0.0038515119232975497,0.0,372
0.14574285011882324,0.0038515119232975497,0.0,373
0.14611161189871344,0.0038515119232975497,0.0,374
0.14648037367860361,0.0038515119232975497,0.0,375
0.14684913545849382,0.0038515119232975497,0.0,376
0.147217897238384,0.0038515119232975497,0.0,377
0.1475866590182742,0.0038515119232975497,0.0,378
0.14795542079816437,0.0038515119232975497,0.0,379
0.14832418257805458,0.0038515119232975497,0.0,380
0.14869294435794478,0.0038515119232975497,0.0,381
0.14906170613783495,0.0038515119232975497,0.0,382
0.14943046791772516,0.0038515119232975497,0.0,383
0.14979922969761533,0.0038515119232975497,0.0,384
0.15016799147750554,0.0038515119232975497,0.0,385
0.1505367532573957,0.0038515119232975497,0.0,386
0.15090551503728591,0.0038515119232975497,0.0,387
0.15127427681717612,0.0038515119232975497,0.0,388
0.1516430385970663,0.0038515119232975497,0.0,389
0.1520118003769565,0.0038515119232975497,0.0,390
0.15238056215684667,0.0038515119232975497,0.0,391
0.15274932393673687,0.0038515119232975497,0.0,392
0.15311808571662705,0.0038515119232975497,0.0,393
0.15348684749651725,0.0038515119232975497,0.0,394
0.15385560927640743,0.0038515119232975497,0.0,395
0.15422437105629763,0.0038515119232975497,0.0,396
0.15459313283618784,0.0038515119232975497,0.0,397
0.154961894616078,0.0038515119232975497,0.0,398
0.15533065639596821,0.0038515119232975497,0.0,399
0.1556994181758584,0.0038515119232975497,0.0,400
0.1560681799557486,0.0038515119232975497,0.0,401
0.15643694173563877,0.0038515119232975497,0.0,402
0.15680570351552897,0.0038515119232975497,0.0,403
0.15717446529541915,0.0038515119232975497,0.0,404
0.15754322707530935,0.0038515119232975497,0.0,405
0.15791198885519955,0.0038515119232975497,0.0,406
0.15828075063508973,0.0038515119232975497,0.0,407
0.15864951241497993,0.0038515119232975497,0.0,408
0.1590182741948701,0.0038515119232975497,0.0,409
0.1593870359747603,0.0038515119232975497,0.0,410
0.15975579775465049,0.0038515119232975497,0.0,411
0.1601245595345407,0.0038515119232975497,0.0,412
0.16049332131443086,0.0038515119232975497,0.0,413
0.16086208309432107,0.0038515119232975497,0.0,414
0.16123084487421127,0.0038515119232975497,0.0,415
0.16159960665410145,0.0038515119232975497,0.0,416
0.16196836843399165,0.0038515119232975497,0.0,417
0.16233713021388183,0.0038515119232975497,0.0,418
0.16270589199377203,0.0038515119232975497,0.0,419
0.1630746537736622,0.0038515119232975497,0.0,420
0.1634434155535524,0.0038515119232975497,0.0,421
0.16381217733344258,0.0038515119232975497,0.0,422
0.16418093911333279,0.0038515119232975497,0.0,423
0.164549700893223,0.0038515119232975497,0.0,424
0.16491846267311316,0.0038515119232975497,0.0,425
0.16528722445300337,0.0038515119232975497,0.0,426
0.16565598623289354,0.0038515119232975497,0.0,427
0.16602474801278375,0.0038515119232975497,0.0,428
0.16639350979267392,0.0038515119232975497,0.0,429
0.16676227157256412,0.0038515119232975497,0.0,430
0.16713103335245433,0.0038515119232975497,0.0,431
0.1674997951323445,0.0038515119232975497,0.0,432
0.1678685569122347,0.0038515119232975497,0.0,433
0.16823731869212488,0.0038515119232975497,0.0,434
0.16860608047201509,0.0038515119232975497,0.0,435
0.16897484225190526,0.007498156191100549,0.0036466442678029995,436
0.16934360403179546,0.007539129722199459,4.0973531098910214e-05,437
0.16971236581168564,0.007662050315496189,0.00012292059329672977,438
0.17008112759157584,0.007703023846595099,4.0973531098910214e-05,439
0.17044988937146605,0.00774399737769401,4.0973531098910214e-05,440
0.17081865115135622,0.00778497090879292,4.0973531098910214e-05,441
0.17118741293124642,0.00778497090879292,0.0,442
0.1715561747111366,0.00778497090879292,0.0,443
0.1719249364910268,0.00778497090879292,0.0,444
0.17229369827091698,0.00778497090879292,0.0,445
0.17266246005080718,0.00778497090879292,0.0,446
0.17303122183069736,0.00778497090879292,0.0,447
0.17339998361058756,0.00778497090879292,0.0,448
0.17376874539047776,0.00778497090879292,0.0,449
0.17413750717036794,0.00778497090879292,0.0,450
0.17450626895025814,0.00778497090879292,0.0,451
0.17487503073014832,0.00778497090879292,0.0,452
0.17524379251003852,0.00778497090879292,0.0,453
0.1756125542899287,0.00778497090879292,0.0,454
0.1759813160698189,0.00778497090879292,0.0,455
0.17635007784970907,0.00778497090879292,0.0,456
0.17671883962959928,0.00778497090879292,0.0,457
0.17708760140948948,0.00778497090879292,0.0,458
0.17745636318937966,0.00778497090879292,0.0,459
0.17782512496926986,0.00778497090879292,0.0,460
0.17819388674916004,0.00778497090879292,0.0,461
0.17856264852905024,0.00778497090879292,0.0,462
0.17893141030894041,0.00778497090879292,0.0,463
0.17930017208883062,0.00778497090879292,0.0,464
0.1796689338687208,0.00778497090879292,0.0,465
0.180037695648611,0.00778497090879292,0.0,466
0.1804064574285012,0.00778497090879292,0.0,467
0.18077521920839137,0.00778497090879292,0.0,468
0.18110300745718266,0.00778497090879292,0.0,469
0.18143079570597395,0.00778497090879292,0.0,470
0.1817585839547652,0.00778497090879292,0.0,471
0.1820863722035565,0.00778497090879292,0.0,472
0.1824141604523478,0.00782594443989183,4.0973531098909347e-05,473
0.18274194870113905,0.00782594443989183,0.0,474
0.18306973694993034,0.00782594443989183,0.0,475
0.18339752519872163,0.00782594443989183,0.0,476
0.18372531344751292,0.00782594443989183,0.0,477
0.18405310169630418,0.00782594443989183,0.0,478
0.18438088994509547,0.00782594443989183,0.0,479
0.18470867819388676,0.00782594443989183,0.0,480
0.18503646644267804,0.00782594443989183,0.0,481
0.1853642546914693,0.00782594443989183,0.0,482
0.1856920429402606,0.00782594443989183,0.0,483
0.18601983118905188,0.00782594443989183,0.0,484
0.18634761943784314,0.00782594443989183,0.0,485
0.18667540768663443,0.00782594443989183,0.0,486
0.18700319593542572,0.00782594443989183,0.0,487
0.187330984184217,0.00782594443989183,0.0,488
0.18765877243300827,0.00782594443989183,0.0,489
0.18798656068179956,0.00782594443989183,0.0,490
0.18831434893059085,0.00782594443989183,0.0,491
0.1886421371793821,0.00782594443989183,0.0,492
0.1889699254281734,0.00782594443989183,0.0,493
0.18929771367696469,0.00782594443989183,0.0,494
0.18962550192575597,0.00782594443989183,0.0,495
0.18995329017454723,0.00782594443989183,0.0,496
0.19028107842333852,0.00782594443989183,0.0,497
0.1906088666721298,0.00782594443989183,0.0,498
0.19093665492092107,0.00782594443989183,0.0,499
0.19126444316971236,0.00782594443989183,0.0,500
0.19159223141850365,0.00782594443989183,0.0,501
0.19192001966729494,0.00782594443989183,0.0,502
0.1922478079160862,0.00782594443989183,0.0,503
0.1925755961648775,0.00782594443989183,0.0,504
0.19290338441366878,0.00782594443989183,0.0,505
0.19323117266246004,0.00782594443989183,0.0,506
0.19355896091125133,0.00782594443989183,0.0,507
0.19388674916004262,0.00782594443989183,0.0,508
0.1942145374088339,0.00782594443989183,0.0,509
0.19454232565762516,0.00782594443989183,0.0,510
0.19487011390641645,0.00782594443989183,0.0,511
0.19519790215520774,0.00782594443989183,0.0,512
0.195525690403999,0.00782594443989183,0.0,513
0.1958534786527903,0.00782594443989183,0.0,514
0.19618126690158158,0.00782594443989183,0.0,515
0.19650905515037287,0.00782594443989183,0.0,516
0.19683684339916413,0.00782594443989183,0.0,517
0.19716463164795542,0.00782594443989183,0.0,518
0.1974924198967467,0.00782594443989183,0.0,519
0.197820208145538,0.00782594443989183,0.0,520
0.19814799639432926,0.00782594443989183,0.0,521
0.19847578464312055,0.00782594443989183,0.0,522
0.19880357289191183,0.00782594443989183,0.0,523
0.1991313611407031,0.00782594443989183,0.0,524
0.19945914938949438,0.00782594443989183,0.0,525
0.19978693763828567,0.00782594443989183,0.0,526
0.20011472588707696,0.00782594443989183,0.0,527
0.20044251413586822,0.00782594443989183,0.0,528
0.2007703023846595,0.00782594443989183,0.0,529
0.2010980906334508,0.00782594443989183,0.0,530
0.20142587888224206,0.00782594443989183,0.0,531
0.20175366713103335,0.00782594443989183,0.0,532
0.20208145537982464,0.00782594443989183,0.0,533
0.20240924362861593,0.00782594443989183,0.0,534
0.2027370318774072,0.00782594443989183,0.0,535
0.20306482012619848,0.00782594443989183,0.0,536
0.20339260837498976,0.00782594443989183,0.0,537
0.20372039662378102,0.00782594443989183,0.0,538
0.2040481848725723,0.00782594443989183,0.0,539
0.2043759731213636,0.00782594443989183,0.0,540
0.2047037613701549,0.00782594443989183,0.0,541
0.20503154961894615,0.00782594443989183,0.0,542
0.20535933786773744,0.00782594443989183,0.0,543
0.20568712611652873,0.00782594443989183,0.0,544
0.20601491436532,0.00782594443989183,0.0,545
0.20634270261411128,0.00782594443989183,0.0,546
0.20667049086290257,0.00782594443989183,0.0,547
0.20699827911169386,0.00782594443989183,0.0,548
0.20732606736048512,0.00782594443989183,0.0,549
0.2076538556092764,0.00782594443989183,0.0,550
0.2079816438580677,0.00782594443989183,0.0,551
0.20830943210685898,0.00782594443989183,0.0,552
0.20863722035565024,0.00782594443989183,0.0,553
0.20896500860444153,0.00782594443989183,0.0,554
0.20929279685323282,0.00782594443989183,0.0,555
0.20962058510202408,0.00782594443989183,0.0,556
0.20994837335081537,0.00782594443989183,0.0,557
0.21027616159960666,0.00782594443989183,0.0,558
0.21060394984839795,0.00782594443989183,0.0,559
0.2109317380971892,0.00782594443989183,0.0,560
0.2112595263459805,0.00782594443989183,0.0,561
0.21158731459477179,0.00782594443989183,0.0,562
0.21191510284356305,0.00782594443989183,0.0,563
0.21224289109235434,0.00782594443989183,0.0,564
0.21257067934114562,0.00782594443989183,0.0,565
0.2128984675899369,0.00782594443989183,0.0,566
0.21322625583872817,0.00782594443989183,0.0,567
0.21355404408751946,0.00782594443989183,0.0,568
0.21388183233631075,0.00782594443989183,0.0,569
0.214209620585102,0.00782594443989183,0.0,570
0.2145374088338933,0.00782594443989183,0.0,571
0.2148651970826846,0.00782594443989183,0.0,572
0.21519298533147588,0.00782594443989183,0.0,573
0.21552077358026714,0.00782594443989183,0.0,574
0.21584856182905843,0.00782594443989183,0.0,575
0.21617635007784972,0.00782594443989183,0.0,576
0.21650413832664098,0.00782594443989183,0.0,577
0.21683192657543227,0.00782594443989183,0.0,578
0.21715971482422355,0.00782594443989183,0.0,579
0.21748750307301484,0.00782594443989183,0.0,580
0.2178152913218061,0.00782594443989183,0.0,581
0.2181430795705974,0.00782594443989183,0.0,582
0.21847086781938868,0.00782594443989183,0.0,583
0.21879865606817994,0.00782594443989183,0.0,584
0.21912644431697123,0.00782594443989183,0.0,585
0.21945423256576252,0.00782594443989183,0.0,586
0.2197820208145538,0.00782594443989183,0.0,587
0.22010980906334507,0.00782594443989183,0.0,588
0.22043759731213636,0.00782594443989183,0.0,589
0.22076538556092765,0.00782594443989183,0.0,590
0.22109317380971893,0.00782594443989183,0.0,591
0.2214209620585102,0.00782594443989183,0.0,592
0.22174875030730148,0.00782594443989183,0.0,593
0.22207653855609277,0.00782594443989183,0.0,594
0.22240432680488403,0.00782594443989183,0.0,595
0.22273211505367532,0.00782594443989183,0.0,596
0.2230599033024666,0.00782594443989183,0.0,597
0.2233876915512579,0.00782594443989183,0.0,598
0.22371547980004916,0.00782594443989183,0.0,599
0.22404326804884045,0.00782594443989183,0.0,600
0.22437105629763174,0.00782594443989183,0.0,601
0.224698844546423,0.00782594443989183,0.0,602
0.2250266327952143,0.00782594443989183,0.0,603
0.22535442104400558,0.00782594443989183,0.0,604
0.22568220929279686,0.00782594443989183,0.0,605
0.22600999754158813,0.00782594443989183,0.0,606
0.22633778579037941,0.00782594443989183,0.0,607
0.2266655740391707,0.00782594443989183,0.0,608
0.22699336228796196,0.00782594443989183,0.0,609
0.22732115053675325,0.00782594443989183,0.0,610
0.22764893878554454,0.00782594443989183,0.0,611
0.22797672703433583,0.00782594443989183,0.0,612
0.2283045152831271,0.00782594443989183,0.0,613
0.22863230353191838,0.00782594443989183,0.0,614
0.22896009178070967,0.00782594443989183,0.0,615
0.22928788002950093,0.00782594443989183,0.0,616
0.22961566827829222,0.00782594443989183,0.0,617
0.2299434565270835,0.00782594443989183,0.0,618
0.2302712447758748,0.00782594443989183,0.0,619
0.23059903302466606,0.00782594443989183,0.0,620
0.23092682127345734,0.00782594443989183,0.0,621
0.23125460952224863,0.00782594443989183,0.0,622
0.23158239777103992,0.00782594443989183,0.0,623
0.23191018601983118,0.00782594443989183,0.0,624
0.23223797426862247,0.00782594443989183,0.0,625
0.23256576251741376,0.00782594443989183,0.0,626
0.23289355076620502,0.00782594443989183,0.0,627
0.2332213390149963,0.00782594443989183,0.0,628
0.2335491272637876,0.00782594443989183,0.0,629
0.2338769155125789,0.00782594443989183,0.0,630
0.23420470376137015,0.00782594443989183,0.0,631
0.23453249201016144,0.00782594443989183,0.0,632
0.23486028025895272,0.00782594443989183,0.0,633
0.23518806850774399,0.00782594443989183,0.0,634
0.23551585675653527,0.00782594443989183,0.0,635
0.23584364500532656,0.00782594443989183,0.0,636
0.23617143325411785,0.00782594443989183,0.0,637
0.2364992215029091,0.00782594443989183,0.0,638
0.2368270097517004,0.00782594443989183,0.0,639
0.2371547980004917,0.00782594443989183,0.0,640
0.23748258624928295,0.00782594443989183,0.0,641
0.23781037449807424,0.00782594443989183,0.0,642
0.23813816274686553,0.00782594443989183,0.0,643
0.23846595099565682,0.00782594443989183,0.0,644
0.23879373924444808,0.00782594443989183,0.0,645
0.23912152749323937,0.00782594443989183,0.0,646
0.23944931574203066,0.00782594443989183,0.0,647
0.23977710399082192,0.00782594443989183,0.0,648
0.2401048922396132,0.00782594443989183,0.0,649
0.2404326804884045,0.00782594443989183,0.0,650
0.24076046873719578,0.00782594443989183,0.0,651
0.24108825698598704,0.00782594443989183,0.0,652
0.24141604523477833,0.00782594443989183,0.0,653
0.24174383348356962,0.00782594443989183,0.0,654
0.24207162173236088,0.00782594443989183,0.0,655
0.24239940998115217,0.00782594443989183,0.0,656
0.24272719822994346,0.00782594443989183,0.0,657
0.24305498647873475,0.00782594443989183,0.0,658
0.243382774727526,0.00782594443989183,0.0,659
0.2437105629763173,0.00782594443989183,0.0,660
0.24403835122510859,0.00782594443989183,0.0,661
0.24436613947389987,0.00782594443989183,0.0,662
0.24469392772269113,0.00782594443989183,0.0,663
0.24502171597148242,0.00782594443989183,0.0,664
0.2453495042202737,0.00782594443989183,0.0,665
0.24567729246906497,0.00782594443989183,0.0,666
0.24600508071785626,0.00782594443989183,0.0,667
0.24633286896664755,0.00782594443989183,0.0,668
0.24666065721543884,0.00782594443989183,0.0,669
0.2469884454642301,0.00782594443989183,0.0,670
0.2473162337130214,0.00782594443989183,0.0,671
0.24764402196181268,0.00782594443989183,0.0,672
0.24797181021060394,0.00782594443989183,0.0,673
0.24829959845939523,0.00782594443989183,0.0,674
0.24862738670818652,0.00782594443989183,0.0,675
0.2489551749569778,0.00782594443989183,0.0,676
0.24928296320576906,0.00782594443989183,0.0,677
0.24961075145456035,0.00782594443989183,0.0,678
0.24993853970335164,0.00782594443989183,0.0,679
0.25026632795214293,0.00782594443989183,0.0,680
0.2505941162009342,0.00782594443989183,0.0,681
0.25092190444972545,0.00782594443989183,0.0,682
0.25124969269851677,0.00782594443989183,0.0,683
0.25157748094730803,0.00782594443989183,0.0,684
0.25190526919609935,0.00782594443989183,0.0,685
0.2522330574448906,0.00782594443989183,0.0,686
0.25256084569368187,0.00782594443989183,0.0,687
0.2528886339424732,0.00782594443989183,0.0,688
0.25321642219126445,0.00782594443989183,0.0,689
0.2535442104400557,0.00782594443989183,0.0,690
0.253871998688847,0.00782594443989183,0.0,691
0.2541997869376383,0.00782594443989183,0.0,692
0.25452757518642954,0.00782594443989183,0.0,693
0.25485536343522086,0.00782594443989183,0.0,694
0.2551831516840121,0.00782594443989183,0.0,695
0.2555109399328034,0.00782594443989183,0.0,696
0.2558387281815947,0.00782594443989183,0.0,697
0.25616651643038596,0.00782594443989183,0.0,698
0.2564943046791773,0.00782594443989183,0.0,699
0.25682209292796854,0.00782594443989183,0.0,700
0.2571498811767598,0.00782594443989183,0.0,701
0.2574776694255511,0.00782594443989183,0.0,702
0.2578054576743424,0.00782594443989183,0.0,703
0.25813324592313364,0.00782594443989183,0.0,704
0.25846103417192495,0.00782594443989183,0.0,705
0.2587888224207162,0.00782594443989183,0.0,706
0.2591166106695075,0.00782594443989183,0.0,707
0.2594443989182988,0.00782594443989183,0.0,708
0.25977218716709005,0.00782594443989183,0.0,709
0.26009997541588137,0.00782594443989183,0.0,710
0.26042776366467263,0.00782594443989183,0.0,711
0.2607555519134639,0.00782594443989183,0.0,712
0.2610833401622552,0.00782594443989183,0.0,713
0.26141112841104647,0.00782594443989183,0.0,714
0.26173891665983773,0.00782594443989183,0.0,715
0.26206670490862904,0.00782594443989183,0.0,716
0.2623944931574203,0.00782594443989183,0.0,717
0.26272228140621157,0.00782594443989183,0.0,718
0.2630500696550029,0.00782594443989183,0.0,719
0.26337785790379414,0.00782594443989183,0.0,720
0.2637056461525854,0.00782594443989183,0.0,721
0.2640334344013767,0.00782594443989183,0.0,722
0.264361222650168,0.00782594443989183,0.0,723
0.2646890108989593,0.00782594443989183,0.0,724
0.26501679914775056,0.00782594443989183,0.0,725
0.2653445873965418,0.00782594443989183,0.0,726
0.26567237564533314,0.00782594443989183,0.0,727
0.2660001638941244,0.00782594443989183,0.0,728
0.26632795214291566,0.00782594443989183,0.0,729
0.266655740391707,0.00782594443989183,0.0,730
0.26698352864049824,0.00782594443989183,0.0,731
0.2673113168892895,0.00782594443989183,0.0,732
0.2676391051380808,0.00782594443989183,0.0,733
0.2679668933868721,0.00782594443989183,0.0,734
0.26829468163566333,0.00782594443989183,0.0,735
0.26862246988445465,0.00782594443989183,0.0,736
0.2689502581332459,0.00782594443989183,0.0,737
0.26927804638203723,0.00782594443989183,0.0,738
0.2696058346308285,0.00782594443989183,0.0,739
0.26993362287961975,0.00786691797099074,4.097353109891108e-05,740
0.27026141112841107,0.00786691797099074,0.0,741
0.2705891993772023,0.00786691797099074,0.0,742
0.2709169876259936,0.00786691797099074,0.0,743
0.2712447758747849,0.00786691797099074,0.0,744
0.27157256412357617,0.00786691797099074,0.0,745
0.2719003523723674,0.00786691797099074,0.0,746
0.27222814062115874,0.00786691797099074,0.0,747
0.27255592886995,0.00786691797099074,0.0,748
0.2728837171187413,0.00786691797099074,0.0,749
0.2732115053675326,0.00786691797099074,0.0,750
0.27353929361632384,0.00786691797099074,0.0,751
0.27386708186511516,0.00786691797099074,0.0,752
0.2741948701139064,0.00786691797099074,0.0,753
0.2745226583626977,0.00786691797099074,0.0,754
0.274850446611489,0.00786691797099074,0.0,755
0.27517823486028026,0.00786691797099074,0.0,756
0.2755060231090715,0.00786691797099074,0.0,757
0.27583381135786283,0.00786691797099074,0.0,758
0.2761615996066541,0.00786691797099074,0.0,759
0.27648938785544536,0.00786691797099074,0.0,760
0.2768171761042367,0.00786691797099074,0.0,761
0.27714496435302793,0.00786691797099074,0.0,762
0.27747275260181925,0.00786691797099074,0.0,763
0.2778005408506105,0.00786691797099074,0.0,764
0.27812832909940177,0.00786691797099074,0.0,765
0.2784561173481931,0.00786691797099074,0.0,766
0.27878390559698435,0.00786691797099074,0.0,767
0.2791116938457756,0.00786691797099074,0.0,768
0.2794394820945669,0.00786691797099074,0.0,769
0.2797672703433582,0.00786691797099074,0.0,770
0.28009505859214945,0.00786691797099074,0.0,771
0.28042284684094076,0.00786691797099074,0.0,772
0.280750635089732,0.00786691797099074,0.0,773
0.2810784233385233,0.00786691797099074,0.0,774
0.2814062115873146,0.00786691797099074,0.0,775
0.28173399983610586,0.00786691797099074,0.0,776
0.2820617880848972,0.00786691797099074,0.0,777
0.28238957633368844,0.00786691797099074,0.0,778
0.2827173645824797,0.00786691797099074,0.0,779
0.283045152831271,0.00786691797099074,0.0,780
0.2833319675489634,0.00786691797099074,0.0,781
0.28361878226665577,0.00786691797099074,0.0,782
0.2839055969843481,0.00786691797099074,0.0,783
0.28419241170204046,0.00786691797099074,0.0,784
0.28447922641973283,0.00786691797099074,0.0,785
0.2847660411374252,0.00790789150208965,4.0973531098909347e-05,786
0.2850528558551176,0.00790789150208965,0.0,787
0.28533967057280996,0.00790789150208965,0.0,788
0.28562648529050233,0.00790789150208965,0.0,789
0.2859133000081947,0.00790789150208965,0.0,790
0.2862001147258871,0.00790789150208965,0.0,791
0.28648692944357945,0.00790789150208965,0.0,792
0.2867737441612718,0.00790789150208965,0.0,793
0.2870605588789642,0.00790789150208965,0.0,794
0.2873473735966566,0.00790789150208965,0.0,795
0.28763418831434895,0.00790789150208965,0.0,796
0.2879210030320413,0.00790789150208965,0.0,797
0.2882078177497337,0.00790789150208965,0.0,798
0.288494632467426,0.00790789150208965,0.0,799
0.2887814471851184,0.00790789150208965,0.0,800
0.28906826190281076,0.00790789150208965,0.0,801
0.28935507662050314,0.00790789150208965,0.0,802
0.2896418913381955,0.00790789150208965,0.0,803
0.2899287060558879,0.00790789150208965,0.0,804
0.29021552077358026,0.00790789150208965,0.0,805
0.29050233549127263,0.00790789150208965,0.0,806
0.290789150208965,0.00790789150208965,0.0,807
0.2910759649266574,0.00790789150208965,0.0,808
0.29136277964434976,0.00790789150208965,0.0,809
0.29164959436204213,0.00790789150208965,0.0,810
0.2919364090797345,0.00790789150208965,0.0,811
0.2922232237974269,0.00790789150208965,0.0,812
0.29251003851511925,0.00790789150208965,0.0,813
0.2927968532328116,0.00790789150208965,0.0,814
0.293083667950504,0.00790789150208965,0.0,815
0.2933704826681963,0.00790789150208965,0.0,816
0.2936572973858887,0.00790789150208965,0.0,817
0.29394411210358107,0.00790789150208965,0.0,818
0.29423092682127344,0.00790789150208965,0.0,819
0.2945177415389658,0.00790789150208965,0.0,820
0.2948045562566582,0.00790789150208965,0.0,821
0.29509137097435056,0.00790789150208965,0.0,822
0.29537818569204294,0.00790789150208965,0.0,823
0.2956650004097353,0.00790789150208965,0.0,824
0.2959518151274277,0.00790789150208965,0.0,825
0.29623862984512006,0.00790789150208965,0.0,826
0.29652544456281243,0.00790789150208965,0.0,827
0.2968122592805048,0.00790789150208965,0.0,828
0.2970990739981972,0.00790789150208965,0.0,829
0.29738588871588956,0.00790789150208965,0.0,830
0.29767270343358193,0.00790789150208965,0.0,831
0.29795951815127425,0.00790789150208965,0.0,832
0.2982463328689666,0.00790789150208965,0.0,833
0.298533147586659,0.00790789150208965,0.0,834
0.29881996230435137,0.00790789150208965,0.0,835
0.29910677702204375,0.00794886503318856,4.097353109891108e-05,836
0.2993935917397361,0.00794886503318856,0.0,837
0.2996804064574285,0.00794886503318856,0.0,838
0.29996722117512087,0.00794886503318856,0.0,839
0.30025403589281324,0.00794886503318856,0.0,840
0.3005408506105056,0.00794886503318856,0.0,841
0.300827665328198,0.00794886503318856,0.0,842
0.30111448004589036,0.00794886503318856,0.0,843
0.30140129476358274,0.00794886503318856,0.0,844
0.3016881094812751,0.00794886503318856,0.0,845
0.3019749241989675,0.00794886503318856,0.0,846
0.30226173891665986,0.00794886503318856,0.0,847
0.30254855363435224,0.00794886503318856,0.0,848
0.30283536835204455,0.00794886503318856,0.0,849
0.30312218306973693,0.00794886503318856,0.0,850
0.3034089977874293,0.00794886503318856,0.0,851
0.3036958125051217,0.00794886503318856,0.0,852
0.30398262722281405,0.00794886503318856,0.0,853
0.3042694419405064,0.00794886503318856,0.0,854
0.3045562566581988,0.00794886503318856,0.0,855
0.3048430713758912,0.00794886503318856,0.0,856
0.30512988609358355,0.00794886503318856,0.0,857
0.3054167008112759,0.00794886503318856,0.0,858
0.3057035155289683,0.00794886503318856,0.0,859
0.30599033024666067,0.00794886503318856,0.0,860
0.30627714496435304,0.00794886503318856,0.0,861
0.3065639596820454,0.00794886503318856,0.0,862
0.3068507743997378,0.00794886503318856,0.0,863
0.30713758911743017,0.00794886503318856,0.0,864
0.3074244038351225,0.00794886503318856,0.0,865
0.30771121855281486,0.00794886503318856,0.0,866
0.30799803327050723,0.00794886503318856,0.0,867
0.3082848479881996,0.00794886503318856,0.0,868
0.308571662705892,0.00794886503318856,0.0,869
0.30885847742358435,0.00794886503318856,0.0,870
0.30914529214127673,0.00794886503318856,0.0,871
0.3094321068589691,0.00794886503318856,0.0,872
0.3097189215766615,0.00794886503318856,0.0,873
0.31000573629435385,0.00794886503318856,0.0,874
0.3102925510120462,0.00794886503318856,0.0,875
0.3105793657297386,0.00794886503318856,0.0,876
0.310866180447431,0.00794886503318856,0.0,877
0.31115299516512335,0.00794886503318856,0.0,878
0.3114398098828157,0.00794886503318856,0.0,879
0.3117266246005081,0.00794886503318856,0.0,880
0.31201343931820047,0.00794886503318856,0.0,881
0.3123002540358928,0.00794886503318856,0.0,882
0.31258706875358516,0.00794886503318856,0.0,883
0.31287388347127754,0.00794886503318856,0.0,884
0.3131606981889699,0.00794886503318856,0.0,885
0.3134475129066623,0.00794886503318856,0.0,886
0.31373432762435466,0.00794886503318856,0.0,887
0.31402114234204703,0.00794886503318856,0.0,888
0.3143079570597394,0.00794886503318856,0.0,889
0.3145947717774318,0.00794886503318856,0.0,890
0.31488158649512415,0.00794886503318856,0.0,891
0.31516840121281653,0.00794886503318856,0.0,892
0.3154552159305089,0.00794886503318856,0.0,893
0.3157420306482013,0.00794886503318856,0.0,894
0.31602884536589365,0.00794886503318856,0.0,895
0.316315660083586,0.00794886503318856,0.0,896
0.3166024748012784,0.00794886503318856,0.0,897
0.3168892895189707,0.00794886503318856,0.0,898
0.3171761042366631,0.00794886503318856,0.0,899
0.31746291895435547,0.00794886503318856,0.0,900
0.31774973367204784,0.00794886503318856,0.0,901
0.3180365483897402,0.00794886503318856,0.0,902
0.3183233631074326,0.00794886503318856,0.0,903
0.31861017782512496,0.00794886503318856,0.0,904
0.31889699254281734,0.00794886503318856,0.0,905
0.3191838072605097,0.00794886503318856,0.0,906
0.3194706219782021,0.00794886503318856,0.0,907
0.31975743669589446,0.00794886503318856,0.0,908
0.32004425141358683,0.00794886503318856,0.0,909
0.3203310661312792,0.00794886503318856,0.0,910
0.3206178808489716,0.00794886503318856,0.0,911
0.32090469556666396,0.00794886503318856,0.0,912
0.32119151028435633,0.00794886503318856,0.0,913
0.3214783250020487,0.00794886503318856,0.0,914
0.321765139719741,0.00794886503318856,0.0,915
0.3220519544374334,0.00794886503318856,0.0,916
0.32233876915512577,0.00794886503318856,0.0,917
0.32262558387281814,0.00794886503318856,0.0,918
0.3229123985905105,0.00794886503318856,0.0,919
0.3231992133082029,0.00794886503318856,0.0,920
0.32348602802589527,0.00794886503318856,0.0,921
0.32377284274358764,0.00794886503318856,0.0,922
0.32405965746128,0.00794886503318856,0.0,923
0.3243464721789724,0.00798983856428747,4.0973531098909347e-05,924
0.32463328689666476,0.00798983856428747,0.0,925
0.32492010161435714,0.00798983856428747,0.0,926
0.3252069163320495,0.00798983856428747,0.0,927
0.3254937310497419,0.00798983856428747,0.0,928
0.32578054576743426,0.00798983856428747,0.0,929
0.32606736048512663,0.00798983856428747,0.0,930
0.32635417520281895,0.00798983856428747,0.0,931
0.3266409899205113,0.00798983856428747,0.0,932
0.3269278046382037,0.00798983856428747,0.0,933
0.3272146193558961,0.00798983856428747,0.0,934
0.32750143407358845,0.00798983856428747,0.0,935
0.3277882487912808,0.00798983856428747,0.0,936
0.3280750635089732,0.00798983856428747,0.0,937
0.32836187822666557,0.00798983856428747,0.0,938
0.32864869294435795,0.00798983856428747,0.0,939
0.3289355076620503,0.00798983856428747,0.0,940
0.3292223223797427,0.00798983856428747,0.0,941
0.32950913709743507,0.00798983856428747,0.0,942
0.32979595181512744,0.00798983856428747,0.0,943
0.3300827665328198,0.00798983856428747,0.0,944
0.3303695812505122,0.00798983856428747,0.0,945
0.33065639596820456,0.00798983856428747,0.0,946
0.33094321068589694,0.00798983856428747,0.0,947
0.33123002540358926,0.00798983856428747,0.0,948
0.33151684012128163,0.00798983856428747,0.0,949
0.331803654838974,0.00798983856428747,0.0,950
0.3320904695566664,0.00798983856428747,0.0,951
0.33237728427435875,0.00798983856428747,0.0,952
0.3326640989920511,0.00798983856428747,0.0,953
0.3329509137097435,0.00798983856428747,0.0,954
0.3332377284274359,0.00798983856428747,0.0,955
0.33352454314512825,0.00798983856428747,0.0,956
0.3338113578628206,0.00798983856428747,0.0,957
0.334098172580513,0.00798983856428747,0.0,958
0.33438498729820537,0.00798983856428747,0.0,959
0.33467180201589775,0.00798983856428747,0.0,960
0.3349586167335901,0.00798983856428747,0.0,961
0.3352454314512825,0.00798983856428747,0.0,962
0.33553224616897487,0.00798983856428747,0.0,963
0.3358190608866672,0.00798983856428747,0.0,964
0.33610587560435956,0.00798983856428747,0.0,965
0.33639269032205193,0.00798983856428747,0.0,966
0.3366795050397443,0.00798983856428747,0.0,967
0.3369663197574367,0.00798983856428747,0.0,968
0.33725313447512906,0.00798983856428747,0.0,969
0.33753994919282143,0.00798983856428747,0.0,970
0.3378267639105138,0.00798983856428747,0.0,971
0.3381135786282062,0.00798983856428747,0.0,972
0.33840039334589855,0.00798983856428747,0.0,973
0.3386872080635909,0.00798983856428747,0.0,974
0.3389740227812833,0.00798983856428747,0.0,975
0.3392608374989757,0.00798983856428747,0.0,976
0.33954765221666805,0.00798983856428747,0.0,977
0.3398344669343604,0.00798983856428747,0.0,978
0.3401212816520528,0.00798983856428747,0.0,979
0.3404080963697452,0.00798983856428747,0.0,980
0.3406949110874375,0.00798983856428747,0.0,981
0.34098172580512986,0.00798983856428747,0.0,982
0.34126854052282224,0.00798983856428747,0.0,983
0.3415553552405146,0.00798983856428747,0.0,984
0.341842169958207,0.00798983856428747,0.0,985
0.34212898467589936,0.00798983856428747,0.0,986
0.34241579939359174,0.00798983856428747,0.0,987
0.3427026141112841,0.00798983856428747,0.0,988
0.3429894288289765,0.00798983856428747,0.0,989
0.34327624354666886,0.00798983856428747,0.0,990
0.34356305826436123,0.00798983856428747,0.0,991
0.3438498729820536,0.00798983856428747,0.0,992
0.344136687699746,0.00798983856428747,0.0,993
0.34442350241743835,0.00798983856428747,0.0,994
0.34471031713513073,0.00798983856428747,0.0,995
0.3449971318528231,0.00798983856428747,0.0,996
0.3452839465705154,0.00798983856428747,0.0,997
0.3455707612882078,0.00798983856428747,0.0,998
0.34585757600590017,0.00798983856428747,0.0,999
0.34614439072359254,0.00798983856428747,0.0,1000
0.3464312054412849,0.00798983856428747,0.0,1001
0.3467180201589773,0.00798983856428747,0.0,1002
0.34700483487666967,0.00798983856428747,0.0,1003
0.34729164959436204,0.00798983856428747,0.0,1004
0.3475784643120544,0.00798983856428747,0.0,1005
0.3478652790297468,0.00798983856428747,0.0,1006
0.34815209374743916,0.00798983856428747,0.0,1007
0.34843890846513154,0.008235679750880931,0.0002458411865934613,1008
0.3487257231828239,0.008235679750880931,0.0,1009
0.3490125379005163,0.008235679750880931,0.0,1010
0.34929935261820866,0.008235679750880931,0.0,1011
0.34958616733590103,0.008235679750880931,0.0,1012
0.34987298205359335,0.008235679750880931,0.0,1013
0.3501597967712857,0.008235679750880931,0.0,1014
0.3504466114889781,0.008235679750880931,0.0,1015
0.3507334262066705,0.008235679750880931,0.0,1016
0.35102024092436285,0.008235679750880931,0.0,1017
0.3513070556420552,0.008235679750880931,0.0,1018
0.3515938703597476,0.008235679750880931,0.0,1019
0.35188068507743997,0.008235679750880931,0.0,1020
0.35216749979513234,0.008317626813078752,8.194706219782043e-05,1021
0.3524543145128247,0.008358600344177661,4.0973531098909347e-05,1022
0.3527411292305171,0.008358600344177661,0.0,1023
0.35302794394820947,0.008358600344177661,0.0,1024
0.35331475866590184,0.008358600344177661,0.0,1025
0.3536015733835942,0.008358600344177661,0.0,1026
0.3538883881012866,0.008358600344177661,0.0,1027
0.35417520281897896,0.008358600344177661,0.0,1028
0.35446201753667134,0.008358600344177661,0.0,1029
0.35474883225436366,0.008358600344177661,0.0,1030
0.35503564697205603,0.008358600344177661,0.0,1031
0.3553224616897484,0.008358600344177661,0.0,1032
0.3556092764074408,0.008358600344177661,0.0,1033
0.35589609112513315,0.008358600344177661,0.0,1034
0.3561829058428255,0.008358600344177661,0.0,1035
0.3564697205605179,0.008358600344177661,0.0,1036
0.3567565352782103,0.008358600344177661,0.0,1037
0.35704334999590265,0.008358600344177661,0.0,1038
0.357330164713595,0.008358600344177661,0.0,1039
0.3576169794312874,0.008358600344177661,0.0,1040
0.35790379414897977,0.008358600344177661,0.0,1041
0.35819060886667214,0.008358600344177661,0.0,1042
0.3584774235843645,0.008358600344177661,0.0,1043
0.3587642383020569,0.008358600344177661,0.0,1044
0.35905105301974927,0.008358600344177661,0.0,1045
0.3593378677374416,0.008358600344177661,0.0,1046
0.35962468245513396,0.008358600344177661,0.0,1047
0.35991149717282633,0.008358600344177661,0.0,1048
0.3601983118905187,0.008358600344177661,0.0,1049
0.3604851266082111,0.008358600344177661,0.0,1050
0.36077194132590346,0.008358600344177661,0.0,1051
0.36105875604359583,0.008358600344177661,0.0,1052
0.3613455707612882,0.008358600344177661,0.0,1053
0.3616323854789806,0.008358600344177661,0.0,1054
0.36191920019667295,0.008358600344177661,0.0,1055
0.3622060149143653,0.008358600344177661,0.0,1056
0.3624928296320577,0.008358600344177661,0.0,1057
0.3627796443497501,0.008358600344177661,0.0,1058
0.36306645906744245,0.008358600344177661,0.0,1059
0.3633532737851348,0.008358600344177661,0.0,1060
0.3636400885028272,0.008358600344177661,0.0,1061
0.36392690322051957,0.008358600344177661,0.0,1062
0.3642137179382119,0.008358600344177661,0.0,1063
0.36450053265590426,0.008358600344177661,0.0,1064
0.36478734737359664,0.008358600344177661,0.0,1065
0.365074162091289,0.008358600344177661,0.0,1066
0.3653609768089814,0.008358600344177661,0.0,1067
0.36564779152667376,0.008358600344177661,0.0,1068
0.36593460624436613,0.008358600344177661,0.0,1069
0.3662214209620585,0.008358600344177661,0.0,1070
0.3665082356797509,0.008358600344177661,0.0,1071
0.36679505039744326,0.008358600344177661,0.0,1072
0.36708186511513563,0.008358600344177661,0.0,1073
0.367368679832828,0.008358600344177661,0.0,1074
0.3676554945505204,0.008358600344177661,0.0,1075
0.36794230926821275,0.008358600344177661,0.0,1076
0.3682291239859051,0.008358600344177661,0.0,1077
0.3685159387035975,0.008358600344177661,0.0,1078
0.3688027534212898,0.008358600344177661,0.0,1079
0.3690895681389822,0.008358600344177661,0.0,1080
0.36937638285667457,0.008358600344177661,0.0,1081
0.36966319757436694,0.008358600344177661,0.0,1082
0.3699500122920593,0.008358600344177661,0.0,1083
0.3702368270097517,0.008358600344177661,0.0,1084
0.37052364172744406,0.008358600344177661,0.0,1085
0.37081045644513644,0.008358600344177661,0.0,1086
0.3710972711628288,0.008358600344177661,0.0,1087
0.3713840858805212,0.008358600344177661,0.0,1088
0.37167090059821356,0.008358600344177661,0.0,1089
0.37195771531590593,0.008358600344177661,0.0,1090
0.3722445300335983,0.008358600344177661,0.0,1091
0.3725313447512907,0.008358600344177661,0.0,1092
0.37281815946898306,0.008358600344177661,0.0,1093
0.37310497418667543,0.008358600344177661,0.0,1094
0.3733917889043678,0.008358600344177661,0.0,1095
0.3736786036220601,0.008358600344177661,0.0,1096
0.3739654183397525,0.008358600344177661,0.0,1097
0.37425223305744487,0.008358600344177661,0.0,1098
0.37453904777513725,0.008358600344177661,0.0,1099
0.3748258624928296,0.008358600344177661,0.0,1100
0.375112677210522,0.008358600344177661,0.0,1101
0.37539949192821437,0.008358600344177661,0.0,1102
0.37568630664590674,0.008358600344177661,0.0,1103
0.3759731213635991,0.008358600344177661,0.0,1104
0.3762599360812915,0.008358600344177661,0.0,1105
0.37654675079898386,0.008358600344177661,0.0,1106
0.37683356551667624,0.008358600344177661,0.0,1107
0.3771203802343686,0.008358600344177661,0.0,1108
0.377407194952061,0.008358600344177661,0.0,1109
0.37769400966975336,0.008358600344177661,0.0,1110
0.37798082438744574,0.008358600344177661,0.0,1111
0.37826763910513805,0.008358600344177661,0.0,1112
0.37855445382283043,0.008358600344177661,0.0,1113
0.3788412685405228,0.008358600344177661,0.0,1114
0.3791280832582152,0.008358600344177661,0.0,1115
0.37941489797590755,0.008358600344177661,0.0,1116
0.3797017126935999,0.008358600344177661,0.0,1117
0.3799885274112923,0.008358600344177661,0.0,1118
0.3802753421289847,0.008358600344177661,0.0,1119
0.38056215684667705,0.008358600344177661,0.0,1120
0.3808489715643694,0.008358600344177661,0.0,1121
0.3811357862820618,0.008358600344177661,0.0,1122
0.38142260099975417,0.008358600344177661,0.0,1123
0.38170941571744654,0.008358600344177661,0.0,1124
0.3819962304351389,0.008358600344177661,0.0,1125
0.3822830451528313,0.008358600344177661,0.0,1126
0.38256985987052367,0.008358600344177661,0.0,1127
0.38285667458821604,0.008358600344177661,0.0,1128
0.38314348930590836,0.008358600344177661,0.0,1129
0.38343030402360073,0.008358600344177661,0.0,1130
0.3837171187412931,0.008358600344177661,0.0,1131
0.3840039334589855,0.008358600344177661,0.0,1132
0.38429074817667785,0.008358600344177661,0.0,1133
0.38457756289437023,0.008358600344177661,0.0,1134
0.3848643776120626,0.008358600344177661,0.0,1135
0.385151192329755,0.008358600344177661,0.0,1136
0.38543800704744735,0.008358600344177661,0.0,1137
0.3856838482340408,0.008358600344177661,0.0,1138
0.38592968942063427,0.008358600344177661,0.0,1139
0.38617553060722776,0.008358600344177661,0.0,1140
0.3864213717938212,0.008358600344177661,0.0,1141
0.3866672129804147,0.008358600344177661,0.0,1142
0.3869130541670081,0.008358600344177661,0.0,1143
0.3871588953536016,0.008358600344177661,0.0,1144
0.387404736540195,0.008358600344177661,0.0,1145
0.3876505777267885,0.008358600344177661,0.0,1146
0.38789641891338195,0.008358600344177661,0.0,1147
0.38814226009997543,0.008358600344177661,0.0,1148
0.38838810128656887,0.008358600344177661,0.0,1149
0.38863394247316235,0.008358600344177661,0.0,1150
0.3888797836597558,0.008358600344177661,0.0,1151
0.38912562484634927,0.008358600344177661,0.0,1152
0.3893714660329427,0.008358600344177661,0.0,1153
0.3896173072195362,0.008358600344177661,0.0,1154
0.3898631484061296,0.008358600344177661,0.0,1155
0.3901089895927231,0.008358600344177661,0.0,1156
0.39035483077931654,0.008358600344177661,0.0,1157
0.39060067196591003,0.008358600344177661,0.0,1158
0.39084651315250346,0.008358600344177661,0.0,1159
0.39109235433909695,0.008358600344177661,0.0,1160
0.3913381955256904,0.008358600344177661,0.0,1161
0.39158403671228387,0.008358600344177661,0.0,1162
0.3918298778988773,0.008358600344177661,0.0,1163
0.3920757190854708,0.008358600344177661,0.0,1164
0.3923215602720643,0.008358600344177661,0.0,1165
0.3925674014586577,0.008358600344177661,0.0,1166
0.3928132426452512,0.008358600344177661,0.0,1167
0.3930590838318446,0.008358600344177661,0.0,1168
0.3933049250184381,0.008358600344177661,0.0,1169
0.39355076620503154,0.008358600344177661,0.0,1170
0.39379660739162503,0.008358600344177661,0.0,1171
0.39404244857821846,0.008358600344177661,0.0,1172
0.39428828976481195,0.008358600344177661,0.0,1173
0.3945341309514054,0.008358600344177661,0.0,1174
0.39477997213799887,0.008358600344177661,0.0,1175
0.3950258133245923,0.008358600344177661,0.0,1176
0.3952716545111858,0.008358600344177661,0.0,1177
0.3955174956977792,0.008358600344177661,0.0,1178
0.3957633368843727,0.008358600344177661,0.0,1179
0.39600917807096614,0.008358600344177661,0.0,1180
0.3962550192575596,0.008358600344177661,0.0,1181
0.39650086044415306,0.008358600344177661,0.0,1182
0.39674670163074655,0.008358600344177661,0.0,1183
0.39699254281734,0.008358600344177661,0.0,1184
0.39723838400393346,0.008358600344177661,0.0,1185
0.3974842251905269,0.008358600344177661,0.0,1186
0.3977300663771204,0.008358600344177661,0.0,1187
0.3979759075637138,0.008358600344177661,0.0,1188
0.3982217487503073,0.008358600344177661,0.0,1189
0.39846758993690073,0.008358600344177661,0.0,1190
0.3987134311234942,0.008358600344177661,0.0,1191
0.3989592723100877,0.008358600344177661,0.0,1192
0.39920511349668114,0.008358600344177661,0.0,1193
0.39945095468327463,0.008358600344177661,0.0,1194
0.39969679586986806,0.008358600344177661,0.0,1195
0.39994263705646155,0.008358600344177661,0.0,1196
0.400188478243055,0.008358600344177661,0.0,1197
0.40043431942964847,0.008358600344177661,0.0,1198
0.4006801606162419,0.008358600344177661,0.0,1199
0.4009260018028354,0.008358600344177661,0.0,1200
0.4011718429894288,0.008358600344177661,0.0,1201
0.4014176841760223,0.008358600344177661,0.0,1202
0.40166352536261574,0.008358600344177661,0.0,1203
0.4019093665492092,0.008358600344177661,0.0,1204
0.40215520773580266,0.008768335655166761,0.0004097353109891004,1205
0.40240104892239614,0.008768335655166761,0.0,1206
0.4026468901089896,0.008768335655166761,0.0,1207
0.40289273129558306,0.008768335655166761,0.0,1208
0.4031385724821765,0.008768335655166761,0.0,1209
0.40338441366877,0.008768335655166761,0.0,1210
0.4036302548553634,0.008768335655166761,0.0,1211
0.4038760960419569,0.008768335655166761,0.0,1212
0.40412193722855033,0.008768335655166761,0.0,1213
0.4043677784151438,0.008768335655166761,0.0,1214
0.40461361960173725,0.008768335655166761,0.0,1215
0.40485946078833074,0.008768335655166761,0.0,1216
0.4051053019749242,0.008768335655166761,0.0,1217
0.40535114316151766,0.008768335655166761,0.0,1218
0.40559698434811114,0.008768335655166761,0.0,1219
0.4058428255347046,0.008768335655166761,0.0,1220
0.40608866672129806,0.008768335655166761,0.0,1221
0.4063345079078915,0.008768335655166761,0.0,1222
0.406580349094485,0.008768335655166761,0.0,1223
0.4068261902810784,0.008768335655166761,0.0,1224
0.4070720314676719,0.008768335655166761,0.0,1225
0.40731787265426533,0.008768335655166761,0.0,1226
0.4075637138408588,0.008768335655166761,0.0,1227
0.40780955502745225,0.008768335655166761,0.0,1228
0.40805539621404574,0.008768335655166761,0.0,1229
0.40830123740063917,0.008768335655166761,0.0,1230
0.40854707858723266,0.008768335655166761,0.0,1231
0.4087929197738261,0.008768335655166761,0.0,1232
0.4090387609604196,0.008768335655166761,0.0,1233
0.409284602147013,0.008768335655166761,0.0,1234
0.4095304433336065,0.008768335655166761,0.0,1235
0.40977628452019993,0.008768335655166761,0.0,1236
0.4100221257067934,0.008768335655166761,0.0,1237
0.41026796689338685,0.008768335655166761,0.0,1238
0.41051380807998034,0.008768335655166761,0.0,1239
0.41075964926657377,0.008768335655166761,0.0,1240
0.41100549045316725,0.008768335655166761,0.0,1241
0.41125133163976074,0.008768335655166761,0.0,1242
0.4114971728263542,0.008768335655166761,0.0,1243
0.41174301401294766,0.008768335655166761,0.0,1244
0.4119888551995411,0.008768335655166761,0.0,1245
0.4122346963861346,0.008768335655166761,0.0,1246
0.412480537572728,0.008768335655166761,0.0,1247
0.4127263787593215,0.008850282717364582,8.194706219782043e-05,1248
0.41297221994591493,0.008850282717364582,0.0,1249
0.4132180611325084,0.008850282717364582,0.0,1250
0.41346390231910185,0.008850282717364582,0.0,1251
0.41370974350569534,0.008850282717364582,0.0,1252
0.41395558469228877,0.008850282717364582,0.0,1253
0.41420142587888226,0.008850282717364582,0.0,1254
0.4144472670654757,0.008850282717364582,0.0,1255
0.4146931082520692,0.008850282717364582,0.0,1256
0.4149389494386626,0.008850282717364582,0.0,1257
0.4151847906252561,0.008850282717364582,0.0,1258
0.4154306318118495,0.008850282717364582,0.0,1259
0.415676472998443,0.008850282717364582,0.0,1260
0.41592231418503645,0.008850282717364582,0.0,1261
0.41616815537162993,0.008850282717364582,0.0,1262
0.41641399655822336,0.008850282717364582,0.0,1263
0.41665983774481685,0.008850282717364582,0.0,1264
0.4169056789314103,0.008850282717364582,0.0,1265
0.41715152011800377,0.008850282717364582,0.0,1266
0.4173973613045972,0.008850282717364582,0.0,1267
0.4176432024911907,0.008850282717364582,0.0,1268
0.4178890436777842,0.008850282717364582,0.0,1269
0.4181348848643776,0.008850282717364582,0.0,1270
0.4183807260509711,0.008850282717364582,0.0,1271
0.41862656723756453,0.008850282717364582,0.0,1272
0.418872408424158,0.008850282717364582,0.0,1273
0.41911824961075145,0.008850282717364582,0.0,1274
0.41936409079734493,0.008850282717364582,0.0,1275
0.41960993198393837,0.008850282717364582,0.0,1276
0.41985577317053185,0.008850282717364582,0.0,1277
0.4201016143571253,0.008850282717364582,0.0,1278
0.4203474555437188,0.008850282717364582,0.0,1279
0.4205932967303122,0.008850282717364582,0.0,1280
0.4208391379169057,0.008850282717364582,0.0,1281
0.4210849791034991,0.008850282717364582,0.0,1282
0.4213308202900926,0.008850282717364582,0.0,1283
0.42157666147668604,0.008850282717364582,0.0,1284
0.42182250266327953,0.008850282717364582,0.0,1285
0.42206834384987296,0.008850282717364582,0.0,1286
0.42231418503646645,0.008850282717364582,0.0,1287
0.4225600262230599,0.008850282717364582,0.0,1288
0.42280586740965337,0.008850282717364582,0.0,1289
0.4230517085962468,0.008850282717364582,0.0,1290
0.4232975497828403,0.008850282717364582,0.0,1291
0.4235433909694337,0.008850282717364582,0.0,1292
0.4237892321560272,0.008850282717364582,0.0,1293
0.4240350733426207,0.008850282717364582,0.0,1294
0.4242809145292141,0.008850282717364582,0.0,1295
0.4245267557158076,0.008850282717364582,0.0,1296
0.42477259690240105,0.008850282717364582,0.0,1297
0.42501843808899453,0.008850282717364582,0.0,1298
0.42526427927558796,0.008850282717364582,0.0,1299
0.42551012046218145,0.008850282717364582,0.0,1300
0.4257559616487749,0.008850282717364582,0.0,1301
0.42600180283536837,0.008850282717364582,0.0,1302
0.4262476440219618,0.008850282717364582,0.0,1303
0.4264934852085553,0.008850282717364582,0.0,1304
0.4267393263951487,0.008850282717364582,0.0,1305
0.4269851675817422,0.008850282717364582,0.0,1306
0.42723100876833564,0.008850282717364582,0.0,1307
0.42747684995492913,0.009956568057035155,0.0011062853396705732,1308
0.42772269114152256,0.009956568057035155,0.0,1309
0.42796853232811605,0.009956568057035155,0.0,1310
0.4282143735147095,0.009956568057035155,0.0,1311
0.42846021470130297,0.009956568057035155,0.0,1312
0.4287060558878964,0.009956568057035155,0.0,1313
0.4289518970744899,0.009956568057035155,0.0,1314
0.4291977382610833,0.009956568057035155,0.0,1315
0.4294435794476768,0.009956568057035155,0.0,1316
0.42968942063427024,0.009956568057035155,0.0,1317
0.4299352618208637,0.009956568057035155,0.0,1318
0.43018110300745716,0.009956568057035155,0.0,1319
0.43042694419405064,0.009956568057035155,0.0,1320
0.43067278538064413,0.009956568057035155,0.0,1321
0.43091862656723756,0.009956568057035155,0.0,1322
0.43116446775383105,0.009956568057035155,0.0,1323
0.4314103089404245,0.009956568057035155,0.0,1324
0.43165615012701797,0.009956568057035155,0.0,1325
0.4319019913136114,0.009956568057035155,0.0,1326
0.4321478325002049,0.009997541588134066,4.097353109891108e-05,1327
0.4323936736867983,0.010161435712529705,0.00016389412439563912,1328
0.4326395148733918,0.010161435712529705,0.0,1329
0.43288535605998524,0.010161435712529705,0.0,1330
0.4331311972465787,0.010161435712529705,0.0,1331
0.43337703843317216,0.010161435712529705,0.0,1332
0.43362287961976564,0.010161435712529705,0.0,1333
0.4338687208063591,0.01548799475538802,0.005326559042858314,1334
0.43411456199295256,0.01552896828648693,4.097353109891108e-05,1335
0.434360403179546,0.01552896828648693,0.0,1336
0.4346062443661395,0.01552896828648693,0.0,1337
0.4348520855527329,0.01552896828648693,0.0,1338
0.4350979267393264,0.01552896828648693,0.0,1339
0.43534376792591983,0.01552896828648693,0.0,1340
0.4355896091125133,0.01552896828648693,0.0,1341
0.43583545029910675,0.01552896828648693,0.0,1342
0.43608129148570024,0.01552896828648693,0.0,1343
0.43632713267229367,0.01552896828648693,0.0,1344
0.43657297385888716,0.01552896828648693,0.0,1345
0.43681881504548065,0.01552896828648693,0.0,1346
0.4370646562320741,0.01552896828648693,0.0,1347
0.43731049741866757,0.01552896828648693,0.0,1348
0.437556338605261,0.01995410964516922,0.004425141358682291,1349
0.4378021797918545,0.02007703023846595,0.00012292059329672977,1350
0.4380480209784479,0.020118003769564862,4.097353109891108e-05,1351
0.4382938621650414,0.020118003769564862,0.0,1352
0.43853970335163484,0.020118003769564862,0.0,1353
0.4387855445382283,0.020937474391543063,0.0008194706219782008,1354
0.43903138572482175,0.020937474391543063,0.0,1355
0.43927722691141524,0.020937474391543063,0.0,1356
0.4395230680980087,0.020937474391543063,0.0,1357
0.43976890928460216,0.020937474391543063,0.0,1358
0.4400147504711956,0.020937474391543063,0.0,1359
0.4402605916577891,0.020937474391543063,0.0,1360
0.4405064328443825,0.020937474391543063,0.0,1361
0.440752274030976,0.020937474391543063,0.0,1362
0.44099811521756943,0.020937474391543063,0.0,1363
0.4412439564041629,0.020937474391543063,0.0,1364
0.44148979759075635,0.020937474391543063,0.0,1365
0.44173563877734984,0.020937474391543063,0.0,1366
0.44198147996394327,0.020937474391543063,0.0,1367
0.44222732115053676,0.020937474391543063,0.0,1368
0.4424731623371302,0.020937474391543063,0.0,1369
0.4427190035237237,0.020937474391543063,0.0,1370
0.44296484471031716,0.020937474391543063,0.0,1371
0.4432106858969106,0.020937474391543063,0.0,1372
0.4434565270835041,0.020937474391543063,0.0,1373
0.4437023682700975,0.020937474391543063,0.0,1374
0.443948209456691,0.020937474391543063,0.0,1375
0.44419405064328443,0.020937474391543063,0.0,1376
0.4444398918298779,0.020937474391543063,0.0,1377
0.44468573301647135,0.020937474391543063,0.0,1378
0.44493157420306484,0.020937474391543063,0.0,1379
0.44517741538965827,0.020937474391543063,0.0,1380
0.44542325657625176,0.020937474391543063,0.0,1381
0.4456690977628452,0.020937474391543063,0.0,1382
0.4459149389494387,0.020937474391543063,0.0,1383
0.4461607801360321,0.020937474391543063,0.0,1384
0.4464066213226256,0.020937474391543063,0.0,1385
0.44665246250921903,0.020937474391543063,0.0,1386
0.4468983036958125,0.020937474391543063,0.0,1387
0.44714414488240595,0.020937474391543063,0.0,1388
0.44738998606899943,0.020937474391543063,0.0,1389
0.44763582725559287,0.020937474391543063,0.0,1390
0.44788166844218635,0.020937474391543063,0.0,1391
0.4481275096287798,0.020937474391543063,0.0,1392
0.4483733508153733,0.020937474391543063,0.0,1393
0.4486191920019667,0.020937474391543063,0.0,1394
0.4488650331885602,0.020937474391543063,0.0,1395
0.4491108743751536,0.020937474391543063,0.0,1396
0.4493567155617471,0.020937474391543063,0.0,1397
0.4496025567483406,0.020937474391543063,0.0,1398
0.44984839793493403,0.020937474391543063,0.0,1399
0.4500942391215275,0.020937474391543063,0.0,1400
0.45034008030812095,0.020937474391543063,0.0,1401
0.45058592149471444,0.020937474391543063,0.0,1402
0.45083176268130787,0.020937474391543063,0.0,1403
0.45107760386790136,0.022658362697697287,0.0017208883061542238,1404
0.4513234450544948,0.022658362697697287,0.0,1405
0.4515692862410883,0.022658362697697287,0.0,1406
0.4518151274276817,0.022658362697697287,0.0,1407
0.4520609686142752,0.022658362697697287,0.0,1408
0.4523068098008686,0.022658362697697287,0.0,1409
0.4525526509874621,0.022658362697697287,0.0,1410
0.45279849217405554,0.022658362697697287,0.0,1411
0.45304433336064903,0.022699336228796198,4.097353109891108e-05,1412
0.45329017454724246,0.022699336228796198,0.0,1413
0.45353601573383595,0.022699336228796198,0.0,1414
0.4537818569204294,0.022699336228796198,0.0,1415
0.45402769810702287,0.022699336228796198,0.0,1416
0.4542735392936163,0.022699336228796198,0.0,1417
0.4545193804802098,0.022699336228796198,0.0,1418
0.4547652216668032,0.022699336228796198,0.0,1419
0.4550110628533967,0.022699336228796198,0.0,1420
0.45525690403999014,0.022699336228796198,0.0,1421
0.4555027452265836,0.022699336228796198,0.0,1422
0.4557485864131771,0.022699336228796198,0.0,1423
0.45599442759977055,0.022699336228796198,0.0,1424
0.45624026878636403,0.022699336228796198,0.0,1425
0.45648610997295747,0.022699336228796198,0.0,1426
0.45673195115955095,0.022699336228796198,0.0,1427
0.4569777923461444,0.022699336228796198,0.0,1428
0.45722363353273787,0.022699336228796198,0.0,1429
0.4574694747193313,0.022699336228796198,0.0,1430
0.4577153159059248,0.022699336228796198,0.0,1431
0.4579611570925182,0.022699336228796198,0.0,1432
0.4582069982791117,0.022699336228796198,0.0,1433
0.45845283946570514,0.022699336228796198,0.0,1434
0.45869868065229863,0.022699336228796198,0.0,1435
0.45894452183889206,0.022699336228796198,0.0,1436
0.45919036302548555,0.022699336228796198,0.0,1437
0.459436204212079,0.022699336228796198,0.0,1438
0.45968204539867247,0.022699336228796198,0.0,1439
0.4599278865852659,0.022699336228796198,0.0,1440
0.4601737277718594,0.022699336228796198,0.0,1441
0.4604195689584528,0.022699336228796198,0.0,1442
0.4606654101450463,0.022699336228796198,0.0,1443
0.46091125133163974,0.022699336228796198,0.0,1444
0.4611570925182332,0.022699336228796198,0.0,1445
0.46140293370482666,0.022699336228796198,0.0,1446
0.46164877489142014,0.022699336228796198,0.0,1447
0.4618946160780136,0.022699336228796198,0.0,1448
0.46214045726460706,0.022699336228796198,0.0,1449
0.46238629845120055,0.022699336228796198,0.0,1450
0.462632139637794,0.022699336228796198,0.0,1451
0.46287798082438747,0.022699336228796198,0.0,1452
0.4631238220109809,0.022699336228796198,0.0,1453
0.4633696631975744,0.022699336228796198,0.0,1454
0.4636155043841678,0.022699336228796198,0.0,1455
0.4638613455707613,0.022699336228796198,0.0,1456
0.46410718675735474,0.022699336228796198,0.0,1457
0.4643530279439482,0.022699336228796198,0.0,1458
0.46459886913054166,0.022699336228796198,0.0,1459
0.46484471031713515,0.022699336228796198,0.0,1460
0.4650905515037286,0.022699336228796198,0.0,1461
0.46533639269032206,0.022699336228796198,0.0,1462
0.4655822338769155,0.022699336228796198,0.0,1463
0.465828075063509,0.022699336228796198,0.0,1464
0.4660739162501024,0.022699336228796198,0.0,1465
0.4663197574366959,0.022699336228796198,0.0,1466
0.46656559862328933,0.022699336228796198,0.0,1467
0.4668114398098828,0.022699336228796198,0.0,1468
0.46705728099647625,0.022699336228796198,0.0,1469
0.46730312218306974,0.022699336228796198,0.0,1470
0.4675489633696632,0.022699336228796198,0.0,1471
0.46779480455625666,0.022699336228796198,0.0,1472
0.4680406457428501,0.022699336228796198,0.0,1473
0.4682864869294436,0.022699336228796198,0.0,1474
0.46853232811603707,0.022699336228796198,0.0,1475
0.4687781693026305,0.022699336228796198,0.0,1476
0.469024010489224,0.022699336228796198,0.0,1477
0.4692698516758174,0.022699336228796198,0.0,1478
0.4695156928624109,0.022699336228796198,0.0,1479
0.46976153404900434,0.022699336228796198,0.0,1480
0.4700073752355978,0.022699336228796198,0.0,1481
0.47025321642219126,0.022699336228796198,0.0,1482
0.47049905760878474,0.022699336228796198,0.0,1483
0.4707448987953782,0.022699336228796198,0.0,1484
0.47099073998197166,0.022699336228796198,0.0,1485
0.4712365811685651,0.022699336228796198,0.0,1486
0.4714824223551586,0.022699336228796198,0.0,1487
0.471728263541752,0.02302712447758748,0.0003277882487912817,1488
0.4719741047283455,0.02302712447758748,0.0,1489
0.47221994591493893,0.02302712447758748,0.0,1490
0.4724657871015324,0.02302712447758748,0.0,1491
0.47271162828812585,0.02302712447758748,0.0,1492
0.47295746947471934,0.02302712447758748,0.0,1493
0.47320331066131277,0.02302712447758748,0.0,1494
0.47344915184790626,0.02372367450626895,0.000696550028681471,1495
0.4736949930344997,0.02376464803736786,4.097353109891108e-05,1496
0.4739408342210932,0.02384659509956568,8.194706219781869e-05,1497
0.4741866754076866,0.02388756863066459,4.097353109891108e-05,1498
0.4744325165942801,0.02388756863066459,0.0,1499
0.47471933131197247,0.02388756863066459,0.0,1500
0.47500614602966484,0.02388756863066459,0.0,1501
0.4752929607473572,0.02388756863066459,0.0,1502
0.4755797754650496,0.02388756863066459,0.0,1503
0.47586659018274197,0.02388756863066459,0.0,1504
0.47615340490043434,0.02388756863066459,0.0,1505
0.4764402196181267,0.02388756863066459,0.0,1506
0.47672703433581903,0.02388756863066459,0.0,1507
0.4770138490535114,0.02388756863066459,0.0,1508
0.4773006637712038,0.02388756863066459,0.0,1509
0.47758747848889616,0.02388756863066459,0.0,1510
0.47787429320658853,0.02388756863066459,0.0,1511
0.4781611079242809,0.02388756863066459,0.0,1512
0.4784479226419733,0.02388756863066459,0.0,1513
0.47873473735966565,0.02388756863066459,0.0,1514
0.479021552077358,0.023928542161763502,4.097353109891108e-05,1515
0.4793083667950504,0.023928542161763502,0.0,1516
0.4795951815127428,0.023928542161763502,0.0,1517
0.47988199623043515,0.023928542161763502,0.0,1518
0.4801688109481275,0.023928542161763502,0.0,1519
0.4804556256658199,0.023928542161763502,0.0,1520
0.48074244038351227,0.023928542161763502,0.0,1521
0.48102925510120464,0.023928542161763502,0.0,1522
0.481316069818897,0.023928542161763502,0.0,1523
0.48160288453658934,0.023928542161763502,0.0,1524
0.4818896992542817,0.023928542161763502,0.0,1525
0.4821765139719741,0.023928542161763502,0.0,1526
0.48246332868966646,0.023928542161763502,0.0,1527
0.48275014340735883,0.023928542161763502,0.0,1528
0.4830369581250512,0.023928542161763502,0.0,1529
0.4833237728427436,0.023928542161763502,0.0,1530
0.48361058756043596,0.023928542161763502,0.0,1531
0.48389740227812833,0.023928542161763502,0.0,1532
0.4841842169958207,0.023928542161763502,0.0,1533
0.4844710317135131,0.023928542161763502,0.0,1534
0.48475784643120545,0.023928542161763502,0.0,1535
0.4850446611488978,0.023928542161763502,0.0,1536
0.4853314758665902,0.023928542161763502,0.0,1537
0.4856182905842826,0.023928542161763502,0.0,1538
0.48590510530197495,0.023928542161763502,0.0,1539
0.48619192001966727,0.023928542161763502,0.0,1540
0.48647873473735964,0.023928542161763502,0.0,1541
0.486765549455052,0.023928542161763502,0.0,1542
0.4870523641727444,0.023928542161763502,0.0,1543
0.48733917889043676,0.023928542161763502,0.0,1544
0.48762599360812914,0.023928542161763502,0.0,1545
0.4879128083258215,0.023928542161763502,0.0,1546
0.4881996230435139,0.023928542161763502,0.0,1547
0.48848643776120626,0.023928542161763502,0.0,1548
0.48877325247889863,0.024461198066049333,0.0005326559042858302,1549
0.489060067196591,0.024461198066049333,0.0,1550
0.4893468819142834,0.024461198066049333,0.0,1551
0.48963369663197576,0.024461198066049333,0.0,1552
0.48992051134966813,0.024461198066049333,0.0,1553
0.4902073260673605,0.024461198066049333,0.0,1554
0.4904941407850529,0.024461198066049333,0.0,1555
0.49078095550274525,0.024461198066049333,0.0,1556
0.49106777022043757,0.024461198066049333,0.0,1557
0.49135458493812995,0.024461198066049333,0.0,1558
0.4916413996558223,0.024461198066049333,0.0,1559
0.4919282143735147,0.024461198066049333,0.0,1560
0.49221502909120707,0.024461198066049333,0.0,1561
0.49250184380889944,0.024461198066049333,0.0,1562
0.4927886585265918,0.024461198066049333,0.0,1563
0.4930754732442842,0.024461198066049333,0.0,1564
0.49336228796197656,0.024461198066049333,0.0,1565
0.49364910267966894,0.024461198066049333,0.0,1566
0.4939359173973613,0.024461198066049333,0.0,1567
0.4942227321150537,0.024461198066049333,0.0,1568
0.49450954683274606,0.024461198066049333,0.0,1569
0.49479636155043843,0.024461198066049333,0.0,1570
0.4950831762681308,0.024461198066049333,0.0,1571
0.4953699909858232,0.024461198066049333,0.0,1572
0.4956568057035155,0.024461198066049333,0.0,1573
0.4959436204212079,0.024461198066049333,0.0,1574
0.49623043513890025,0.024461198066049333,0.0,1575
0.4965172498565926,0.024461198066049333,0.0,1576
0.496804064574285,0.024461198066049333,0.0,1577
0.49709087929197737,0.024461198066049333,0.0,1578
0.49737769400966975,0.024461198066049333,0.0,1579
0.4976645087273621,0.024461198066049333,0.0,1580
0.4979513234450545,0.024461198066049333,0.0,1581
0.49823813816274687,0.024461198066049333,0.0,1582
0.49852495288043924,0.024461198066049333,0.0,1583
0.4988117675981316,0.024461198066049333,0.0,1584
0.499098582315824,0.024461198066049333,0.0,1585
0.49938539703351637,0.024461198066049333,0.0,1586
0.49967221175120874,0.024461198066049333,0.0,1587
0.4999590264689011,0.024461198066049333,0.0,1588
0.5002458411865934,0.024461198066049333,0.0,1589
0.5005326559042859,0.024461198066049333,0.0,1590
0.5008194706219782,0.024461198066049333,0.0,1591
0.5011062853396706,0.024461198066049333,0.0,1592
0.5013931000573629,0.024461198066049333,0.0,1593
0.5016799147750554,0.024461198066049333,0.0,1594
0.5019667294927477,0.024461198066049333,0.0,1595
0.5022535442104401,0.024461198066049333,0.0,1596
0.5025403589281324,0.024461198066049333,0.0,1597
0.5028271736458247,0.024461198066049333,0.0,1598
0.5031139883635172,0.024461198066049333,0.0,1599
0.5034008030812095,0.024461198066049333,0.0,1600
0.5036876177989019,0.024461198066049333,0.0,1601
0.5039744325165942,0.024461198066049333,0.0,1602
0.5042612472342867,0.024461198066049333,0.0,1603
0.504548061951979,0.024461198066049333,0.0,1604
0.5048348766696714,0.024461198066049333,0.0,1605
0.5051216913873637,0.024461198066049333,0.0,1606
0.5054085061050562,0.024461198066049333,0.0,1607
0.5056953208227485,0.024461198066049333,0.0,1608
0.5059821355404409,0.024461198066049333,0.0,1609
0.5062689502581332,0.024461198066049333,0.0,1610
0.5065557649758257,0.024461198066049333,0.0,1611
0.506842579693518,0.024461198066049333,0.0,1612
0.5071293944112104,0.024461198066049333,0.0,1613
0.5074162091289027,0.024461198066049333,0.0,1614
0.507703023846595,0.024461198066049333,0.0,1615
0.5079898385642875,0.024461198066049333,0.0,1616
0.5082766532819798,0.024461198066049333,0.0,1617
0.5085634679996722,0.024461198066049333,0.0,1618
0.5088093091862657,0.024461198066049333,0.0,1619
0.5090551503728591,0.024461198066049333,0.0,1620
0.5093009915594526,0.024461198066049333,0.0,1621
0.5095468327460461,0.024461198066049333,0.0,1622
0.5097926739326395,0.024461198066049333,0.0,1623
0.5100385151192329,0.024461198066049333,0.0,1624
0.5102843563058265,0.024461198066049333,0.0,1625
0.5105301974924199,0.024461198066049333,0.0,1626
0.5107760386790133,0.024461198066049333,0.0,1627
0.5110218798656068,0.024461198066049333,0.0,1628
0.5112677210522003,0.024461198066049333,0.0,1629
0.5115135622387937,0.024461198066049333,0.0,1630
0.5117594034253872,0.024461198066049333,0.0,1631
0.5120052446119807,0.024461198066049333,0.0,1632
0.5122510857985741,0.024461198066049333,0.0,1633
0.5124969269851676,0.024461198066049333,0.0,1634
0.512742768171761,0.024461198066049333,0.0,1635
0.5129886093583546,0.024461198066049333,0.0,1636
0.513234450544948,0.024461198066049333,0.0,1637
0.5134802917315414,0.024461198066049333,0.0,1638
0.5137261329181348,0.024461198066049333,0.0,1639
0.5139719741047284,0.024461198066049333,0.0,1640
0.5142178152913218,0.024461198066049333,0.0,1641
0.5144636564779153,0.024461198066049333,0.0,1642
0.5147094976645087,0.024461198066049333,0.0,1643
0.5149553388511022,0.024461198066049333,0.0,1644
0.5152011800376957,0.024461198066049333,0.0,1645
0.5154470212242891,0.024461198066049333,0.0,1646
0.5156928624108825,0.024461198066049333,0.0,1647
0.5159387035974761,0.024461198066049333,0.0,1648
0.5161845447840695,0.024461198066049333,0.0,1649
0.5164303859706629,0.024461198066049333,0.0,1650
0.5166762271572564,0.024461198066049333,0.0,1651
0.5169220683438499,0.024461198066049333,0.0,1652
0.5171679095304433,0.024461198066049333,0.0,1653
0.5174137507170368,0.024461198066049333,0.0,1654
0.5176595919036302,0.024461198066049333,0.0,1655
0.5179054330902237,0.024461198066049333,0.0,1656
0.5181512742768172,0.024461198066049333,0.0,1657
0.5183971154634106,0.024461198066049333,0.0,1658
0.5186429566500041,0.024461198066049333,0.0,1659
0.5188887978365976,0.024461198066049333,0.0,1660
0.519134639023191,0.024461198066049333,0.0,1661
0.5193804802097844,0.024461198066049333,0.0,1662
0.519626321396378,0.024461198066049333,0.0,1663
0.5198721625829714,0.024461198066049333,0.0,1664
0.5201180037695649,0.024461198066049333,0.0,1665
0.5203638449561583,0.024461198066049333,0.0,1666
0.5206096861427518,0.024461198066049333,0.0,1667
0.5208555273293453,0.024461198066049333,0.0,1668
0.5211013685159387,0.024461198066049333,0.0,1669
0.5213472097025321,0.024461198066049333,0.0,1670
0.5215930508891257,0.024461198066049333,0.0,1671
0.5218388920757191,0.024461198066049333,0.0,1672
0.5220847332623125,0.024461198066049333,0.0,1673
0.522330574448906,0.024461198066049333,0.0,1674
0.5225764156354995,0.024461198066049333,0.0,1675
0.5228222568220929,0.024461198066049333,0.0,1676
0.5230680980086864,0.024461198066049333,0.0,1677
0.5233139391952798,0.024461198066049333,0.0,1678
0.5235597803818733,0.024461198066049333,0.0,1679
0.5238056215684668,0.024461198066049333,0.0,1680
0.5240514627550602,0.024461198066049333,0.0,1681
0.5242973039416536,0.024461198066049333,0.0,1682
0.5245431451282472,0.024461198066049333,0.0,1683
0.5247889863148406,0.024461198066049333,0.0,1684
0.525034827501434,0.024461198066049333,0.0,1685
0.5252806686880276,0.024461198066049333,0.0,1686
0.525526509874621,0.024461198066049333,0.0,1687
0.5257723510612144,0.024461198066049333,0.0,1688
0.5260181922478079,0.024461198066049333,0.0,1689
0.5262640334344014,0.024461198066049333,0.0,1690
0.5265098746209949,0.024461198066049333,0.0,1691
0.5267557158075883,0.024461198066049333,0.0,1692
0.5270015569941817,0.024461198066049333,0.0,1693
0.5272473981807753,0.024461198066049333,0.0,1694
0.5274932393673687,0.024461198066049333,0.0,1695
0.5277390805539621,0.024461198066049333,0.0,1696
0.5279849217405556,0.024461198066049333,0.0,1697
0.5282307629271491,0.024461198066049333,0.0,1698
0.5284766041137425,0.024461198066049333,0.0,1699
0.528722445300336,0.024461198066049333,0.0,1700
0.5289682864869294,0.024461198066049333,0.0,1701
0.5292141276735229,0.024461198066049333,0.0,1702
0.5294599688601164,0.024461198066049333,0.0,1703
0.5297058100467098,0.024461198066049333,0.0,1704
0.5299516512333032,0.024461198066049333,0.0,1705
0.5301974924198968,0.024461198066049333,0.0,1706
0.5304433336064902,0.024461198066049333,0.0,1707
0.5306891747930836,0.024461198066049333,0.0,1708
0.5309350159796772,0.024461198066049333,0.0,1709
0.5311808571662706,0.024461198066049333,0.0,1710
0.531426698352864,0.024461198066049333,0.0,1711
0.5316725395394575,0.024461198066049333,0.0,1712
0.531918380726051,0.024461198066049333,0.0,1713
0.5321642219126445,0.024461198066049333,0.0,1714
0.5324100630992379,0.024461198066049333,0.0,1715
0.5326559042858313,0.024461198066049333,0.0,1716
0.5329017454724249,0.024461198066049333,0.0,1717
0.5331475866590183,0.024461198066049333,0.0,1718
0.5333934278456117,0.024461198066049333,0.0,1719
0.5336392690322052,0.024461198066049333,0.0,1720
0.5338851102187987,0.024461198066049333,0.0,1721
0.5341309514053921,0.024461198066049333,0.0,1722
0.5343767925919856,0.024461198066049333,0.0,1723
0.534622633778579,0.024461198066049333,0.0,1724
0.5348684749651725,0.024461198066049333,0.0,1725
0.535114316151766,0.024461198066049333,0.0,1726
0.5353601573383594,0.024461198066049333,0.0,1727
0.5356059985249528,0.024461198066049333,0.0,1728
0.5358518397115464,0.024461198066049333,0.0,1729
0.5360976808981398,0.024461198066049333,0.0,1730
0.5363435220847332,0.024461198066049333,0.0,1731
0.5365893632713267,0.024461198066049333,0.0,1732
0.5368352044579202,0.024461198066049333,0.0,1733
0.5370810456445136,0.024461198066049333,0.0,1734
0.5373268868311071,0.024461198066049333,0.0,1735
0.5375727280177006,0.024461198066049333,0.0,1736
0.537818569204294,0.024461198066049333,0.0,1737
0.5380644103908875,0.024461198066049333,0.0,1738
0.5383102515774809,0.024461198066049333,0.0,1739
0.5385560927640745,0.024461198066049333,0.0,1740
0.5388019339506679,0.024461198066049333,0.0,1741
0.5390477751372613,0.024461198066049333,0.0,1742
0.5392936163238548,0.024461198066049333,0.0,1743
0.5395394575104483,0.024461198066049333,0.0,1744
0.5397852986970417,0.024461198066049333,0.0,1745
0.5400311398836352,0.024461198066049333,0.0,1746
0.5402769810702286,0.024461198066049333,0.0,1747
0.5405228222568221,0.024461198066049333,0.0,1748
0.5407686634434156,0.024461198066049333,0.0,1749
0.541014504630009,0.024461198066049333,0.0,1750
0.5412603458166024,0.024461198066049333,0.0,1751
0.541506187003196,0.024461198066049333,0.0,1752
0.5417520281897894,0.024461198066049333,0.0,1753
0.5419978693763828,0.024461198066049333,0.0,1754
0.5422437105629763,0.024461198066049333,0.0,1755
0.5424895517495698,0.024461198066049333,0.0,1756
0.5427353929361632,0.024461198066049333,0.0,1757
0.5429812341227567,0.024461198066049333,0.0,1758
0.5432270753093501,0.024461198066049333,0.0,1759
0.5434729164959436,0.024461198066049333,0.0,1760
0.5437187576825371,0.024461198066049333,0.0,1761
0.5439645988691305,0.024461198066049333,0.0,1762
0.544210440055724,0.024461198066049333,0.0,1763
0.5444562812423175,0.024461198066049333,0.0,1764
0.5447021224289109,0.024461198066049333,0.0,1765
0.5449479636155043,0.024461198066049333,0.0,1766
0.5451938048020979,0.024461198066049333,0.0,1767
0.5454396459886913,0.024461198066049333,0.0,1768
0.5456854871752848,0.024461198066049333,0.0,1769
0.5459313283618782,0.024461198066049333,0.0,1770
0.5461771695484717,0.024461198066049333,0.0,1771
0.5464230107350652,0.024461198066049333,0.0,1772
0.5466688519216586,0.024461198066049333,0.0,1773
0.546914693108252,0.024461198066049333,0.0,1774
0.5471605342948456,0.024461198066049333,0.0,1775
0.547406375481439,0.024461198066049333,0.0,1776
0.5476522166680324,0.024461198066049333,0.0,1777
0.5478980578546259,0.024461198066049333,0.0,1778
0.5481438990412194,0.024461198066049333,0.0,1779
0.5483897402278128,0.024461198066049333,0.0,1780
0.5486355814144063,0.024461198066049333,0.0,1781
0.5488814226009997,0.024461198066049333,0.0,1782
0.5491272637875932,0.024461198066049333,0.0,1783
0.5493731049741867,0.024461198066049333,0.0,1784
0.5496189461607801,0.024461198066049333,0.0,1785
0.5498647873473737,0.024461198066049333,0.0,1786
0.5501106285339671,0.024461198066049333,0.0,1787
0.5503564697205605,0.024461198066049333,0.0,1788
0.550602310907154,0.024461198066049333,0.0,1789
0.5508481520937475,0.024461198066049333,0.0,1790
0.5510939932803409,0.024461198066049333,0.0,1791
0.5513398344669344,0.024461198066049333,0.0,1792
0.5515856756535278,0.024461198066049333,0.0,1793
0.5518315168401213,0.024461198066049333,0.0,1794
0.5520773580267148,0.024461198066049333,0.0,1795
0.5523231992133082,0.024461198066049333,0.0,1796
0.5525690403999016,0.024461198066049333,0.0,1797
0.5528148815864952,0.024461198066049333,0.0,1798
0.5530607227730886,0.024461198066049333,0.0,1799
0.553306563959682,0.024461198066049333,0.0,1800
0.5535524051462755,0.024461198066049333,0.0,1801
0.553798246332869,0.024461198066049333,0.0,1802
0.5540440875194624,0.024461198066049333,0.0,1803
0.5542899287060559,0.024461198066049333,0.0,1804
0.5545357698926493,0.024461198066049333,0.0,1805
0.5547816110792428,0.024461198066049333,0.0,1806
0.5550274522658363,0.024461198066049333,0.0,1807
0.5552732934524297,0.024461198066049333,0.0,1808
0.5555191346390231,0.024461198066049333,0.0,1809
0.5557649758256167,0.024461198066049333,0.0,1810
0.5560108170122101,0.024461198066049333,0.0,1811
0.5562566581988035,0.024461198066049333,0.0,1812
0.5565024993853971,0.024461198066049333,0.0,1813
0.5567483405719905,0.024461198066049333,0.0,1814
0.556994181758584,0.024461198066049333,0.0,1815
0.5572400229451774,0.024461198066049333,0.0,1816
0.5574858641317709,0.024461198066049333,0.0,1817
0.5577317053183644,0.024461198066049333,0.0,1818
0.5579775465049578,0.024461198066049333,0.0,1819
0.5582233876915512,0.024461198066049333,0.0,1820
0.5584692288781448,0.024461198066049333,0.0,1821
0.5587150700647382,0.024461198066049333,0.0,1822
0.5589609112513316,0.024461198066049333,0.0,1823
0.5592067524379251,0.024461198066049333,0.0,1824
0.5594525936245186,0.024461198066049333,0.0,1825
0.559698434811112,0.024461198066049333,0.0,1826
0.5599442759977055,0.024461198066049333,0.0,1827
0.5601901171842989,0.024461198066049333,0.0,1828
0.5604359583708924,0.024461198066049333,0.0,1829
0.5606817995574859,0.024461198066049333,0.0,1830
0.5609276407440793,0.024461198066049333,0.0,1831
0.5611734819306727,0.024461198066049333,0.0,1832
0.5614193231172663,0.024461198066049333,0.0,1833
0.5616651643038597,0.024461198066049333,0.0,1834
0.5619110054904531,0.024461198066049333,0.0,1835
0.5621568466770466,0.024461198066049333,0.0,1836
0.5622797672703433,0.024461198066049333,0.0,1837
0.5623207408014422,0.024461198066049333,0.0,1838
0.5623617143325412,0.024461198066049333,0.0,1839
