sample,sample_label,terminal_object_id,terminal_ancestry_level0_cells,checkpoint,actual_u,n_precursor_objects
healthy_reference,Healthy brain,344,149,labels_000000.npz,0.0,149
healthy_reference,Healthy brain,344,149,labels_000701.npz,0.25682209292796854,71
healthy_reference,Healthy brain,344,149,labels_001601.npz,0.5034008030812095,18
healthy_reference,Healthy brain,344,149,labels_001841.npz,0.5623617143325412,1
healthy_reference,Healthy brain,340,122,labels_000000.npz,0.0,122
healthy_reference,Healthy brain,340,122,labels_000701.npz,0.25682209292796854,63
healthy_reference,Healthy brain,340,122,labels_001601.npz,0.5034008030812095,7
healthy_reference,Healthy brain,340,122,labels_001841.npz,0.5623617143325412,1
healthy_reference,Healthy brain,1568,70,labels_000000.npz,0.0,70
healthy_reference,Healthy brain,1568,70,labels_000701.npz,0.25682209292796854,35
healthy_reference,Healthy brain,1568,70,labels_001601.npz,0.5034008030812095,1
healthy_reference,Healthy brain,1568,70,labels_001841.npz,0.5623617143325412,1
healthy_reference,Healthy brain,17175,37,labels_000000.npz,0.0,37
healthy_reference,Healthy brain,17175,37,labels_000701.npz,0.25682209292796854,35
healthy_reference,Healthy brain,17175,37,labels_001601.npz,0.5034008030812095,3
healthy_reference,Healthy brain,17175,37,labels_001841.npz,0.5623617143325412,1
healthy_reference,Healthy brain,17266,25,labels_000000.npz,0.0,25
healthy_reference,Healthy brain,17266,25,labels_000701.npz,0.25682209292796854,7
healthy_reference,Healthy brain,17266,25,labels_001601.npz,0.5034008030812095,3
healthy_reference,Healthy brain,17266,25,labels_001841.npz,0.5623617143325412,1
healthy_reference,Healthy brain,1613,22,labels_000000.npz,0.0,22
healthy_reference,Healthy brain,1613,22,labels_000701.npz,0.25682209292796854,6
healthy_reference,Healthy brain,1613,22,labels_001601.npz,0.5034008030812095,1
healthy_reference,Healthy brain,1613,22,labels_001841.npz,0.5623617143325412,1
nondiseased_kidney,Nondiseased kidney,80828,157,labels_000000.npz,0.0,157
nondiseased_kidney,Nondiseased kidney,80828,157,labels_000701.npz,0.2476219762197622,143
nondiseased_kidney,Nondiseased kidney,80828,157,labels_001651.npz,0.49723247232472323,13
nondiseased_kidney,Nondiseased kidney,80828,157,labels_001994.npz,0.5767527675276752,1
nondiseased_kidney,Nondiseased kidney,81449,76,labels_000000.npz,0.0,76
nondiseased_kidney,Nondiseased kidney,81449,76,labels_000701.npz,0.2476219762197622,76
nondiseased_kidney,Nondiseased kidney,81449,76,labels_001651.npz,0.49723247232472323,61
nondiseased_kidney,Nondiseased kidney,81449,76,labels_001994.npz,0.5767527675276752,1
nondiseased_kidney,Nondiseased kidney,81856,62,labels_000000.npz,0.0,62
nondiseased_kidney,Nondiseased kidney,81856,62,labels_000701.npz,0.2476219762197622,38
nondiseased_kidney,Nondiseased kidney,81856,62,labels_001651.npz,0.49723247232472323,1
nondiseased_kidney,Nondiseased kidney,81856,62,labels_001994.npz,0.5767527675276752,1
nondiseased_kidney,Nondiseased kidney,3496,59,labels_000000.npz,0.0,59
nondiseased_kidney,Nondiseased kidney,3496,59,labels_000701.npz,0.2476219762197622,5
nondiseased_kidney,Nondiseased kidney,3496,59,labels_001651.npz,0.49723247232472323,1
nondiseased_kidney,Nondiseased kidney,3496,59,labels_001994.npz,0.5767527675276752,1
nondiseased_kidney,Nondiseased kidney,6890,48,labels_000000.npz,0.0,48
nondiseased_kidney,Nondiseased kidney,6890,48,labels_000701.npz,0.2476219762197622,10
nondiseased_kidney,Nondiseased kidney,6890,48,labels_001651.npz,0.49723247232472323,1
nondiseased_kidney,Nondiseased kidney,6890,48,labels_001994.npz,0.5767527675276752,1
nondiseased_kidney,Nondiseased kidney,1706,28,labels_000000.npz,0.0,28
nondiseased_kidney,Nondiseased kidney,1706,28,labels_000701.npz,0.2476219762197622,26
nondiseased_kidney,Nondiseased kidney,1706,28,labels_001651.npz,0.49723247232472323,1
nondiseased_kidney,Nondiseased kidney,1706,28,labels_001994.npz,0.5767527675276752,1
