gene,n_states,max_abs_cell_assoc,max_abs_object_assoc,association_range,early_mean,middle_mean,late_mean,median_three_way_score,concordant_fraction,max_abs_cell_assoc_pct,association_range_pct,median_three_way_score_pct,concordant_fraction_pct,rank_score
SFRP4,25,0.3125211383308733,0.2858412134642339,0.6046647744469325,-0.16279312658233366,0.15044437017563322,-0.09944917369139838,0.1278851533759905,0.84,0.9972144846796658,1.0,1.0,0.9623955431754875,3.9596100278551534
THBS2,25,0.2813636599732364,0.2562751582218223,0.5196596110434961,-0.12441212784567525,0.15231783645442612,-0.07979746620264806,0.1153468929509526,0.88,0.9832869080779945,0.9888579387186629,0.9944289693593314,0.9874651810584958,3.954038997214485
CNN1,25,0.2355232528308024,0.2168465585749125,0.4566764988684183,-0.11446209075371257,0.08617454658832832,-0.10596790555003349,0.0864466675115175,0.84,0.9610027855153204,0.9805013927576601,0.9805013927576601,0.9623955431754875,3.884401114206128
FBLN1,25,0.3072764455138237,0.2875678191313358,0.5056575464252032,-0.10532587092677344,0.20036422835399748,-0.0511885283453781,0.113330470112093,0.76,0.9916434540389972,0.9860724233983287,0.9916434540389972,0.8537604456824512,3.8231197771587744
VCAN,25,0.2051711661445791,0.1956928492828132,0.3956588435388826,-0.09187913044753256,0.10596335413204101,-0.06419453431783671,0.077872802257912,0.8,0.947075208913649,0.9665738161559888,0.9749303621169917,0.9108635097493036,3.799442896935933
DES,25,0.2381411398965149,0.2383702102886551,0.4487448000034726,-0.11541620849224372,0.1032615904500731,-0.11181362187859573,0.0925817029833645,0.76,0.9693593314763231,0.9777158774373259,0.9832869080779945,0.8537604456824512,3.784122562674095
SFRP2,25,0.1588264235643646,0.134760725259416,0.2977413404274864,-0.07107519888526927,0.08323324924800912,-0.036360095415248414,0.0474285992044765,0.88,0.9108635097493036,0.9331476323119777,0.9498607242339833,0.9874651810584958,3.7813370473537606
C7,25,0.1994880214786094,0.1778778608613476,0.3218016716253047,-0.07565447903564572,0.16202880779411585,-0.01476348925509492,0.0854699582270565,0.8,0.9415041782729805,0.9442896935933147,0.9777158774373259,0.9108635097493036,3.7743732590529246
MYH11,25,0.2986142688736149,0.286465905416562,0.5502225029796584,-0.10865843073679922,0.11155919389551645,-0.1257319104566675,0.0966495116626688,0.72,0.9888579387186629,0.9916434540389972,0.9860724233983287,0.7855153203342619,3.7520891364902504
LTBP2,25,0.2420719812625117,0.2258202279209205,0.4400101940175716,-0.10075037347328167,0.1296754084313905,-0.06395435564479518,0.0648264046667971,0.72,0.9749303621169917,0.9749303621169917,0.9637883008356546,0.7855153203342619,3.6991643454039
GEM,25,0.2358333339376974,0.2201838019671021,0.4242092533860255,-0.0804727791446337,0.10679258393336352,-0.07383814754421424,0.070330092101761,0.72,0.9637883008356546,0.9721448467966574,0.9665738161559888,0.7855153203342619,3.688022284122563
ACTA2,25,0.3335195546598559,0.3291565192032814,0.5861871866551189,-0.10024052201532731,0.15926777304255293,-0.09985067911289103,0.1184201426218249,0.68,1.0,0.9972144846796658,0.9972144846796658,0.692200557103064,3.6866295264623954
MYLK,25,0.3113726962531407,0.2997071398897273,0.57319722118441,-0.11348071278545528,0.12465539212566326,-0.10889412996006774,0.0983630797837696,0.68,0.9944289693593314,0.9944289693593314,0.9888579387186629,0.692200557103064,3.66991643454039
MFAP5,25,0.23000362996148,0.2024006125231734,0.3491836214971343,-0.06436557223291327,0.1857321677197377,-0.00026973203355016434,0.0724265665996626,0.72,0.958217270194986,0.9498607242339833,0.9693593314763231,0.7855153203342619,3.6629526462395545
INMT,25,0.1889998378387266,0.1734399517539905,0.3116028044541507,-0.06359604085623445,0.12835121480987513,-0.02799057845950917,0.0621545783636884,0.72,0.9331476323119777,0.9387186629526463,0.9610027855153204,0.7855153203342619,3.6183844011142066
STC1,25,0.1338420062641714,0.1331180856725567,0.2385763138685784,0.10342038974189607,-0.0477790895710565,0.03920322184970367,0.0488738792576335,0.8,0.8662952646239555,0.8774373259052924,0.9526462395543176,0.9108635097493036,3.6072423398328692
IL2RA,25,0.1627836348498365,0.1125045287176473,0.2505779815674255,0.03927991396737716,-0.0938741418079208,0.011106358480292901,0.043824644467033,0.72,0.9164345403899722,0.8969359331476323,0.9387186629526463,0.7855153203342619,3.537604456824513
OGN,25,0.1669800187774812,0.1598920522413901,0.2670202762152518,-0.04151136891371978,0.14205712534286563,-0.0027540114599944343,0.0386622225399751,0.72,0.924791086350975,0.9025069637883009,0.9080779944289693,0.7855153203342619,3.520891364902507
PLA2G7,25,0.1652623147690528,0.1293049106095159,0.2688340336814975,0.05247404567036619,-0.10908998739308763,-0.003617520986652466,0.0595602418395423,0.68,0.9220055710306406,0.9080779944289693,0.958217270194986,0.692200557103064,3.4805013927576596
NKG7,25,0.2370941619563711,0.2154073256829641,0.3664725415916243,0.05339500432833335,-0.1354002992729722,0.007094472061551835,0.0772798777557539,0.64,0.9665738161559888,0.9554317548746518,0.9721448467966574,0.5807799442896936,3.4749303621169916
CXCL9,25,0.1648862203379249,0.1522079000823196,0.2906962275224694,0.0702508134791348,-0.09749601906845902,0.030912143721909664,0.0417324523310897,0.68,0.9192200557103064,0.9303621169916435,0.9275766016713092,0.692200557103064,3.4693593314763227
THY1,25,0.1982331249865997,0.1897261722776912,0.32875671367107717,-0.04613249238583782,0.10934946281979337,-0.029352528852174552,0.0494152895994465,0.64,0.9387186629526463,0.947075208913649,0.9554317548746518,0.5807799442896936,3.4220055710306405
ACTG2,25,0.1268500274003936,0.1672478380676603,0.2494507971475536,-0.03516103854536133,0.04842846111736043,-0.062463344329432485,0.0419770582284208,0.68,0.8607242339832869,0.8941504178272981,0.9303621169916435,0.692200557103064,3.3774373259052926
FHL2,25,0.1460910302039812,0.1387360023628944,0.2798790956829978,-0.05667426889806449,0.05103193988076896,-0.05691165046288199,0.0348010541184344,0.68,0.883008356545961,0.9192200557103064,0.883008356545961,0.692200557103064,3.3774373259052926
TREM2,25,0.0993432562020789,0.0992999841541057,0.1639318767645106,0.023114433767688482,-0.05235102310921993,0.011683560566676333,0.0286586817305773,0.8,0.7883008356545961,0.8022284122562674,0.8328690807799443,0.9108635097493036,3.3342618384401113
IL7R,25,0.2019064440224351,0.2172979304830035,0.27905088075691453,-0.0018906777334047728,0.11194172818760388,0.001683879225949284,0.0349398842323719,0.64,0.9442896935933147,0.9164345403899722,0.8885793871866295,0.5807799442896936,3.33008356545961
FBN1,25,0.2260606344619406,0.211992657222165,0.379979022216746,-0.07097433021802338,0.14639073523316357,-0.03087001475298362,0.0411057213872743,0.6,0.9554317548746518,0.9610027855153204,0.924791086350975,0.46935933147632314,3.31058495821727
CD79A,25,0.1496296305206183,0.1269075973329053,0.2426976982510241,-0.04478943795505003,0.09040321486701361,-0.013970976138175417,0.0464446832714445,0.64,0.8913649025069638,0.8857938718662952,0.9442896935933147,0.5807799442896936,3.3022284122562673
AQP9,25,0.1378277381913793,0.1212305696081419,0.2454936236570104,0.061203147527410386,-0.06996221897208636,0.020831333410549734,0.0445973049821616,0.64,0.8746518105849582,0.8913649025069638,0.9415041782729805,0.5807799442896936,3.288300835654596
CXCL6,25,0.0766283574540584,0.0622963188385942,0.1258871098903308,0.03146305928414859,-0.04218466112058783,0.016621769330230633,0.0374247654020212,0.84,0.7075208913649025,0.7158774373259053,0.8997214484679665,0.9623955431754875,3.2855153203342615
TNFRSF9,25,0.14887794534229,0.1546709694830131,0.2681252791274039,0.060237003770845385,-0.08084204072741823,0.019069189400236348,0.0385762720876255,0.64,0.8885793871866295,0.9052924791086351,0.9052924791086351,0.5807799442896936,3.2799442896935935
KRT7,25,0.1123233508996269,0.0990410550336564,0.1955932996710876,-0.03357253719888277,0.07190887784286178,-0.026687397647072352,0.0214686703258469,0.76,0.8384401114206128,0.8495821727019499,0.7270194986072424,0.8537604456824512,3.268802228412256
GZMB,25,0.0792086434670363,0.0900294373859155,0.1414488758033635,0.03318983303057706,-0.051512772324337895,0.007101925955598249,0.0324732550845529,0.8,0.7158774373259053,0.7465181058495822,0.8690807799442897,0.9108635097493036,3.242339832869081
LAG3,25,0.1340494104132809,0.130011725344803,0.22287581613966467,0.038681414719040685,-0.07552134600975421,0.011040802578184433,0.0405036357074215,0.64,0.8690807799442897,0.8690807799442897,0.9220055710306406,0.5807799442896936,3.2409470752089136
MARCO,25,0.1500590195296265,0.1556505404643215,0.2361099380887812,0.03578935515920197,-0.041397590038222985,0.027583496606692886,0.0348381273595471,0.64,0.8941504178272981,0.8746518105849582,0.8857938718662952,0.5807799442896936,3.235376044568245
MET,25,0.1165569384972443,0.1144219423927999,0.22795106590336378,0.08386753235426954,-0.05830277801392973,0.02718137771964033,0.0276395359503766,0.68,0.8440111420612814,0.871866295264624,0.8189415041782729,0.692200557103064,3.227019498607242
CFHR3,25,0.1193332106061003,0.1096510993894491,0.1610010754107779,-0.014213373680119601,0.09546307996489878,0.01705230624494235,0.0319098833280166,0.68,0.8495821727019499,0.7938718662952646,0.8635097493036211,0.692200557103064,3.1991643454039
ANGPT2,25,0.1194160741872272,0.1086015935887065,0.1325457332294851,0.08520761808447151,0.005883344700497113,0.024374327877861767,0.0398587574165794,0.68,0.8523676880222841,0.7325905292479109,0.9164345403899722,0.692200557103064,3.1935933147632314
CAVIN1,25,0.285705336449518,0.2901951045129488,0.4840166196234274,-0.07275344320124175,0.14908037266387902,-0.07739695942372389,0.040139735959898,0.52,0.9860724233983287,0.9832869080779945,0.9192200557103064,0.298050139275766,3.1866295264623954
ANPEP,25,0.0998950688700426,0.100638417015848,0.1817024826331256,0.07372717484935183,-0.04324883823112448,0.018140729454717366,0.0306455688081198,0.68,0.7938718662952646,0.8384401114206128,0.8523676880222841,0.692200557103064,3.176880222841225
FXYD2,25,0.0994923732544227,0.0984265144184208,0.17691228197778242,0.047693017805619305,-0.06138580292502993,0.009721582031102367,0.0324572549254548,0.68,0.7910863509749304,0.8272980501392758,0.8662952646239555,0.692200557103064,3.176880222841225
PDPN,25,0.0684288305377467,0.0715527429243786,0.1052556672218491,0.021721502496825286,-0.05626221517015613,-0.0031207497253803486,0.0430023710124608,0.8,0.6573816155988857,0.6573816155988857,0.935933147632312,0.9108635097493036,3.161559888579387
PRDM1,25,0.0944999978517204,0.080085491771456,0.1547688936978979,0.03543378238466817,-0.0602396365758456,-0.01584508011905383,0.039526928028281,0.68,0.7771587743732591,0.7771587743732591,0.9136490250696379,0.692200557103064,3.16016713091922
C15orf48,25,0.1586666806918785,0.1362546213357676,0.28899285150753873,0.08510058687829855,-0.07915665912281411,0.0280317110097629,0.042976250269355,0.56,0.9080779944289693,0.9275766016713092,0.9331476323119777,0.3802228412256267,3.149025069637883
APOBEC3A,25,0.0593661639937861,0.0659602448098152,0.11191876416773161,0.030747767696485986,-0.016044915109040513,0.028079049083346214,0.0352430965055531,0.84,0.6128133704735376,0.6713091922005571,0.8913649025069638,0.9623955431754875,3.137883008356546
CD34,25,0.0706247297804852,0.0656553658619331,0.08194393659074631,0.033963058035148014,0.0343092919136656,0.016965987981675933,0.0469792462425017,0.88,0.6796657381615598,0.5236768802228412,0.947075208913649,0.9874651810584958,3.137883008356546
CXCL2,25,0.1018159669105516,0.0948875010410227,0.1972077439483714,0.06297998165786425,-0.055485359369446416,0.013429701162964899,0.0369340199757992,0.64,0.7994428969359332,0.8551532033426184,0.8941504178272981,0.5807799442896936,3.129526462395543
KLRC1,25,0.0674279343550222,0.0732597447984897,0.1104500701083244,0.020754385668696227,-0.03029591769187006,0.020902240552784834,0.0258089049852786,0.84,0.6518105849582173,0.6685236768802229,0.7938718662952646,0.9623955431754875,3.0766016713091924
MZB1,25,0.1076535075455874,0.0913192256171758,0.179755789100226,-0.026289819216720012,0.054543091285186605,-0.010968735560203216,0.0287402256058756,0.64,0.8245125348189415,0.8328690807799443,0.8356545961002786,0.5807799442896936,3.0738161559888577
TM4SF18,25,0.0601626617304235,0.0686412075668289,0.11293997236824249,0.04838986842998254,-0.0224829040430321,0.023498535580391614,0.0308617026862966,0.8,0.6267409470752089,0.6796657381615598,0.8551532033426184,0.9108635097493036,3.0724233983286906
MALL,25,0.0730890608341796,0.0629166680974541,0.1363977890190311,0.04590717083425471,-0.03315230556148323,0.027162932741059565,0.0291429344866821,0.72,0.6991643454038997,0.7381615598885793,0.841225626740947,0.7855153203342619,3.0640668523676884
SRPX,25,0.1068748705525052,0.1048406010457631,0.1530053987165897,-0.017513520483712842,0.0929841226269147,0.015281392861169765,0.0234240795953714,0.68,0.8189415041782729,0.7743732590529248,0.766016713091922,0.692200557103064,3.0515320334261835
CDK1,25,0.0688480840700568,0.0707938046204093,0.127513985593283,0.0337063518545428,-0.03682129139772807,0.01932966627305562,0.0268735241271957,0.76,0.6629526462395543,0.7214484679665738,0.8050139275766016,0.8537604456824512,3.043175487465181
CD8A,25,0.2391278718131471,0.2255479524298992,0.3757181973561703,0.04944294404339173,-0.12178611709478797,0.011066784470802766,0.0211579252974596,0.56,0.9721448467966574,0.958217270194986,0.7214484679665738,0.3802228412256267,3.032033426183844
CENPF,25,0.0595250713280458,0.0596708648613552,0.1122027747650397,0.03309819689658176,-0.02236893992560603,0.027080782149651515,0.0331029370250736,0.76,0.6155988857938719,0.6740947075208914,0.871866295264624,0.8537604456824512,3.0153203342618387
PCP4,25,0.0860722757803652,0.0799444164086283,0.1670316136162283,-0.03615658035449587,0.04185793932759439,-0.04289547999016924,0.0219561274642578,0.68,0.754874651810585,0.8133704735376045,0.7437325905292479,0.692200557103064,3.0041782729805018
IL3RA,25,0.0554578028640523,0.0615121209043417,0.09419894997742301,0.03778519450098309,-0.007579998913612,0.023583890313224217,0.0315692605833987,0.8,0.5905292479108635,0.6016713091922006,0.8579387186629527,0.9108635097493036,2.9610027855153205
SOX17,25,0.0473443309919127,0.0578281437223122,0.09144394840559911,0.03349304556669291,-0.010562043296166572,0.02767976965593621,0.0342982083942789,0.92,0.4986072423398329,0.5821727019498607,0.8802228412256268,0.9958217270194986,2.956824512534819
MEST,25,0.0713504573754989,0.0676255829344759,0.0937724613950974,-0.004164148789471228,0.05172520389841628,0.0215612316875248,0.0268945030815229,0.76,0.6824512534818942,0.5933147632311978,0.807799442896936,0.8537604456824512,2.937325905292479
TNC,25,0.0825798144354605,0.0904826511161232,0.15934620141808742,0.01472175769728447,0.02440926115035807,-0.02610438168142,0.028367482761913,0.64,0.7381615598885793,0.7855153203342619,0.8272980501392758,0.5807799442896936,2.9317548746518107
HAMP,25,0.0616976479922417,0.0678389770194098,0.1128319304211647,0.02746920067981683,-0.02235793824836377,0.016241313438502433,0.0222394049500972,0.76,0.637883008356546,0.6768802228412256,0.754874651810585,0.8537604456824512,2.923398328690808
COCH,25,0.0473232403077305,0.053961535558401,0.0908663555702379,0.0316541505007874,-0.014319840757101502,0.026817330558595715,0.0315931715593946,0.84,0.4958217270194986,0.5738161559888579,0.8607242339832869,0.9623955431754875,2.892757660167131
PTGDS,25,0.1545599107944097,0.134948646431579,0.285260547193192,-0.061955836627885445,0.055214544839070415,-0.039711823772865015,0.0219813479816709,0.52,0.9025069637883009,0.924791086350975,0.7465181058495822,0.298050139275766,2.871866295264624
AMY2A,25,0.0820020124102653,0.0798320873258478,0.142898000811797,0.02721944501864267,-0.024477370421817433,0.0432748099392709,0.0392379212696755,0.6,0.7353760445682451,0.754874651810585,0.9108635097493036,0.46935933147632314,2.870473537604457
ADGRL4,25,0.0688286414502674,0.0628594983221809,0.0938409064233797,0.053227211712274215,-0.0073457612265916345,0.023405635924850333,0.0276987242602312,0.72,0.6601671309192201,0.5988857938718662,0.8217270194986073,0.7855153203342619,2.8662952646239557
SNTN,25,0.0550251747667789,0.0671240989142963,0.0991845243510924,0.024899884955541084,-0.010723133714169672,0.035124874064399146,0.0261634603031571,0.76,0.5793871866295265,0.6295264623955432,0.8022284122562674,0.8537604456824512,2.864902506963788
NTN4,25,0.0729809659119834,0.0705636139113802,0.1016051445974238,0.002939544670907242,0.04529464576830916,0.0036987094399747004,0.0189347073232329,0.76,0.6963788300835655,0.637883008356546,0.6740947075208914,0.8537604456824512,2.862116991643454
ELF5,25,0.0519546522733297,0.0600724245566168,0.0990909025760266,0.02312140913415601,-0.016502334384394274,0.030025856617406366,0.0294467789508001,0.76,0.5264623955431755,0.6239554317548747,0.8440111420612814,0.8537604456824512,2.848189415041783
CYP2A7,25,0.057423962618194,0.058180289354101,0.10723685319729709,0.030219990606590832,-0.012614838232079557,0.0323110235378423,0.0338699120832736,0.68,0.6044568245125348,0.6629526462395543,0.8746518105849582,0.692200557103064,2.8342618384401117
EPCAM,25,0.0473904130227149,0.0496862712004231,0.08816501967141299,0.027832902809475625,-0.013504740808666555,0.024407939289502634,0.0271090600781288,0.84,0.5013927576601671,0.5571030640668524,0.8133704735376045,0.9623955431754875,2.8342618384401117
VWF,25,0.1083813622397669,0.1023509343687111,0.1479518243526784,0.06292851899011002,-0.001855846656834001,0.00844652331462595,0.0240390887205095,0.6,0.8272980501392758,0.7604456824512534,0.7743732590529248,0.46935933147632314,2.831476323119777
PPP1R1A,25,0.0521357750978235,0.0632761511319289,0.1031486615166991,0.03179759523301319,-0.010132183587011113,0.03678717165447847,0.0301442625353106,0.72,0.5376044568245125,0.649025069637883,0.8495821727019499,0.7855153203342619,2.8217270194986073
TMC5,25,0.0548581640635939,0.0539371804833441,0.0975619287745905,0.028084747818451414,-0.016847683471281828,0.02813342516470355,0.0207693576534752,0.8,0.5710306406685237,0.6183844011142061,0.7158774373259053,0.9108635097493036,2.816155988857939
CCNB2,25,0.0470509040488819,0.0551933089698925,0.0903430797193766,0.030094373306330562,-0.013610012931370513,0.02487834517234293,0.0301402306291067,0.8,0.48746518105849584,0.5682451253481894,0.8467966573816156,0.9108635097493036,2.8133704735376046
ADAMTS1,25,0.1614667440702034,0.149965494389843,0.2204284994947785,0.029136575142017316,0.08368130569822803,-0.023265777046620546,0.0215642993465823,0.52,0.9136490250696379,0.8662952646239555,0.7325905292479109,0.298050139275766,2.8105849582172704
CXCL10,25,0.1085656531593985,0.092299016451161,0.1969877580531322,0.05641999073375403,-0.05204636628961396,0.02622595044734718,0.0271785398749446,0.52,0.83008356545961,0.8523676880222841,0.8161559888579387,0.298050139275766,2.796657381615599
MYC,25,0.077790563299949,0.0741104002058583,0.1056887220239946,0.014476798198615344,0.046539190057496474,-0.006546964758964851,0.0286181524262596,0.64,0.713091922005571,0.6601671309192201,0.83008356545961,0.5807799442896936,2.784122562674095
FKBP11,25,0.0775678670651296,0.0774311677786028,0.11905112222716169,-0.00943832486111673,0.05007121007919908,0.0020321361393399497,0.0187134922207485,0.68,0.7103064066852368,0.6991643454038997,0.6713091922005571,0.692200557103064,2.772980501392758
MEDAG,25,0.0599043250666056,0.0549612987955354,0.07714908890997829,-0.0006568382510437863,0.04957554340422227,0.01396672777203035,0.0202582773175674,0.84,0.6211699164345403,0.48746518105849584,0.7019498607242339,0.9623955431754875,2.7729805013927575
IL1R2,25,0.0521797120451836,0.0543335177299772,0.0930203532428243,0.025636457148834772,-0.020779423288746515,0.019468822488497933,0.0236098041979749,0.76,0.5431754874651811,0.5877437325905293,0.7688022284122563,0.8537604456824512,2.753481894150418
RGS16,25,0.0914353967044116,0.0832955355014704,0.1793995586071621,-0.05089868491812003,0.02041939775500523,-0.029292425457910765,0.0232129335012939,0.56,0.7715877437325905,0.83008356545961,0.7632311977715878,0.3802228412256267,2.745125348189415
MCF2L,25,0.0460413262744514,0.0539008043097274,0.0805268269880822,0.03234636327581804,0.0026857011811643565,0.03955418968132381,0.0371105623724056,0.76,0.47075208913649025,0.5153203342618384,0.8969359331476323,0.8537604456824512,2.7367688022284122
SLAMF7,25,0.1557996283519278,0.1210903633171887,0.2399880772553144,0.04067981712377417,-0.081479009924429,0.008813326221095083,0.0137304191844881,0.56,0.9052924791086351,0.883008356545961,0.5403899721448467,0.3802228412256267,2.7089136490250696
CAV1,25,0.0905206858578635,0.0896514255550961,0.1264234335495682,0.06858935778801357,-0.02514510057046953,0.003722568655038167,0.0160735596527828,0.64,0.7688022284122563,0.7186629526462396,0.6267409470752089,0.5807799442896936,2.6949860724233985
C6orf118,25,0.0419290532952706,0.0604432824443118,0.07797674101347371,0.020140085367284146,-0.008399648996074946,0.024429618305749284,0.0254594179185291,0.84,0.4373259052924791,0.4958217270194986,0.7910863509749304,0.9623955431754875,2.686629526462396
GLIPR1,25,0.0434191114610381,0.074391155515998,0.0787917888518462,0.0035246907772059,0.017809841919872057,-0.021757490519447035,0.0342175236124326,0.76,0.45125348189415043,0.5041782729805014,0.8774373259052924,0.8537604456824512,2.6866295264623954
PPARG,25,0.073694305267088,0.0703858835064065,0.13146496385183531,0.028760332531576425,-0.025409189346898287,0.030621705193533282,0.0248406203645594,0.6,0.7019498607242339,0.7298050139275766,0.7827298050139275,0.46935933147632314,2.683844011142061
APCDD1,25,0.0550102256596187,0.051992320773663,0.0772179470788602,0.03485000431242763,-0.008321213255422273,0.014218817330714749,0.0221248239538479,0.76,0.5766016713091922,0.49025069637883006,0.7493036211699164,0.8537604456824512,2.66991643454039
KCNMA1,25,0.0915318092015993,0.0769845347679804,0.1423216632105562,0.018360707559984472,-0.03850012193012013,0.009101423306288867,0.022357118447059,0.56,0.7743732590529248,0.7520891364902507,0.7604456824512534,0.3802228412256267,2.667130919220056
MMRN2,25,0.061226920437762,0.0583068197056992,0.0638720719510396,0.03482684449301964,0.01962110255775216,0.01642786229417655,0.0221827959979852,0.8,0.6350974930362117,0.3649025069637883,0.7520891364902507,0.9108635097493036,2.662952646239554
ECSCR,25,0.0599321399841006,0.0565918368956171,0.071714625115606,0.0359206191221211,0.007079184485445714,0.016197676142384283,0.0251157749488986,0.72,0.6239554317548747,0.4428969359331476,0.7883008356545961,0.7855153203342619,2.6406685236768803
UBE2C,25,0.0460849414381529,0.0540787416457273,0.0903562707745697,0.032114700362431546,-0.005442320302314128,0.0315161749155147,0.0269219866766436,0.72,0.4735376044568245,0.5710306406685237,0.8105849582172702,0.7855153203342619,2.6406685236768803
RERGL,25,0.0439946156274069,0.0513871643281354,0.0835803366309438,0.027899606248606743,-0.007348390492716629,0.0263446412551565,0.0249943419250815,0.76,0.4568245125348189,0.532033426183844,0.7855153203342619,0.8537604456824512,2.628133704735376
ADGRE1,25,0.0395283340527798,0.0596840630404736,0.0770923814143923,0.025849255847295756,-0.006390988520734816,0.028846519176255317,0.0278573680446182,0.8,0.403899721448468,0.48467966573816157,0.8245125348189415,0.9108635097493036,2.6239554317548746
GPRC5A,25,0.0528791924082504,0.057900289955065,0.1026919518207085,0.03719629122581301,-0.018162810390308155,0.017825728082937364,0.0205505702267797,0.68,0.5626740947075209,0.6406685236768802,0.7103064066852368,0.692200557103064,2.605849582172702
TAC1,25,0.0491554750612464,0.0634930310776957,0.0866185283216733,0.020178106346046814,-0.008616732000232727,0.030843609773136382,0.0222998843844149,0.72,0.5097493036211699,0.5487465181058496,0.7576601671309192,0.7855153203342619,2.601671309192201
SEMA3C,25,0.0806167672804309,0.09111187804943,0.1501419957937007,-0.030296687563112275,0.04608004554040806,-0.021182230685927245,0.02135429413118,0.56,0.7270194986072424,0.7688022284122563,0.724233983286908,0.3802228412256267,2.6002785515320337
HAVCR2,25,0.2215746230243218,0.2074709442009205,0.3494659742115046,0.04972169708027306,-0.11501145191874813,0.0091585854676284,0.0086663741959584,0.52,0.9526462395543176,0.9526462395543176,0.37047353760445684,0.298050139275766,2.573816155988858
CLEC14A,25,0.0683144878672147,0.0652739702585607,0.1030750860579974,0.03533714004426428,0.00672735603500777,0.00911067187545965,0.0190298990738022,0.64,0.6545961002785515,0.6462395543175488,0.6768802228412256,0.5807799442896936,2.5584958217270195
TSPAN19,25,0.0471412551087931,0.0555034064987713,0.0911806235176677,0.021036324688956044,-0.014254145203582771,0.01929343995692052,0.0198119118683376,0.72,0.49025069637883006,0.5793871866295265,0.6963788300835655,0.7855153203342619,2.551532033426184
APOLD1,25,0.0512237930417909,0.0507303349858766,0.0554235782991388,0.0334731030795457,0.011967148704268344,0.016164621581490183,0.0261082070508577,0.84,0.5236768802228412,0.2646239554317549,0.7994428969359332,0.9623955431754875,2.550139275766017
MDM2,25,0.0385323797730813,0.0457611006725484,0.055567100221505294,0.02690079527336487,0.01067753791314882,-0.003668082141706483,0.0380769567668346,0.84,0.3816155988857939,0.26740947075208915,0.9025069637883009,0.9623955431754875,2.5139275766016715
NPDC1,25,0.0873841082036881,0.0729253324278773,0.1175527499296906,0.0011873847434919998,0.05148063653508345,-0.003312208143875018,0.01520856113464,0.6,0.7604456824512534,0.6963788300835655,0.5877437325905293,0.46935933147632314,2.5139275766016715
CD93,25,0.0817920129580493,0.0809886414012505,0.1049334757015307,0.022810312226018644,0.027396727768844047,-0.007754551635106463,0.0137212081900188,0.64,0.7325905292479109,0.6545961002785515,0.5376044568245125,0.5807799442896936,2.5055710306406684
CCDC39,25,0.0430207527200455,0.0483720918024023,0.07689111354612391,0.02031119631827896,-0.0107170545556788,0.026936638759040264,0.0241423596957156,0.72,0.44846796657381616,0.4818941504178273,0.7771587743732591,0.7855153203342619,2.4930362116991645
LIF,25,0.0520287151169644,0.0461597452131647,0.0943542417419303,0.03233622833839707,-0.028364461872266645,0.010612230181414566,0.0149081572964754,0.72,0.532033426183844,0.6044568245125348,0.5682451253481894,0.7855153203342619,2.4902506963788302
LILRB2,25,0.0852475618570564,0.0701242404258742,0.1389348965490319,0.022696586765358958,-0.035484225594287044,0.025150954275089548,0.0158984812139391,0.56,0.7465181058495822,0.7409470752089137,0.6183844011142061,0.3802228412256267,2.486072423398329
SERPINB9,25,0.0656452107857393,0.0594334031077054,0.1257558209288607,0.039693854923189054,-0.02894197547953583,0.009951368710875418,0.0167375501915862,0.6,0.6462395543175488,0.713091922005571,0.637883008356546,0.46935933147632314,2.466573816155989
GNG11,25,0.0804617613909115,0.074571650279116,0.10107441352244381,0.05338524911485853,-0.0020068215435606997,0.009147834978971299,0.0210357428484472,0.56,0.724233983286908,0.6350974930362117,0.7186629526462396,0.3802228412256267,2.458217270194986
CCR2,25,0.0806430488967736,0.0819588352599575,0.1397358824007651,0.026046133603141283,-0.036822646051459705,0.017118150609043817,0.013365211614706,0.6,0.7298050139275766,0.7437325905292479,0.5069637883008357,0.46935933147632314,2.449860724233983
CYP3A4,25,0.0400145326533081,0.0628896129075224,0.0735317445116401,0.016526029674330443,-0.01199525799034564,0.023029065020272868,0.0182839498267394,0.8,0.40947075208913647,0.4596100278551532,0.6629526462395543,0.9108635097493036,2.4428969359331476
RAMP2,25,0.0548813879293002,0.0604307153567644,0.062411158815482703,0.030546283767762954,0.010933506273795428,0.011241926051620317,0.0144518334743054,0.84,0.5738161559888579,0.3398328690807799,0.5515320334261838,0.9623955431754875,2.4275766016713094
CFHR1,25,0.0450392595127623,0.0525475069132256,0.048541008051854004,0.014503972390717856,0.03449618049059696,0.0179780024541744,0.0258661972716973,0.88,0.4596100278551532,0.17548746518105848,0.7966573816155988,0.9874651810584958,2.4192200557103063
PCOLCE,25,0.1507471981128256,0.1399694241283607,0.2388423772776107,-0.0458943407379062,0.10869689939463933,-0.018189915830330083,0.0070665720650645,0.52,0.8969359331476323,0.8802228412256268,0.3370473537604457,0.298050139275766,2.4122562674094707
SERPINB3,25,0.049460384465945,0.0539830893479544,0.0806691483504974,0.01214987583132907,-0.014534868557863302,0.023092973123909302,0.0151801029910481,0.72,0.5125348189415042,0.520891364902507,0.584958217270195,0.7855153203342619,2.403899721448468
MCEMP1,25,0.0853955639191903,0.0881535168185742,0.1439822432109839,0.028976197231449785,-0.0384629352013152,0.017845751020220034,0.0151729783593249,0.52,0.7493036211699164,0.7576601671309192,0.5821727019498607,0.298050139275766,2.3871866295264623
LYVE1,25,0.0525666121886793,0.0465825942877068,0.0794402810635737,-0.01595459474079546,0.03822155594103683,0.004520784976675099,0.0216293177299383,0.64,0.5543175487465181,0.5097493036211699,0.7381615598885793,0.5807799442896936,2.383008356545961
CD300E,25,0.0545802932636457,0.0641845195148915,0.0899077594810402,0.019903588855489405,-0.013651490761969998,0.026224599712312918,0.0237975465774309,0.6,0.5682451253481894,0.5626740947075209,0.7715877437325905,0.46935933147632314,2.371866295264624
EDNRB,25,0.052265593452506,0.0585556854500034,0.0806326012652499,0.043344297095114025,-0.014102799045461573,0.009749420855324683,0.020463160830063,0.64,0.5459610027855153,0.5181058495821727,0.7075208913649025,0.5807799442896936,2.352367688022284
CD70,25,0.0800231543202403,0.0875852487458855,0.1571542051944238,0.052307010158397206,-0.035689437453060885,0.02060477763711707,0.0122853698786977,0.56,0.7186629526462396,0.7799442896935933,0.47075208913649025,0.3802228412256267,2.34958217270195
CFB,25,0.0553348117321488,0.0580690319094022,0.09260570340357849,0.027404216564126154,-0.004627603167507386,-0.00561893474789965,0.0127089928978481,0.68,0.584958217270195,0.584958217270195,0.4763231197771588,0.692200557103064,2.3384401114206126
FSTL3,25,0.1046400134092936,0.1120182089119591,0.1827030571157815,-0.036144784776995724,0.06752316979939547,-0.02506727970749545,0.0089611456031465,0.52,0.807799442896936,0.841225626740947,0.3732590529247911,0.298050139275766,2.32033426183844
FAS,25,0.0524016444818227,0.0547012184224594,0.0703843309953625,0.038076429554900044,-0.0017320302553009424,0.01056517166886235,0.0215953640968843,0.64,0.5487465181058496,0.43175487465181056,0.7353760445682451,0.5807799442896936,2.296657381615599
MKI67,25,0.05213844946019,0.0561232444201644,0.1029239602541029,0.03641553215851478,-0.0173711093399699,0.025941025635531134,0.0215162785373802,0.56,0.5403899721448467,0.6434540389972145,0.7298050139275766,0.3802228412256267,2.2938718662952646
GZMK,25,0.2453168928324096,0.2313185634289481,0.39703191781010017,0.061663650815182956,-0.12337729641983872,0.01877165971801612,0.0,0.48,0.9777158774373259,0.9693593314763231,0.12813370473537605,0.21448467966573817,2.289693593314763
CCL5,25,0.2553759625199403,0.2395358460217627,0.387494057463866,0.049897750870160296,-0.1414037585874003,0.005292835853838417,0.0,0.48,0.9805013927576601,0.9637883008356546,0.12813370473537605,0.21448467966573817,2.2869080779944286
CCR7,25,0.111197485018953,0.1010597497759788,0.15940657038424072,0.001305994616114557,0.07560339231334438,0.009953421270249436,0.0076919031277371,0.52,0.8328690807799443,0.7883008356545961,0.35376044568245124,0.298050139275766,2.2729805013927575
TM4SF4,25,0.0306760284848193,0.0375125773395368,0.0610422407910987,0.021480873827399317,-0.009179569126561272,0.015291241041296068,0.0199106943380296,0.92,0.23119777158774374,0.3231197771587744,0.6991643454038997,0.9958217270194986,2.2493036211699167
SLC26A3,25,0.0332411774113007,0.0418252359976106,0.063813090014968,0.018897031021958544,-0.0023651108350907423,0.022121717452922584,0.0194614705009751,0.8,0.28690807799442897,0.3565459610027855,0.6908077994428969,0.9108635097493036,2.245125348189415
TOP2A,25,0.0526474204796517,0.0604668289196315,0.0986096461660214,0.04209955257263859,-0.016379010285903817,0.0206240354048016,0.0153306569745636,0.6,0.5598885793871866,0.6211699164345403,0.5933147632311978,0.46935933147632314,2.243732590529248
FCGR3A,25,0.2142391146349393,0.1823784796974052,0.3148632218748456,0.03758471552650779,-0.11155767648402705,0.009697122713931717,0.0,0.48,0.9498607242339833,0.9415041782729805,0.12813370473537605,0.21448467966573817,2.2339832869080776
KLRB1,25,0.0891052497253837,0.0846191833261918,0.11403886736943239,0.0009719306147326435,0.05236009623009389,0.018102843860569415,0.0098522809444444,0.56,0.7632311977715878,0.6852367688022284,0.403899721448468,0.3802228412256267,2.232590529247911
KRT20,25,0.0331385666600352,0.0513777088362475,0.064699236348394,0.018688093417451417,-0.009711223576658384,0.017171816230565882,0.0157601348491272,0.84,0.28133704735376047,0.3732590529247911,0.6128133704735376,0.9623955431754875,2.2298050139275767
EDN1,25,0.0371092089132881,0.0364632432971627,0.0662068544469629,0.02217849049003637,-0.01411638704522187,0.011764239621730116,0.014914096641359,0.8,0.35097493036211697,0.3955431754874652,0.5710306406685237,0.9108635097493036,2.2284122562674096
IGF1,25,0.0538954406168704,0.0670603545673228,0.0740645064755518,-0.0140875501427249,0.03959113173715683,0.01451764357659435,0.0153947654798295,0.64,0.5654596100278552,0.46518105849582175,0.5988857938718662,0.5807799442896936,2.2103064066852367
S100A12,25,0.0346295540141427,0.0456836510023674,0.0628146393449601,0.01755664514088621,-0.007317179354991287,0.0216151655505301,0.0194262798992948,0.76,0.3231197771587744,0.34540389972144847,0.6880222841225627,0.8537604456824512,2.2103064066852367
GZMA,25,0.1824892639615846,0.1756980487224251,0.2844987677488324,0.03502817948222441,-0.0990873103845501,0.010517083864437867,0.0,0.48,0.9275766016713092,0.9220055710306406,0.12813370473537605,0.21448467966573817,2.1922005571030643
KCNK3,25,0.0667408951146264,0.0670253876834497,0.1291362525771591,0.050096631442117685,-0.031103556508258683,0.010359028224688533,0.0134456822351151,0.52,0.649025069637883,0.724233983286908,0.5125348189415042,0.298050139275766,2.183844011142061
THAP2,25,0.035516547012335,0.0399292173952837,0.0664333662362645,0.014743863409792713,-0.011611444210635327,0.0152798265916838,0.0179925586054861,0.72,0.3398328690807799,0.3983286908077994,0.6573816155988857,0.7855153203342619,2.181058495821727
KLRD1,25,0.0326459223340497,0.037985678034373,0.062841894849473,0.013157253246603329,-0.0134253819533867,0.012264206594731366,0.0174979210571966,0.8,0.26740947075208915,0.34818941504178275,0.6518105849582173,0.9108635097493036,2.1782729805013927
EGFL7,25,0.0591127966899953,0.0576640923897328,0.0726494820384772,0.03155831125188613,0.0025079575886828138,0.0041897708086876,0.0103687626975826,0.68,0.6072423398328691,0.45125348189415043,0.42618384401114207,0.692200557103064,2.1768802228412256
RBP5,25,0.0380264517586629,0.0430546428425993,0.065727417019339,0.025250027067709218,-0.0015384300851199984,0.023044249556444532,0.0206737246840376,0.68,0.3788300835654596,0.39275766016713093,0.713091922005571,0.692200557103064,2.1768802228412256
ADH1C,25,0.0343069247796692,0.0467575170848351,0.0638619936506885,0.0156512678333604,-0.00675749403588987,0.020878609452926716,0.0204328846082726,0.72,0.3147632311977716,0.362116991643454,0.7047353760445683,0.7855153203342619,2.167130919220056
AGR3,25,0.0376780217291249,0.0462941716062973,0.065507111762625,0.015726628362053213,-0.004868569968789772,0.021706628003477932,0.0154017014991714,0.72,0.36768802228412256,0.3871866295264624,0.6016713091922006,0.7855153203342619,2.1420612813370474
COL5A2,25,0.1536343793653106,0.1511582510785505,0.2632800466275228,-0.038931940063650514,0.07596198975590963,-0.03535582010698055,0.0,0.48,0.8997214484679665,0.8997214484679665,0.12813370473537605,0.21448467966573817,2.1420612813370474
ESR1,25,0.041899423152429,0.0489284755003376,0.0518116445454961,0.00029458071258201424,0.028151166406727202,0.023433333882900465,0.0150632023281865,0.8,0.43454038997214484,0.2200557103064067,0.5766016713091922,0.9108635097493036,2.1420612813370474
CD1A,25,0.0407107429559404,0.0430579514274724,0.0719797452130305,0.017079598475899516,-0.005594651126620699,0.023151596071766967,0.0128966515074228,0.72,0.415041782729805,0.44846796657381616,0.48746518105849584,0.7855153203342619,2.136490250696379
ADAM28,25,0.052608273477088,0.0472328394258649,0.0802132767182836,0.004021241830264671,-0.00044536774770832663,0.005918707806565251,0.0127165381467605,0.64,0.5571030640668524,0.5125348189415042,0.479108635097493,0.5807799442896936,2.1295264623955434
DNAAF1,25,0.0292241625872494,0.0391368290883147,0.0566457763061008,0.01629832355357993,-0.004567520764235615,0.022502663593292685,0.0216874229338579,0.8,0.19220055710306408,0.28133704735376047,0.7409470752089137,0.9108635097493036,2.1253481894150417
AIF1,25,0.1829759309189381,0.1567058239705764,0.2750624254011109,0.040425448208704716,-0.1006916898500468,-0.007983333827284918,0.0,0.44,0.9303621169916435,0.9136490250696379,0.12813370473537605,0.15181058495821728,2.123955431754875
PDGFRB,25,0.1461373179478322,0.1406797330616939,0.2431825375631277,-0.016154153646966228,0.06732891221964112,-0.034322871576879584,0.0,0.48,0.8857938718662952,0.8885793871866295,0.12813370473537605,0.21448467966573817,2.116991643454039
GLYATL1,25,0.0508103213304688,0.067513504182536,0.0847975963327095,0.021644388216407684,-0.03053671245572731,0.009320150668695583,0.0115700046425814,0.64,0.520891364902507,0.5403899721448467,0.4596100278551532,0.5807799442896936,2.1016713091922004
RND1,25,0.0321306441959739,0.0379240731878066,0.045522850664955296,0.023938610653601543,0.008908067341028557,0.02052914094850313,0.0246020788405997,0.8,0.2618384401114206,0.14763231197771587,0.7799442896935933,0.9108635097493036,2.1002785515320337
HEPACAM2,25,0.0420025804620569,0.0534880356929488,0.0781373051530046,0.018457642297940446,-0.007981626984869874,0.022925026533232765,0.0191148373474326,0.6,0.4401114206128134,0.4986072423398329,0.6824512534818942,0.46935933147632314,2.0905292479108635
OPRPN,25,0.0410214577867194,0.0505619079835723,0.0751308153374182,0.013456103497327771,-0.007558745709755415,0.027073013628410445,0.0157515730172051,0.64,0.4178272980501393,0.4763231197771588,0.6100278551532033,0.5807799442896936,2.084958217270195
CD28,25,0.0496575947598638,0.052574876569403,0.0621644638432651,0.02176453221231634,0.028170573649341748,0.021786463695605853,0.0290114864128244,0.56,0.5153203342618384,0.3342618384401114,0.8384401114206128,0.3802228412256267,2.0682451253481893
CXCR4,25,0.0373813563134099,0.0502266243324473,0.0686022106036296,0.0058648218610913285,0.019900682673086416,-0.005787794247340951,0.0197267851167087,0.64,0.362116991643454,0.4233983286908078,0.6935933147632312,0.5807799442896936,2.0598885793871866
ERBB2,25,0.0603834966780769,0.0564540890739648,0.0899754678857607,-0.008271459901547115,0.04115773956057304,-0.008168014938588984,0.009454393271803,0.6,0.6295264623955432,0.5654596100278552,0.39275766016713093,0.46935933147632314,2.057103064066853
MS4A2,25,0.0347025865496781,0.0433659176550941,0.060685846482799205,0.013380429703131427,-0.009714373582612216,0.015410536780446182,0.0159030792043214,0.72,0.3286908077994429,0.3203342618384401,0.6211699164345403,0.7855153203342619,2.0557103064066853
CD68,25,0.1894759520745368,0.1658792618569998,0.3023235647549093,0.04979536933284118,-0.0942830678673154,0.0035911278704591,0.0,0.36,0.935933147632312,0.935933147632312,0.12813370473537605,0.04874651810584958,2.0487465181058497
EHF,25,0.0415467360079934,0.0464309610920188,0.07926940624955639,0.01693629327958247,-0.010930434683758527,0.025374518346696,0.0164378307132131,0.6,0.42896935933147634,0.5069637883008357,0.6323119777158774,0.46935933147632314,2.0376044568245124
CD5L,25,0.0342335968023991,0.0430700489782782,0.0680274945612077,0.015619578612378471,-0.008137165789211654,0.016250729973222636,0.0158457589396753,0.68,0.30362116991643456,0.4178272980501393,0.6155988857938719,0.692200557103064,2.0292479108635098
ERG,25,0.0859901509017856,0.0692281603716098,0.1217305093287441,-0.010713881584308759,0.051390269570167665,-0.0005573594410458177,0.0031825672116042,0.52,0.7520891364902507,0.7075208913649025,0.26740947075208915,0.298050139275766,2.0250696378830084
MEF2C,25,0.0643478426670063,0.0875810809229142,0.0991440703656842,0.0040767393852463,0.04401073296293619,-0.004613192696382867,0.0114683844696716,0.52,0.6406685236768802,0.6267409470752089,0.45403899721448465,0.298050139275766,2.01949860724234
ASCL3,25,0.0362823233047378,0.0474211387530843,0.06754851118450661,0.01458938293358226,-0.006295399578737343,0.022798790329258033,0.0172181188997492,0.64,0.34540389972144847,0.415041782729805,0.6462395543175488,0.5807799442896936,1.987465181058496
VSIG4,25,0.1428637511573104,0.1137675091892792,0.20985626342860558,0.018148523231543884,-0.06893042480533959,-0.0049569006674756505,0.0,0.4,0.8802228412256268,0.8607242339832869,0.12813370473537605,0.09749303621169916,1.966573816155989
CTSK,25,0.142799892567348,0.126301112671119,0.2697131468926384,-0.05649825839879485,0.04021308310385345,-0.06288144042855465,0.0,0.36,0.8774373259052924,0.9108635097493036,0.12813370473537605,0.04874651810584958,1.9651810584958218
GYPA,25,0.0566432643166372,0.0653739785027699,0.0971594592799561,0.01711871775811861,-0.0171055120541004,0.027019961538922638,0.0085181891849701,0.56,0.5988857938718662,0.6155988857938719,0.36768802228412256,0.3802228412256267,1.9623955431754874
FCGR1A,25,0.1340915040763767,0.1203304628385674,0.21477449449897212,0.032655682084951086,-0.051038351789792255,0.030992626368754318,0.0,0.4,0.871866295264624,0.8635097493036211,0.12813370473537605,0.09749303621169916,1.9610027855153205
SCGB2A1,25,0.0311639735282967,0.0481341998695329,0.0621190342408293,0.019528363035595072,-0.004785204382926357,0.021790232609147114,0.0191908349245423,0.68,0.24512534818941503,0.33147632311977715,0.6852367688022284,0.692200557103064,1.9540389972144847
FGFBP1,25,0.0336388463987853,0.049104381186253,0.066817474528103,0.01791353791156594,-0.0039734749510680735,0.028425228627323884,0.0174816278005161,0.64,0.29526462395543174,0.4011142061281337,0.649025069637883,0.5807799442896936,1.9261838440111418
CD14,25,0.1310025368718165,0.0967457621464837,0.1804426772110901,0.009210463086442243,-0.06713495297444114,-0.017361000136009583,0.0,0.4,0.8635097493036211,0.8356545961002786,0.12813370473537605,0.09749303621169916,1.9247910863509752
LILRB4,25,0.0969291457101618,0.0932095715802359,0.1611072129905085,0.03002843726492758,-0.04679096577029242,0.007566221232859434,0.0,0.48,0.7855153203342619,0.7966573816155988,0.12813370473537605,0.21448467966573817,1.9247910863509752
IL1RL1,25,0.0235516754749937,0.0351248687528328,0.04574415233975811,0.017567095673712802,-0.012072888218456071,0.006568312258803766,0.0191144394514457,0.96,0.08913649025069638,0.1532033426183844,0.6796657381615598,1.0,1.9220055710306405
CD163,25,0.1145810332947405,0.0647495544514418,0.16225932688162228,0.018912890277364213,-0.060034674964086876,-0.016931301027593316,0.0,0.44,0.841225626740947,0.7994428969359332,0.12813370473537605,0.15181058495821728,1.9206128133704736
GATA2,25,0.0716729811067042,0.0501838228528985,0.1041603820130784,-0.005562747975094316,0.04157798419237567,-0.006060320768894033,0.0047949247935299,0.52,0.6852367688022284,0.6518105849582173,0.2841225626740947,0.298050139275766,1.9192200557103063
SLC18A2,25,0.0298675326750562,0.04278670588954,0.0541518162773651,0.018742196067553587,5.2303670607357165e-05,0.02383583511388085,0.0185402494117518,0.72,0.21448467966573817,0.2479108635097493,0.6657381615598886,0.7855153203342619,1.9136490250696379
TCF4,25,0.0946426585176309,0.1013738312380591,0.1575642674926391,-0.00797245545921363,0.03959140274603524,-0.023300278863648497,0.0,0.48,0.7799442896935933,0.7827298050139275,0.12813370473537605,0.21448467966573817,1.9052924791086352
CYP2B6,25,0.0426891360011815,0.0530895970206658,0.0735589237656554,0.0067028149746245855,-0.009624436211366456,0.026076673030266534,0.0135832367983942,0.6,0.4428969359331476,0.4623955431754875,0.5264623955431755,0.46935933147632314,1.9011142061281339
SFTA2,25,0.0317284556416843,0.0445166207657806,0.0514636908994731,0.0149648899446497,0.004272319741558128,0.024720142504558968,0.0151388800511375,0.76,0.25069637883008355,0.21727019498607242,0.5793871866295265,0.8537604456824512,1.9011142061281336
PPP1R1B,25,0.0561034412811133,0.0566274801010381,0.06522631423494821,-0.004335970262040229,0.0395093728674604,0.015201976441120283,0.0110861076856768,0.6,0.596100278551532,0.38440111420612816,0.4456824512534819,0.46935933147632314,1.8955431754874652
ASPN,25,0.0844259309679664,0.0823575447661893,0.1667769396625988,-0.03269284177475386,0.023083681525233806,-0.0442112872924478,0.0,0.48,0.7409470752089137,0.8105849582172702,0.12813370473537605,0.21448467966573817,1.8941504178272983
ARFGEF3,25,0.0342371178817837,0.0493820143204031,0.0655988615468351,0.0206023367382859,-0.010886095241901286,0.014928675048345932,0.0133497209359354,0.68,0.3064066852367688,0.38997214484679665,0.5041782729805014,0.692200557103064,1.892757660167131
GPR183,25,0.0329101335014586,0.0412420008770639,0.0613621925622521,0.01627819322746894,-8.219920814844317e-05,-0.00906009989176465,0.0155650674907165,0.68,0.27019498607242337,0.32590529247910865,0.6044568245125348,0.692200557103064,1.892757660167131
CCL19,25,0.1173146449013527,0.08925952283455,0.1710868433302598,0.004748637379747044,0.07480042581188573,0.03562410363027498,0.0,0.4,0.8467966573816156,0.8161559888579387,0.12813370473537605,0.09749303621169916,1.8885793871866297
LILRA5,25,0.0463041467573573,0.0537233438057772,0.0760205200526661,0.013611910122436413,-0.016137647102219287,0.01819492122789585,0.0115661772943988,0.6,0.4818941504178273,0.479108635097493,0.4568245125348189,0.46935933147632314,1.8871866295264623
C1orf162,25,0.1055812622144123,0.0811422107788705,0.1608299831676941,0.02078931184313513,-0.05016038315473261,0.0060989373495440495,0.0,0.44,0.8105849582172702,0.7910863509749304,0.12813370473537605,0.15181058495821728,1.8816155988857939
CFTR,25,0.0374307824356741,0.0490906840640185,0.0648249645448155,0.014802389239866817,-0.008348615681502228,0.023089824361340234,0.0145275115739823,0.64,0.3649025069637883,0.3788300835654596,0.5571030640668524,0.5807799442896936,1.8816155988857939
ADH4,25,0.0323662869097161,0.0480443464799905,0.06147124134253,0.01674044916118873,-0.007086365459844443,0.02116063835493537,0.0129142168314609,0.72,0.2646239554317549,0.3286908077994429,0.49025069637883006,0.7855153203342619,1.8690807799442894
TMEM100,25,0.0379611515056,0.0507747679769969,0.0741814068038114,0.02266144671921557,-0.001503998802689441,0.032466506100033064,0.0170792392455813,0.56,0.37604456824512533,0.467966573816156,0.6434540389972145,0.3802228412256267,1.8676880222841226
CD2,25,0.1120988400577137,0.0981476781830445,0.1848443106028635,0.030710562453491103,-0.05607397132058314,0.007915419162695683,0.0,0.36,0.8356545961002786,0.8440111420612814,0.12813370473537605,0.04874651810584958,1.8565459610027855
TCIM,25,0.1073130424277572,0.1310220720627753,0.20215857011954502,-0.010628661635427998,0.005826294691461257,-0.06349468820601156,0.0,0.36,0.8217270194986073,0.8579387186629527,0.12813370473537605,0.04874651810584958,1.8565459610027855
LAMP3,25,0.0394629634847517,0.0448564299603931,0.0703871412089828,0.02532007129464203,-0.015876877098669785,0.0006264525924587328,0.0142420359729752,0.6,0.4011142061281337,0.43454038997214484,0.5459610027855153,0.46935933147632314,1.850974930362117
CRISPLD2,25,0.1036359295299655,0.0986325993849876,0.1739554959006544,-0.010897522419199402,0.03562301220747879,-0.03995056794442995,0.0,0.4,0.8022284122562674,0.8217270194986073,0.12813370473537605,0.09749303621169916,1.84958217270195
FGL2,25,0.1255141735589806,0.0912993878622472,0.1917232432125283,0.030799172971504012,-0.05794674006980379,0.002865759281338733,0.0,0.28,0.8579387186629527,0.8467966573816156,0.12813370473537605,0.016713091922005572,1.84958217270195
FOXP3,25,0.0318621606097088,0.0429937498463123,0.052459098057421896,0.007443725402887543,-0.017186080559835715,-0.0017550927940876016,0.0149575369153749,0.72,0.2562674094707521,0.233983286908078,0.5738161559888579,0.7855153203342619,1.84958217270195
CLCA1,25,0.0355653415638868,0.0505471788940943,0.0683277463041809,0.01711442057218626,-0.005249668486647857,0.023696087231812418,0.0131457586693202,0.64,0.3426183844011142,0.4206128133704735,0.4986072423398329,0.5807799442896936,1.8426183844011144
RTKN2,25,0.0400246761274111,0.0394272798860471,0.0715917758893585,0.01666507233128593,-0.009357430514701701,0.017436470965296064,0.013384933276409,0.6,0.41225626740947074,0.4401114206128134,0.5097493036211699,0.46935933147632314,1.831476323119777
NAT8,25,0.0291827672952313,0.0456321769000854,0.056848797957734995,0.015970665179341214,-0.004299065837696971,0.017493580040836215,0.0182052530008841,0.68,0.1894150417827298,0.28690807799442897,0.6601671309192201,0.692200557103064,1.828690807799443
CD3D,25,0.0804113431676942,0.0719187686908585,0.14920991417122081,0.03361813306351267,-0.03496414335570799,0.011307149487716281,0.0,0.48,0.7214484679665738,0.7632311977715878,0.12813370473537605,0.21448467966573817,1.827298050139276
CD274,25,0.042962287128684,0.0468602007504449,0.08431186797968179,0.019498769193710668,-0.0134342772997629,0.011938130340690417,0.0089717320226705,0.6,0.4456824512534819,0.5348189415041783,0.37604456824512533,0.46935933147632314,1.8259052924791086
CD86,25,0.106294842462921,0.0908819527463749,0.1753281931887363,0.03368660730595192,-0.05314937581167721,0.0044436876719857335,0.0,0.36,0.8133704735376045,0.8245125348189415,0.12813370473537605,0.04874651810584958,1.8147632311977717
CLECL1,25,0.0553658848935767,0.0573392535304102,0.0938244730550283,0.018988701462769892,-0.019830152617112382,0.01705275822618535,0.0069238526458431,0.52,0.5877437325905293,0.596100278551532,0.33147632311977715,0.298050139275766,1.8133704735376042
SELL,25,0.0953295724423209,0.0917710106907899,0.1415002717573812,0.015644446288486474,0.0694609517220797,0.02083118884091155,0.0,0.44,0.7827298050139275,0.7493036211699164,0.12813370473537605,0.15181058495821728,1.8119777158774373
MS4A6A,25,0.1242216569766495,0.0805710722474712,0.173408151876811,0.016006585418024116,-0.06409459454892481,-0.013907581921281767,0.0,0.24,0.8551532033426184,0.8189415041782729,0.12813370473537605,0.006963788300835654,1.809192200557103
MS4A4A,25,0.1004877655421617,0.0667105705941499,0.1302408042284145,7.495942249437127e-05,-0.05390249996633774,-0.016016649756191336,0.0,0.44,0.7966573816155988,0.7270194986072424,0.12813370473537605,0.15181058495821728,1.8036211699164346
ALAS2,25,0.0240185912381682,0.0571827620196294,0.046613796437507904,0.012239994644382588,-0.002105919270689028,0.019975457530867033,0.0153822925415686,0.8,0.10027855153203342,0.15877437325905291,0.596100278551532,0.9108635097493036,1.766016713091922
IGSF6,25,0.1063296022865013,0.0708865299282623,0.164867292248219,0.02698140031923063,-0.05867693618691582,-0.0027475861548713833,0.0,0.28,0.8161559888579387,0.8050139275766016,0.12813370473537605,0.016713091922005572,1.766016713091922
CTLA4,25,0.0898874842831656,0.0818106143228276,0.1528933484021241,0.025732798476855615,-0.04089573815713563,0.008473089703408926,0.0,0.4,0.766016713091922,0.7715877437325905,0.12813370473537605,0.09749303621169916,1.7632311977715878
CD3E,25,0.1038443693680554,0.083603448257214,0.1660480264045702,0.021946657304830704,-0.04735396071836107,0.0049952122846389675,0.0,0.28,0.8050139275766016,0.807799442896936,0.12813370473537605,0.016713091922005572,1.7576601671309193
CYP4B1,25,0.0351615595958622,0.0364511700817937,0.0626444428210702,0.013275442999782016,0.0030338185381244,0.027571123712856086,0.0090612190653391,0.68,0.3370473537604457,0.3426183844011142,0.3816155988857939,0.692200557103064,1.7534818941504178
PLAC9,25,0.0507035525160717,0.0485032320406898,0.053143659855012695,0.004916080536768058,0.03357131269916057,0.029380673051886432,0.0099831880141062,0.64,0.5181058495821727,0.2395543175487465,0.41225626740947074,0.5807799442896936,1.7506963788300833
PTPRC,25,0.0873512577159615,0.0602911977299894,0.1494578350838079,0.02497735834226647,-0.024367246407039557,0.0019456333048437837,0.0,0.4,0.7576601671309192,0.766016713091922,0.12813370473537605,0.09749303621169916,1.7493036211699167
BMX,25,0.024176279805124,0.0366217130535923,0.0452851351486776,0.018181597952879845,-0.006855103813721901,0.01145209962469825,0.0152442238212472,0.8,0.10306406685236769,0.14206128133704735,0.5905292479108635,0.9108635097493036,1.746518105849582
FOXI1,25,0.0293105614808356,0.0417014474947669,0.0544434397556738,0.012699922794418414,-0.0007702141445379857,0.02112417882980125,0.0132786654044876,0.72,0.1977715877437326,0.25069637883008355,0.5013927576601671,0.7855153203342619,1.7353760445682451
PCSK2,25,0.0303648316146993,0.0399378019286126,0.058682382915522205,0.015447595579924358,-0.003366729625210772,0.02393444465175835,0.0159564173426105,0.64,0.22562674094707522,0.30362116991643456,0.6239554317548747,0.5807799442896936,1.733983286908078
RIDA,25,0.0393830393457933,0.0458580095691267,0.06493433515154709,0.024887539188815304,-0.005306687682857457,0.0128554542309047,0.0127022824569925,0.6,0.3983286908077994,0.3816155988857939,0.4735376044568245,0.46935933147632314,1.722841225626741
SOX2,25,0.0342459345096944,0.0438767135426239,0.0639856983758138,0.01944898989668539,-0.0032068928795188287,0.020957865908602148,0.0176809809961724,0.56,0.30919220055710306,0.36768802228412256,0.6545961002785515,0.3802228412256267,1.7116991643454038
MPEG1,25,0.0705396166427428,0.0413734640671826,0.108978264161922,0.017406668706815086,-0.03505280835953813,-0.004477390206083999,0.0,0.48,0.6768802228412256,0.6657381615598886,0.12813370473537605,0.21448467966573817,1.6852367688022287
CFAP53,25,0.0329202055761472,0.048196911798182,0.060425090690966604,0.019113159395465297,0.0024660916322294,0.029548301760990214,0.0134902230020855,0.64,0.27298050139275765,0.3147632311977716,0.5153203342618384,0.5807799442896936,1.6838440111420612
CLCA2,25,0.030842205557046,0.050308365685913,0.0605484505380829,0.00999696127576163,-0.005384477192574871,0.022829672846389346,0.0105404806227015,0.68,0.23676880222841226,0.31754874651810583,0.43454038997214484,0.692200557103064,1.681058495821727
PROX1,25,0.0263169946902717,0.0381139053973484,0.0500373944875118,0.014921491821515571,0.0014325125811983294,0.022685939618297016,0.0145200166131919,0.72,0.14763231197771587,0.19220055710306408,0.5543175487465181,0.7855153203342619,1.6796657381615598
S100A1,25,0.0294057945792603,0.0350751068239545,0.0586443277989125,0.0190148901917303,-0.007527536637744315,0.01116516327005975,0.0127224658594099,0.68,0.20334261838440112,0.3008356545961003,0.4818941504178273,0.692200557103064,1.6782729805013927
SH2D3C,25,0.0214791918001799,0.0298344271277992,0.0243490703617814,0.009058922006967701,0.01176336863557553,0.015217112598806154,0.0165256491401386,0.84,0.06685236768802229,0.011142061281337047,0.6350974930362117,0.9623955431754875,1.6754874651810585
DUSP2,25,0.0724384400207206,0.07423668578785,0.11992640071184729,0.01699453151878677,-0.023578434519072416,0.013860134515197768,0.0,0.44,0.6908077994428969,0.7019498607242339,0.12813370473537605,0.15181058495821728,1.672701949860724
ALDH1A3,25,0.0285929059358945,0.0334239808823275,0.0548241199039416,0.0025267655145657145,-0.01828849121131337,0.01105784041556365,0.0140948145618505,0.68,0.17548746518105848,0.2562674094707521,0.5431754874651811,0.692200557103064,1.6671309192200559
CYP2F1,25,0.0372388495309347,0.0468053289917437,0.07186397145579651,0.012404538926789027,-0.001890209711930586,0.03316502924377252,0.0116989474251129,0.56,0.3593314763231198,0.4456824512534819,0.46518105849582175,0.3802228412256267,1.6504178272980503
TCL1A,25,0.0395926418938846,0.0452220932937851,0.07773461058735831,0.015211917499516687,-0.005680239828773301,0.031801258116637386,0.0111045856287297,0.52,0.40668523676880225,0.49303621169916434,0.44846796657381616,0.298050139275766,1.6462395543175488
HLA-DQB2,25,0.0705348306884273,0.0681705514941327,0.11628309195041729,0.020750642771592113,-0.03015534842118947,0.018570657117226264,0.0,0.44,0.6740947075208914,0.6908077994428969,0.12813370473537605,0.15181058495821728,1.6448467966573816
TENT5C,25,0.0455323767510871,0.0429544167156981,0.0749544163222461,-0.0038125904156038294,0.022483181798907383,-0.00818412015509775,0.0098836187277076,0.52,0.46518105849582175,0.4735376044568245,0.40668523676880225,0.298050139275766,1.6434540389972145
MNDA,25,0.0845775279988335,0.0730845875573681,0.13576745938546791,0.02760261490505084,-0.046140651417705354,0.004037438087174667,0.0,0.32,0.7437325905292479,0.7353760445682451,0.12813370473537605,0.027855153203342618,1.6350974930362117
LPL,25,0.0303086284759259,0.0467283381675747,0.0505921028599739,0.02469386350146287,-0.0035258329714919,0.011669498205763866,0.013567152813833,0.68,0.2200557103064067,0.1977715877437326,0.520891364902507,0.692200557103064,1.6309192200557103
SOX18,25,0.029041217670766,0.0376290054706771,0.0398685451825794,0.025777613256353017,-0.004218441806592929,0.006263706355814083,0.0105389158860965,0.8,0.18662952646239556,0.10027855153203342,0.43175487465181056,0.9108635097493036,1.6295264623955432
MS4A1,25,0.0701185115486526,0.07113049657825,0.09441408357422,0.0016176165823603,0.05767886439018417,0.017588641839106814,0.0,0.48,0.6685236768802229,0.6072423398328691,0.12813370473537605,0.21448467966573817,1.6183844011142063
DST,25,0.072926387309894,0.0889491985591244,0.1147317516981389,-0.0054081074672416,0.04318382892956286,-0.01049578086751505,0.0,0.4,0.6935933147632312,0.6880222841225627,0.12813370473537605,0.09749303621169916,1.6072423398328692
GDF15,25,0.0418127699895742,0.0517692170973352,0.0647297566553138,0.01475028138211773,-0.026683580206284967,0.006390331993636898,0.0102143705141926,0.56,0.43175487465181056,0.37604456824512533,0.4178272980501393,0.3802228412256267,1.6058495821727021
SMIM24,25,0.0378937231588642,0.0501455513753895,0.0698398530685791,0.01555754533937643,-0.006161268998727971,0.022932627091963833,0.0102780021397908,0.56,0.37047353760445684,0.42896935933147634,0.4206128133704735,0.3802228412256267,1.6002785515320335
TFPI,25,0.0758453190898538,0.0743199922626002,0.0963359008042585,0.04614327816196887,-0.010338340702400571,0.00822850789346035,0.0,0.44,0.7047353760445683,0.6128133704735376,0.12813370473537605,0.15181058495821728,1.5974930362116992
SNAI1,25,0.037927048814621,0.04538255728759,0.0522708923144949,0.02065108894366213,0.023317292532948144,0.0044411443913989,0.0135800732719944,0.6,0.3732590529247911,0.23119777158774374,0.5236768802228412,0.46935933147632314,1.597493036211699
CAVIN2,25,0.0699510767470099,0.0639619556432723,0.11717375057511051,-0.011081289950657,0.02553314233497584,-0.02719238395871897,0.0,0.4,0.6657381615598886,0.6935933147632312,0.12813370473537605,0.09749303621169916,1.584958217270195
CDH16,25,0.0238910040077056,0.0381998308433954,0.0441373084719259,0.008807316611775043,0.0003589232379894422,0.020770375320642534,0.0107594209812375,0.8,0.09749303621169916,0.13370473537604458,0.4373259052924791,0.9108635097493036,1.5793871866295266
SERPINB2,25,0.0330016662972149,0.0517385944556593,0.05368307503992929,0.009199983917879715,-0.0034889924971888424,0.016643113376257082,0.0120144718977285,0.64,0.2757660167130919,0.24512534818941503,0.467966573816156,0.5807799442896936,1.5696378830083564
PCNA,25,0.0560539147789614,0.0575633818892345,0.1002645163953646,0.0368030028746655,-0.016294135421730013,0.015147527342756333,0.0,0.48,0.5933147632311978,0.6323119777158774,0.12813370473537605,0.21448467966573817,1.5682451253481897
ACE2,25,0.0237562900900783,0.0468974138564571,0.0460558462044137,0.009273299845745316,-0.0037773456926683295,0.018050108563708048,0.0136545563061429,0.72,0.09192200557103064,0.15598885793871867,0.5292479108635098,0.7855153203342619,1.5626740947075208
GPC3,25,0.0520033829278221,0.0254649567164214,0.0745280103831138,-0.003274058338162972,0.03108044311597014,0.0053922539127045505,0.0029340992308065,0.52,0.5292479108635098,0.47075208913649025,0.2646239554317549,0.298050139275766,1.5626740947075208
CD83,25,0.0702651540234494,0.0664050657042175,0.1227733991561519,0.019772594152072113,-0.029374918276952412,0.011138967825150716,0.0,0.36,0.6713091922005571,0.7103064066852368,0.12813370473537605,0.04874651810584958,1.5584958217270195
SLAMF1,25,0.0336732264489113,0.0436498849629061,0.0431633471296366,0.014104525369210728,0.014801075895222799,0.021225918350045,0.0186858710407312,0.6,0.298050139275766,0.12256267409470752,0.6685236768802229,0.46935933147632314,1.5584958217270195
STC2,25,0.0598484052973207,0.0596607498258713,0.0933408456502545,0.04775319147345447,-0.002044276114410886,0.020153201297002567,0.0,0.48,0.6183844011142061,0.5905292479108635,0.12813370473537605,0.21448467966573817,1.551532033426184
AHSP,25,0.0305671085751125,0.0450501918541597,0.051014552545515096,0.019720585736090656,0.0011391719347648853,0.021786304909939713,0.0169325331455307,0.6,0.22841225626740946,0.20891364902506965,0.6406685236768802,0.46935933147632314,1.5473537604456824
TRAC,25,0.0610261420101765,0.0512629259998517,0.1138768484064609,0.017025937877865598,-0.015835541676689113,0.005988378684415316,0.0,0.4,0.6323119777158774,0.6824512534818942,0.12813370473537605,0.09749303621169916,1.540389972144847
CYP1A1,25,0.0307726609543063,0.0378129926864938,0.0522532894162274,0.016885223496309443,0.0014692805611662577,0.022316168061124464,0.012923145347442,0.64,0.233983286908078,0.22841225626740946,0.49303621169916434,0.5807799442896936,1.5362116991643453
MMRN1,25,0.0298284055334726,0.0342717895384421,0.052691041554167706,0.013187181853341756,-0.0057934490527554285,0.010258668565222935,0.0156272027885537,0.6,0.2116991643454039,0.23676880222841226,0.6072423398328691,0.46935933147632314,1.5250696378830084
SELE,25,0.0287009230873671,0.0502935262381526,0.050659796502711,0.013754484704313633,0.0028112842386180145,0.02341452519584275,0.0145880797276672,0.64,0.17827298050139276,0.20334261838440112,0.5626740947075209,0.5807799442896936,1.5250696378830084
DPEP1,25,0.023178117272749,0.0293276160226683,0.041187207568848694,0.013585647647581729,-0.0005602375911453567,0.0177555834927827,0.0136716772332116,0.72,0.08356545961002786,0.11142061281337047,0.532033426183844,0.7855153203342619,1.512534818941504
KNG1,25,0.0238151774436982,0.0402840907009645,0.0344722094831147,0.01762071162333787,0.0050637342695639565,0.018378351807261183,0.0145768407797462,0.72,0.0947075208913649,0.06685236768802229,0.5598885793871866,0.7855153203342619,1.5069637883008355
MLPH,25,0.0331445565188216,0.0413780427904835,0.06013148578587241,0.018136702234403557,-0.007523079791433971,0.014394015353543614,0.0103068656131105,0.6,0.2841225626740947,0.31197771587743733,0.4233983286908078,0.46935933147632314,1.488857938718663
PDGFRA,25,0.0652743759067717,0.0639517960571412,0.1214517428628905,-0.013786082229367797,0.016537092300195216,-0.02077923316593475,0.0,0.2,0.6434540389972145,0.7047353760445683,0.12813370473537605,0.002785515320334262,1.4791086350974931
MAMDC2,25,0.0476091356788813,0.040574777565953,0.0646819453096378,-0.009168721721526357,0.039122395653579126,0.009363224959531133,0.0053449201058946,0.52,0.5041782729805014,0.37047353760445684,0.28969359331476324,0.298050139275766,1.4623955431754876
APOA5,25,0.02853916303772,0.0523422703325869,0.056776500618659395,0.007281388117144757,-0.002085038677234786,0.023465810224494565,0.0137200569435116,0.6,0.17270194986072424,0.2841225626740947,0.5348189415041783,0.46935933147632314,1.4610027855153205
RAPGEF3,25,0.0222729463236403,0.0315452403761344,0.02898849558538,0.016337791240642257,0.009005058906432828,0.012258364587643135,0.0130090808398752,0.76,0.07242339832869081,0.033426183844011144,0.4958217270194986,0.8537604456824512,1.4554317548746518
FCN1,25,0.0524281140939159,0.0575565403771788,0.08906785547911461,0.007542113812125458,-0.0031762873390843264,0.026300150829100418,0.0,0.48,0.5515320334261838,0.5598885793871866,0.12813370473537605,0.21448467966573817,1.454038997214485
GKN2,25,0.0258596684413427,0.03058790912557,0.048247678168767,0.011842957863207115,-0.000152228819020843,0.021067945826137635,0.0112848132375401,0.68,0.1392757660167131,0.1671309192200557,0.45125348189415043,0.692200557103064,1.4498607242339834
CLIC6,25,0.0315598898723503,0.0212991180493597,0.0549555937067434,-0.010026967041111428,0.01891761462447411,0.0030510518478018994,0.0078677183305707,0.64,0.2479108635097493,0.2618384401114206,0.3593314763231198,0.5807799442896936,1.4498607242339832
CCDC78,25,0.0248102997977074,0.0542234702387418,0.0348541297043052,0.013532729079839156,0.009742132481850857,0.0189473599448249,0.0148185223265702,0.68,0.116991643454039,0.07242339832869081,0.5654596100278552,0.692200557103064,1.447075208913649
BAMBI,25,0.0346406787185917,0.0329451083599943,0.0444586257738352,0.009693606789846787,0.023226474997645043,0.002711077244875383,0.0095437083697323,0.64,0.32590529247910865,0.13649025069637882,0.3955431754874652,0.5807799442896936,1.4387186629526463
SCGN,25,0.0295184357064075,0.0434779010788232,0.056489649080061405,0.013454994102084,-0.0015478587863092428,0.02272146226422987,0.0128614547472816,0.6,0.20612813370473537,0.2785515320334262,0.48467966573816157,0.46935933147632314,1.4387186629526463
SST,25,0.0255255105099315,0.0428564691208384,0.048004043736100205,0.010937194758374314,-0.0020345008649756717,0.019566109084486784,0.0075960390294318,0.72,0.1309192200557103,0.16434540389972144,0.35097493036211697,0.7855153203342619,1.4317548746518107
MRC1,25,0.0718234105207672,0.0767472065783118,0.0732578199659211,-0.008907237710360214,-0.05193515618500987,-0.034865145048945334,0.0,0.44,0.6880222841225627,0.4568245125348189,0.12813370473537605,0.15181058495821728,1.424791086350975
MTRNR2L11,25,0.0392042455142068,0.0477730913150543,0.0638268767135295,0.027161846221342413,0.0061351512132343435,0.023065335024712048,0.003439085557776,0.56,0.3955431754874652,0.3593314763231198,0.27298050139275765,0.3802228412256267,1.4080779944289694
BTNL9,25,0.0349138120957853,0.0406979874706309,0.0549120292662525,0.01670209847878517,0.005456577558103257,0.02814666791487723,0.0071368826045142,0.6,0.3342618384401114,0.2590529247910863,0.3398328690807799,0.46935933147632314,1.4025069637883008
PECAM1,25,0.0478617214696392,0.0581094980909225,0.08606040542288709,0.038843809133698455,-0.024894851876220186,-0.009223409666066834,0.0,0.48,0.5069637883008357,0.5459610027855153,0.12813370473537605,0.21448467966573817,1.3955431754874654
CAPN8,25,0.0347201179467913,0.0419533495986778,0.06742532583501559,0.011087812004282757,0.0002007707960175142,0.0291771224404279,0.0073521119617658,0.52,0.33147632311977715,0.41225626740947074,0.34818941504178275,0.298050139275766,1.3899721448467965
GPC1,25,0.0593229101149262,0.0677576133208568,0.0951258091033796,-0.0057016570453992865,0.03376271956972952,-0.007491475146415484,0.0,0.28,0.6100278551532033,0.6100278551532033,0.12813370473537605,0.016713091922005572,1.3649025069637883
PRF1,25,0.0571917043844584,0.0593073380800346,0.0911566262369794,0.014108185980959856,-0.03298000879765547,0.005614727247734084,0.0,0.36,0.6016713091922006,0.5766016713091922,0.12813370473537605,0.04874651810584958,1.3551532033426184
SLC22A8,25,0.03330516919054,0.052739867330365,0.0632439732383755,0.012586604205920945,-0.0022484287051360856,0.027150739914604847,0.0095975515445153,0.52,0.2924791086350975,0.35376044568245124,0.3983286908077994,0.298050139275766,1.3426183844011141
CSF3,25,0.0254774065593645,0.0394541714932114,0.049413292840890896,0.014922427665386815,-0.0017085290595902284,0.01979102791019365,0.0105136833474805,0.64,0.12813370473537605,0.1894150417827298,0.42896935933147634,0.5807799442896936,1.3272980501392757
HIGD1B,25,0.0344447667011236,0.0487922557896974,0.06739223669275629,0.02092117081719234,-0.0035742303541824727,0.024824464712130418,0.0059670735820631,0.52,0.31754874651810583,0.40947075208913647,0.3008356545961003,0.298050139275766,1.3259052924791086
C1orf194,25,0.0332417795312947,0.0524327080990545,0.0576194486165768,0.010146428756382013,-0.00940556927191413,0.020584452806319053,0.007884119203876,0.56,0.28969359331476324,0.2924791086350975,0.362116991643454,0.3802228412256267,1.3245125348189415
KIT,25,0.0247833009601912,0.0433100511663003,0.0490198035181173,0.004266180786376499,-0.0032477643557077855,0.016167033595933217,0.0109768722654557,0.64,0.11420612813370473,0.18662952646239556,0.4428969359331476,0.5807799442896936,1.3245125348189415
BASP1,25,0.0415094619261139,0.061885566571335,0.0573827893636443,-0.01653398239127623,-0.008413188102951701,-0.022571106670365017,0.00608115159899,0.52,0.4233983286908078,0.28969359331476324,0.3064066852367688,0.298050139275766,1.3175487465181057
FOXJ1,25,0.0247363976372758,0.041260904845103,0.048967159120856,0.01022300357291513,-0.000988979716596201,0.01965541277814725,0.0109756817390531,0.64,0.11142061281337047,0.18384401114206128,0.4401114206128134,0.5807799442896936,1.3161559888579388
BANK1,25,0.0551931727114002,0.0480624169673892,0.0727734817811502,0.007059167382912885,0.04408587157435234,0.017020742329970678,0.0,0.44,0.5821727019498607,0.45403899721448465,0.12813370473537605,0.15181058495821728,1.3161559888579386
DIRAS3,25,0.0318550481203126,0.0451424370621809,0.056173979196310196,0.007902641790487072,-0.006837450228570086,0.018597131470339083,0.0062767762858968,0.6,0.25348189415041783,0.27298050139275765,0.31754874651810583,0.46935933147632314,1.3133704735376046
PTN,25,0.0456405503119299,0.0440791171797046,0.0875366338071264,0.017360761465700144,0.010040106768124326,-0.00934129344077955,0.0,0.44,0.467966573816156,0.5543175487465181,0.12813370473537605,0.15181058495821728,1.3022284122562673
VWA5A,25,0.032002768818256,0.0360950100505364,0.0428662913605379,0.02615714187505531,-0.0006028032511411145,0.00188597516860335,0.0072758753597623,0.64,0.2590529247910863,0.116991643454039,0.34540389972144847,0.5807799442896936,1.3022284122562673
CD4,25,0.0439764487123378,0.0478509408299776,0.0781708264498002,0.020217118046627385,-0.0114327412787517,-0.0007056899731156836,0.0,0.48,0.45403899721448465,0.5013927576601671,0.12813370473537605,0.21448467966573817,1.2980501392757662
LILRA4,25,0.0346011631473291,0.0524565966038552,0.0668263060642785,0.018476539848278496,-0.002497770738331427,0.026577601486539967,0.0034363268854203,0.52,0.3203342618384401,0.403899721448468,0.27019498607242337,0.298050139275766,1.2924791086350973
SPI1,25,0.0520990117685192,0.0473442200536872,0.0820954928522843,0.013637356247553158,-0.023797387965514418,-0.0022247299779385664,0.0,0.4,0.5348189415041783,0.5264623955431755,0.12813370473537605,0.09749303621169916,1.286908077994429
CHGA,25,0.0303601415101247,0.0460289313902629,0.051251498817730695,0.006186911591790256,-0.009952647807526286,0.017243294548426432,0.0090475856585518,0.6,0.22284122562674094,0.21448467966573817,0.3788300835654596,0.46935933147632314,1.285515320334262
SLC4A1,25,0.0297678359609214,0.0455164628165143,0.0585662548503589,0.009275977636316199,-0.0005847725148911137,0.02532327558674195,0.0091960915802567,0.56,0.20891364902506965,0.298050139275766,0.3871866295264624,0.3802228412256267,1.2743732590529249
GNLY,25,0.0471922754122654,0.0503921215211237,0.0866876413958703,-0.0006132425088746571,-0.01226255101200527,0.0013060798320986156,0.0,0.4,0.49303621169916434,0.5515320334261838,0.12813370473537605,0.09749303621169916,1.2701949860724235
CPA3,25,0.0202100234328995,0.0291129667225526,0.0363658756608151,0.011845772539091715,-0.004947299036897857,0.0058473206334106005,0.0142973296071752,0.64,0.055710306406685235,0.08356545961002786,0.5487465181058496,0.5807799442896936,1.2688022284122562
LGI4,25,0.0264927076388698,0.0354482988786266,0.043286413300574506,0.020480498979341073,0.004599719290944699,0.01606172596671525,0.0135618982576094,0.6,0.1532033426183844,0.12534818941504178,0.5181058495821727,0.46935933147632314,1.266016713091922
IRF8,25,0.0469001979270905,0.0486062902890916,0.0854621670463223,0.020310744838326327,-0.012001323242475659,0.015552351783815416,0.0,0.4,0.48467966573816157,0.5431754874651811,0.12813370473537605,0.09749303621169916,1.253481894150418
CD69,25,0.0460981208904049,0.0473122185072193,0.08450569890491799,0.019344370859252013,-0.00853141756224007,0.0147776732380204,0.0,0.4,0.4763231197771588,0.5376044568245125,0.12813370473537605,0.09749303621169916,1.2395543175487467
ADIPOQ,25,0.0190081050199051,0.0299453574548789,0.02920959695335,0.012501517466081887,0.0033513432649140717,0.011875359592620168,0.0116981418565625,0.68,0.04456824512534819,0.036211699164345405,0.4623955431754875,0.692200557103064,1.2353760445682451
GYPB,25,0.022566647157013,0.0375632226037051,0.0433366265936812,0.013178819112773257,-0.004467627097614414,0.013998465480261435,0.0064318531933285,0.68,0.07799442896935933,0.12813370473537605,0.3231197771587744,0.692200557103064,1.2214484679665738
EGFR,25,0.0415169992688299,0.0427455176433018,0.0689707889279212,0.02668370837735013,-0.010116512460010302,0.011119042565011518,0.0,0.48,0.42618384401114207,0.42618384401114207,0.12813370473537605,0.21448467966573817,1.1949860724233985
CD27,25,0.0463000606553478,0.0425707154647232,0.083207124127849,0.014928987825615655,-0.012523001361318327,0.004550635284337383,0.0,0.36,0.479108635097493,0.5292479108635098,0.12813370473537605,0.04874651810584958,1.1852367688022283
FGFBP2,25,0.0271634636970983,0.0424559969681377,0.0506469699761989,0.008210881734366286,0.0006992318448650564,0.023338415218701735,0.0100777367481233,0.56,0.15877437325905291,0.20055710306406685,0.415041782729805,0.3802228412256267,1.1545961002785516
DMBT1,25,0.0261673560294511,0.0467455978428204,0.050978278494448304,0.009939730195139329,-0.003064962431557814,0.022450935022491483,0.0070453162455381,0.6,0.14206128133704735,0.20612813370473537,0.3342618384401114,0.46935933147632314,1.1518105849582172
HMGCS2,25,0.0208162011958987,0.0386762664209245,0.0407772707758075,0.014688692149293029,-0.0034826865236370283,0.0091802992714703,0.0096134548840099,0.64,0.06128133704735376,0.10306406685236769,0.4011142061281337,0.5807799442896936,1.1462395543175488
SNCA,25,0.024856393007602,0.0389119415947657,0.04843863725014,0.01507937990400307,-1.8097540169057206e-05,0.014360239221565369,0.0090906466150917,0.6,0.11977715877437325,0.17270194986072424,0.38440111420612816,0.46935933147632314,1.1462395543175488
PPY,25,0.0209573319606662,0.0387597856216179,0.036194700921387796,0.007556994108828714,-0.0019084137794139568,0.011908681370742899,0.0099136909999254,0.64,0.06406685236768803,0.0807799442896936,0.40947075208913647,0.5807799442896936,1.1350974930362117
CD247,25,0.01898221032733,0.0231112750512367,0.0323143109046384,0.010937318474001744,0.007005990135838657,0.006642635678913982,0.0163541369793991,0.56,0.04178272980501393,0.055710306406685235,0.6295264623955432,0.3802228412256267,1.107242339832869
DNASE1L3,25,0.0154448872678731,0.0307942338355056,0.0247560098609707,0.0073338981481979575,0.007417425449316628,0.012883631078801633,0.0079235704539179,0.68,0.013927576601671309,0.013927576601671309,0.3649025069637883,0.692200557103064,1.084958217270195
LGR5,25,0.0162509976955816,0.0287605710433657,0.0312989866228872,0.0027075686768504715,-0.00830877739296707,0.0070471016006174,0.006152310914328,0.68,0.022284122562674095,0.05013927576601671,0.30919220055710306,0.692200557103064,1.073816155988858
AQP3,25,0.0365430537400904,0.0298038364760927,0.048423579376241,0.0017897711945921856,0.02584914659387161,0.010772818444873267,0.0011525208744055,0.52,0.34818941504178275,0.16991643454038996,0.2562674094707521,0.298050139275766,1.0724233983286908
CD19,25,0.0390403895266454,0.0349564066698244,0.043153669936875305,0.0049783458611278855,0.02851441530443959,0.016856661703368202,0.0018979525562303,0.52,0.39275766016713093,0.11977715877437325,0.2618384401114206,0.298050139275766,1.0724233983286908
PVALB,25,0.0205356280240812,0.0396676489415807,0.0410047798445723,0.008021202366044372,-0.0023736941653313285,0.015845127710569968,0.006698624538098,0.64,0.0584958217270195,0.10584958217270195,0.32590529247910865,0.5807799442896936,1.0710306406685237
DPT,25,0.0185589314938064,0.022763163968578,0.0328920654373289,0.008352669616972829,-0.0021938141469802284,0.0049814150419311325,0.0092279927099015,0.64,0.036211699164345405,0.06128133704735376,0.38997214484679665,0.5807799442896936,1.0682451253481893
CD1C,25,0.0451921818834068,0.0424877293988342,0.06707304376221529,0.011051013245055813,0.010022486452946271,0.02684118803638635,0.0,0.36,0.4623955431754875,0.40668523676880225,0.12813370473537605,0.04874651810584958,1.0459610027855153
AQP8,25,0.0248638075122377,0.0325061521989135,0.044945720498124495,0.008318352369071757,0.0032639133565516,0.016037773514131284,0.0076993094211423,0.56,0.12256267409470752,0.1392757660167131,0.3565459610027855,0.3802228412256267,0.9986072423398329
TBX3,25,0.0386493518727572,0.0342394298737166,0.0713698006698878,-0.0062749416694177565,0.012332410338332158,-0.007596684166901617,0.0,0.32,0.3871866295264624,0.4373259052924791,0.12813370473537605,0.027855153203342618,0.9805013927576602
CD1E,25,0.0331019746440221,0.0423489763731899,0.0631057694356492,0.016521716649294214,-0.0002121279678264298,0.023123805864282667,0.0,0.48,0.2785515320334262,0.35097493036211697,0.12813370473537605,0.21448467966573817,0.9721448467966575
SMYD2,25,0.0371796943300153,0.0397030696867116,0.0621761297513369,0.03143164992839743,-0.00800714969000053,0.00981297319588435,0.0,0.44,0.35376044568245124,0.3370473537604457,0.12813370473537605,0.15181058495821728,0.9707520891364904
BCL2L11,25,0.033867260212261,0.0374482937297873,0.0597892027666039,0.025682177710337272,-0.013041998049209575,0.006313286626624566,0.0,0.48,0.3008356545961003,0.30919220055710306,0.12813370473537605,0.21448467966573817,0.9526462395543175
STEAP4,25,0.0386106186811704,0.0390855018053775,0.0522333133961636,0.017655188822001757,0.015865711076726855,0.024359798297303063,0.0,0.48,0.38440111420612816,0.22562674094707522,0.12813370473537605,0.21448467966573817,0.9526462395543175
PGR,25,0.026266534389062,0.033144630756001,0.038316447238614,0.0014579789833766572,0.01250211300937744,0.021007961511655616,0.0062688781017727,0.56,0.14484679665738162,0.08913649025069638,0.3147632311977716,0.3802228412256267,0.9289693593314763
COL17A1,25,0.0266578591864764,0.0361597264366896,0.050144783232707296,0.011326365884664085,0.0017740455139612424,0.022241139714946036,0.0040175247176507,0.52,0.15598885793871867,0.19498607242339833,0.2757660167130919,0.298050139275766,0.924791086350975
BBOX1,25,0.0309210802222338,0.0447772327970887,0.0593784438023629,0.008097828517098856,-0.00599511845999473,0.022066973818290384,0.0,0.48,0.2395543175487465,0.3064066852367688,0.12813370473537605,0.21448467966573817,0.8885793871866295
CLEC4E,25,0.018829823606425,0.0270224802640839,0.0373793533411103,0.0012703432963225715,0.0011639882351776713,0.0036293824991157,0.0053562171790389,0.6,0.03899721448467967,0.08635097493036212,0.2924791086350975,0.46935933147632314,0.8871866295264624
SPIB,25,0.0372147743552253,0.0326716057634685,0.0488098845964193,0.014491009215655456,0.015869309435606584,0.026011422092997585,0.0,0.48,0.3565459610027855,0.17827298050139276,0.12813370473537605,0.21448467966573817,0.8774373259052924
PMP22,25,0.0411074054747905,0.0588824388846167,0.051244359452519796,-0.01606376584502407,-0.0031014371950987005,-0.021408770401320484,0.0,0.4,0.4206128133704735,0.2116991643454039,0.12813370473537605,0.09749303621169916,0.8579387186629527
FCER1A,25,0.0387137506169649,0.0312111672218228,0.048887146243680804,0.001815862764397217,0.030700664169699472,0.013171448903854516,0.0,0.44,0.38997214484679665,0.181058495821727,0.12813370473537605,0.15181058495821728,0.8509749303621171
GATM,25,0.017897899694283,0.0284303160690399,0.030503061440104,0.009649249473922471,0.006393861177970743,0.008642617548487235,0.0059508500661476,0.6,0.03064066852367688,0.04735376044568245,0.298050139275766,0.46935933147632314,0.8454038997214485
ASCL1,25,0.0234743507168879,0.0409890951328488,0.0454090549693921,0.0149232681492244,-0.0006070269660209571,0.01658224500490485,0.0061876886563121,0.52,0.08635097493036212,0.14484679665738162,0.31197771587743733,0.298050139275766,0.841225626740947
MLANA,25,0.0153267706382626,0.0336135946701514,0.0266752300882503,0.005113978116348386,2.2193712839114338e-05,0.006876327799925366,0.0068737913716559,0.6,0.011142061281337047,0.025069637883008356,0.3286908077994429,0.46935933147632314,0.8342618384401115
FCN2,25,0.0342937837369321,0.0403324162723981,0.058488466691675095,0.008331648792251156,0.006126551956992686,0.024447496796400583,0.0,0.4,0.31197771587743733,0.29526462395543174,0.12813370473537605,0.09749303621169916,0.8328690807799443
HEMGN,25,0.022055497390067,0.0344364908534567,0.0420179713307106,0.008033604245745415,-0.00048426351035951487,0.016309883385011867,0.0071493854515058,0.52,0.06963788300835655,0.11420612813370473,0.3426183844011142,0.298050139275766,0.8245125348189415
CCL27,25,0.0159034082769956,0.039981736889776,0.025572228248298703,0.0040474661186606,-0.0011029604748744712,0.0072281592121170996,0.0060495876974978,0.6,0.019498607242339833,0.019498607242339833,0.30362116991643456,0.46935933147632314,0.8119777158774374
HPGDS,25,0.0277131707417621,0.0328465992542092,0.0318837455199608,0.0011064879385240427,0.014015127709980016,0.016951911214169182,0.0052716286839957,0.52,0.16434540389972144,0.052924791086350974,0.28690807799442897,0.298050139275766,0.8022284122562673
GCG,25,0.0288925664953116,0.0471150045107463,0.0555767641395526,0.012448136853495929,-0.0011298871754414712,0.024605701325477014,0.0,0.48,0.181058495821727,0.27019498607242337,0.12813370473537605,0.21448467966573817,0.7938718662952645
SPDEF,25,0.0243539400041711,0.0323518980346808,0.0410705567467687,0.005491007997207582,0.003371957987214385,0.018702389486883002,0.0016819481570464,0.52,0.10584958217270195,0.10863509749303621,0.2590529247910863,0.298050139275766,0.7715877437325904
CYTIP,25,0.0293535055575955,0.0273076672654749,0.0563647856252191,0.0071880141909898285,0.006500783775427072,-0.0006563916780900672,0.0,0.44,0.20055710306406685,0.2757660167130919,0.12813370473537605,0.15181058495821728,0.7562674094707521
SLC26A2,25,0.0178958846212827,0.0270106337809257,0.0186517530708339,0.010371033358683886,0.012026480404780012,0.008803410912356216,0.0063991650167687,0.56,0.027855153203342618,0.005571030640668524,0.3203342618384401,0.3802228412256267,0.733983286908078
AGER,25,0.0146271626287879,0.0363556165061388,0.0274222266571255,0.0012980397200455143,-4.7810704909771245e-05,0.01028515545202695,0.0058284973990082,0.56,0.005571030640668524,0.027855153203342618,0.29526462395543174,0.3802228412256267,0.7089136490250696
HPX,25,0.0151065592470054,0.0298812370058259,0.0286464961460993,0.009268211486448958,0.003589031299848343,0.008805696661966317,0.0044527249558255,0.56,0.008356545961002786,0.03064066852367688,0.28133704735376047,0.3802228412256267,0.7005571030640669
AR,25,0.0181788028336901,0.0261730035828023,0.0336968440385162,0.003382822812098857,0.0014225975548109854,0.012217664572093783,0.0042082680649991,0.52,0.033426183844011144,0.06406685236768803,0.2785515320334262,0.298050139275766,0.6740947075208914
PLCG2,25,0.0299369265872508,0.0341602533458122,0.0520810097344407,0.018576375496308115,-0.004129002967840201,0.0075687913762541,0.0,0.4,0.21727019498607242,0.22284122562674094,0.12813370473537605,0.09749303621169916,0.6657381615598886
LY86,25,0.0289233006998811,0.0374538409908192,0.0532962127377365,0.008671903804995372,-0.0039179808953883274,0.007224513268136616,0.0,0.4,0.18384401114206128,0.24233983286908078,0.12813370473537605,0.09749303621169916,0.6518105849582173
ACKR1,25,0.0311305430942168,0.0162202738227139,0.0468346114611779,-0.0071928752705376,0.010316513604179527,0.007319850509081999,0.0,0.4,0.24233983286908078,0.1615598885793872,0.12813370473537605,0.09749303621169916,0.6295264623955431
TMEM52B,25,0.0246260863445103,0.0359168991358394,0.0456183756085634,0.011607590172450086,-0.0029469269731247855,0.009868272251231434,0.0,0.48,0.10863509749303621,0.15041782729805014,0.12813370473537605,0.21448467966573817,0.6016713091922006
TIMP4,25,0.0251928551976655,0.0366318697004032,0.0434708551369203,0.012617844543938259,0.0022235376968424434,0.01754654580918435,0.0,0.48,0.12534818941504178,0.1309192200557103,0.12813370473537605,0.21448467966573817,0.5988857938718664
CLEC10A,25,0.0293043094948862,0.0429620771036678,0.0545139008073591,0.009529346964635371,0.002126518537917114,-0.002690700827480867,0.0,0.28,0.19498607242339833,0.25348189415041783,0.12813370473537605,0.016713091922005572,0.5933147632311977
C5orf46,25,0.0264098422681063,0.0302570048283978,0.0393592581450226,0.010323810521726984,0.008496015182486756,0.01740597842636835,0.0,0.48,0.15041782729805014,0.09749303621169916,0.12813370473537605,0.21448467966573817,0.5905292479108635
PLD4,25,0.0279530931812768,0.0363659709030663,0.0356161338013717,0.01200938276835006,0.010531683642065944,0.019852843194769283,0.0,0.48,0.16991643454038996,0.07520891364902507,0.12813370473537605,0.21448467966573817,0.5877437325905293
GHRL,25,0.0278863235638917,0.0253329276762726,0.0388778082919323,0.00793815248404173,0.008553050758115228,0.015824063530587934,0.0,0.44,0.1671309192200557,0.09192200557103064,0.12813370473537605,0.15181058495821728,0.5389972144846796
CSF2RA,25,0.027221963703092,0.034942621477441,0.0393547813670578,-0.007001095243914671,0.0059631739485344,-0.009902503742170284,0.0,0.44,0.1615598885793872,0.0947075208913649,0.12813370473537605,0.15181058495821728,0.5362116991643454
PEBP4,25,0.0229342245315913,0.028978017127046,0.0325460346099032,0.005364918069344442,0.009041067563695614,0.01612331619657083,0.0,0.48,0.0807799442896936,0.0584958217270195,0.12813370473537605,0.21448467966573817,0.48189415041782735
PRG4,25,0.0257643223780974,0.0347582256811416,0.0304613925850928,0.0013609801076581716,0.0125404703348939,0.016373164752753203,0.0,0.4,0.13370473537604458,0.04456824512534819,0.12813370473537605,0.09749303621169916,0.403899721448468
AQP2,25,0.0192040603384072,0.0354320997861142,0.0348049672142952,0.00962405068317367,-0.0016598967077772861,0.008994024098236466,0.0,0.4,0.05013927576601671,0.06963788300835655,0.12813370473537605,0.09749303621169916,0.34540389972144847
DERL3,25,0.0222997786446517,0.0212580918926613,0.0356860598263496,0.0025231407896194667,0.0064778703876243,0.012975018731969415,0.0,0.36,0.07520891364902507,0.07799442896935933,0.12813370473537605,0.04874651810584958,0.33008356545961004
TNFRSF17,25,0.0258551574480841,0.023320565818872,0.0295533091795333,0.007473247349545134,0.009191950936763971,0.011730673965995862,0.0,0.24,0.13649025069637882,0.03899721448467967,0.12813370473537605,0.006963788300835654,0.31058495821727017
TNFRSF13B,25,0.0190227006869806,0.018677972240202,0.0257086390936085,-0.00021411911378985734,0.013518865116795328,0.009877695326422135,0.0,0.4,0.04735376044568245,0.022284122562674095,0.12813370473537605,0.09749303621169916,0.29526462395543174
CTSG,25,0.0177086596826989,0.0351561630383565,0.0253641039593004,0.0016767215756256283,0.0041757316364243,0.012880279903803383,0.0,0.4,0.025069637883008356,0.016713091922005572,0.12813370473537605,0.09749303621169916,0.26740947075208915
CA4,25,0.0155491190155288,0.0363539312574734,0.0301438386862155,0.0019136249072703563,-0.0001628192472784142,0.012439857291177782,0.0,0.36,0.016713091922005572,0.04178272980501393,0.12813370473537605,0.04874651810584958,0.23537604456824512
SNCG,25,0.0194464865752949,0.0223815816156711,0.022415573411273503,0.010174659346591614,0.007887715801385486,0.006872799622098433,0.0,0.32,0.052924791086350974,0.008356545961002786,0.12813370473537605,0.027855153203342618,0.21727019498607242
PLIN4,25,0.0072552675138777,0.0303755001268978,0.013059756625916,-0.0010535797139525713,0.00033432910668920013,-0.0021281360607780667,0.0,0.36,0.002785515320334262,0.002785515320334262,0.12813370473537605,0.04874651810584958,0.18245125348189417
