territory,source_class,final_display_class,evaluable
0,comparatively_stable,comparatively_stable,True
1,u040_enriched_then_reduced,u040_enriched_then_reduced,True
2,u040_enriched_then_reduced,u040_enriched_then_reduced,True
3,progressive_increase,progressive_increase,True
4,comparatively_stable,comparatively_stable,True
5,progressive_increase,progressive_increase,True
6,u040_enriched_then_reduced,u040_enriched_then_reduced,True
7,u040_enriched_then_reduced,u040_enriched_then_reduced,True
8,comparatively_stable,comparatively_stable,True
9,comparatively_stable,not_evaluable,False
10,comparatively_stable,not_evaluable,False
11,comparatively_stable,comparatively_stable,True
12,comparatively_stable,comparatively_stable,True
13,comparatively_stable,comparatively_stable,True
14,u040_enriched_then_reduced,u040_enriched_then_reduced,True
15,late_recruitment,late_recruitment,True
16,comparatively_stable,comparatively_stable,True
17,u040_enriched_then_reduced,u040_enriched_then_reduced,True
18,comparatively_stable,comparatively_stable,True
19,comparatively_stable,comparatively_stable,True
20,late_recruitment,late_recruitment,True
21,late_recruitment,late_recruitment,True
22,u040_enriched_then_reduced,u040_enriched_then_reduced,True
23,u040_enriched_then_reduced,u040_enriched_then_reduced,True
24,u040_enriched_then_reduced,u040_enriched_then_reduced,True
25,comparatively_stable,comparatively_stable,True
26,u040_enriched_then_reduced,u040_enriched_then_reduced,True
27,comparatively_stable,comparatively_stable,True
28,comparatively_stable,comparatively_stable,True
29,comparatively_stable,comparatively_stable,True
30,u040_enriched_then_reduced,u040_enriched_then_reduced,True
31,comparatively_stable,comparatively_stable,True
32,comparatively_stable,comparatively_stable,True
33,late_recruitment,late_recruitment,True
34,comparatively_stable,comparatively_stable,True
35,comparatively_stable,comparatively_stable,True
36,u040_enriched_then_reduced,u040_enriched_then_reduced,True
37,late_recruitment,late_recruitment,True
38,u040_enriched_then_reduced,u040_enriched_then_reduced,True
39,comparatively_stable,comparatively_stable,True
40,late_recruitment,late_recruitment,True
41,comparatively_stable,comparatively_stable,True
42,u040_enriched_then_reduced,u040_enriched_then_reduced,True
43,u040_enriched_then_reduced,u040_enriched_then_reduced,True
44,comparatively_stable,comparatively_stable,True
45,u040_enriched_then_reduced,u040_enriched_then_reduced,True
46,u040_enriched_then_reduced,u040_enriched_then_reduced,True
47,comparatively_stable,comparatively_stable,True
48,progressive_increase,progressive_increase,True
49,u040_enriched_then_reduced,u040_enriched_then_reduced,True
50,comparatively_stable,comparatively_stable,True
51,comparatively_stable,comparatively_stable,True
52,comparatively_stable,comparatively_stable,True
53,comparatively_stable,comparatively_stable,True
54,comparatively_stable,comparatively_stable,True
55,comparatively_stable,comparatively_stable,True
56,late_recruitment,late_recruitment,True
57,comparatively_stable,comparatively_stable,True
58,comparatively_stable,comparatively_stable,True
59,comparatively_stable,comparatively_stable,True
60,comparatively_stable,comparatively_stable,True
61,comparatively_stable,comparatively_stable,True
62,comparatively_stable,comparatively_stable,True
63,comparatively_stable,comparatively_stable,True
64,comparatively_stable,comparatively_stable,True
65,late_recruitment,late_recruitment,True
66,comparatively_stable,comparatively_stable,True
67,u040_enriched_then_reduced,u040_enriched_then_reduced,True
68,u040_enriched_then_reduced,u040_enriched_then_reduced,True
69,comparatively_stable,comparatively_stable,True
70,u040_enriched_then_reduced,u040_enriched_then_reduced,True
71,late_recruitment,late_recruitment,True
72,comparatively_stable,comparatively_stable,True
73,comparatively_stable,comparatively_stable,True
74,comparatively_stable,comparatively_stable,True
75,u040_enriched_then_reduced,u040_enriched_then_reduced,True
76,u040_enriched_then_reduced,u040_enriched_then_reduced,True
77,comparatively_stable,comparatively_stable,True
78,u040_enriched_then_reduced,u040_enriched_then_reduced,True
79,late_recruitment,late_recruitment,True
80,u040_enriched_then_reduced,u040_enriched_then_reduced,True
81,late_recruitment,late_recruitment,True
82,u040_enriched_then_reduced,u040_enriched_then_reduced,True
83,late_recruitment,late_recruitment,True
84,late_recruitment,late_recruitment,True
85,late_recruitment,late_recruitment,True
86,comparatively_stable,comparatively_stable,True
87,u040_enriched_then_reduced,u040_enriched_then_reduced,True
88,comparatively_stable,comparatively_stable,True
89,u040_enriched_then_reduced,u040_enriched_then_reduced,True
90,comparatively_stable,comparatively_stable,True
91,late_recruitment,late_recruitment,True
92,u040_enriched_then_reduced,u040_enriched_then_reduced,True
93,u040_enriched_then_reduced,u040_enriched_then_reduced,True
94,comparatively_stable,comparatively_stable,True
95,comparatively_stable,comparatively_stable,True
