render_row,territory,descriptive_pattern,early_mean_008_024,u040,late_mean_048_056,evaluable
0,61,comparatively_stable,0.0257143982273833,0.1183758372247618,0.1415629344121788,True
1,55,comparatively_stable,0.026902719638566,0.1059516212875631,0.1177985810336413,True
2,19,comparatively_stable,0.0274544679797199,0.1133725625927177,0.1080894219470847,True
3,66,comparatively_stable,0.0190386262357796,0.1105947810841068,0.0996994800440476,True
4,16,comparatively_stable,0.0239589020795911,0.0862911887620279,0.108304615543319,True
5,47,comparatively_stable,0.0225006500785143,0.1058785303306285,0.103993909327758,True
6,39,comparatively_stable,0.0190022487388093,0.0945049000412561,0.0859762326375411,True
7,74,comparatively_stable,0.0271016844778701,0.0896526717787062,0.0910544103534581,True
8,72,comparatively_stable,0.0230981128659229,0.0900739825556509,0.0831753081222104,True
9,86,comparatively_stable,0.0220220674717348,0.0861531527285364,0.0870442758008691,True
10,51,comparatively_stable,0.0197488713939557,0.079931011652146,0.0605898568129334,True
11,59,comparatively_stable,0.0214976805178533,0.0772529400705496,0.0795141453120695,True
12,50,comparatively_stable,0.0210234509547216,0.0766485366474171,0.0791275458444502,True
13,52,comparatively_stable,0.0358740261646231,0.0757646152316923,0.0602433982744036,True
14,4,comparatively_stable,0.0119544376530025,0.0751400348149982,0.0650290742476269,True
15,69,comparatively_stable,0.0159022321528042,0.0751065468623963,0.0729459690855254,True
16,27,comparatively_stable,0.0142964578277205,0.0732333201846392,0.0664827642465553,True
17,94,comparatively_stable,0.0234559145654583,0.0568557635313152,0.071567521295198,True
18,44,comparatively_stable,0.0170089122440704,0.0541955954983417,0.071469496129039,True
19,18,comparatively_stable,0.0199290513716728,0.0567825185853901,0.0710526435689545,True
20,35,comparatively_stable,0.0156290948633001,0.0565557641957988,0.0709400373900795,True
21,57,comparatively_stable,0.0194465730621767,0.0556612591380532,0.0696135992689593,True
22,62,comparatively_stable,0.0150975258927042,0.0693983517090038,0.0647117505749942,True
23,8,comparatively_stable,0.01926335127697,0.0459048507166057,0.0691138144199274,True
24,95,comparatively_stable,0.0142006118099842,0.0602685112702106,0.0677087535400477,True
25,31,comparatively_stable,0.0126431046497615,0.0433445359236338,0.0658846983337317,True
26,54,comparatively_stable,0.0209172212161446,0.0448141737036484,0.064356172954691,True
27,25,comparatively_stable,0.0135025001366086,0.03879288830486,0.0634754465418675,True
28,0,comparatively_stable,0.020724210762234,0.0511270417834632,0.0632958988878201,True
29,58,comparatively_stable,0.0167410765829827,0.0386666271353347,0.0630508579210446,True
30,11,comparatively_stable,0.0175747173862487,0.0579999395597535,0.0630429527832955,True
31,41,comparatively_stable,0.0137795545439336,0.0558438158338625,0.0625949255678993,True
32,29,comparatively_stable,0.0146882005044389,0.0413859643777893,0.0622022729219168,True
33,34,comparatively_stable,0.0153479847876704,0.0454417181701638,0.0612789743556924,True
34,53,comparatively_stable,0.0396115143142363,0.0605950450298578,0.055515306420512,True
35,77,comparatively_stable,0.0142511314570104,0.0433356347397207,0.0584476103239805,True
36,88,comparatively_stable,0.0221327421754939,0.0496998505112346,0.0577372712120768,True
37,32,comparatively_stable,0.0244976344612383,0.0536714972790818,0.0574949164869027,True
38,63,comparatively_stable,0.0161623425555236,0.0473968046741351,0.0561384382300678,True
39,13,comparatively_stable,0.0228606637230698,0.0519695332450202,0.0548753465753048,True
40,73,comparatively_stable,0.0135591555273363,0.0545245363430631,0.0509043078115431,True
41,90,comparatively_stable,0.012486038553156,0.0543623310317822,0.0458509948395407,True
42,64,comparatively_stable,0.0230247528988678,0.0459171009448431,0.054263776460282,True
43,28,comparatively_stable,0.0466007540036091,0.0538504024052696,0.0538219560199967,True
44,60,comparatively_stable,0.0372686910011222,0.0517401168851511,0.0538206920004475,True
45,12,comparatively_stable,0.0126773774219915,0.0486718192572155,0.0487106955542132,True
46,7,u040_enriched_then_reduced,0.0209483833846067,0.4746939679201681,0.3664175343666229,True
47,6,u040_enriched_then_reduced,0.0160218370401798,0.403997512577587,0.0756026399393326,True
48,43,u040_enriched_then_reduced,0.0185020219990294,0.3530876442033842,0.1441801788923262,True
49,92,u040_enriched_then_reduced,0.0493873244643178,0.3508966722147538,0.2348374854401422,True
50,23,u040_enriched_then_reduced,0.0423477780216681,0.3287100484947945,0.2124755448039902,True
51,42,u040_enriched_then_reduced,0.0162349180385213,0.314542992380788,0.0818627283443295,True
52,2,u040_enriched_then_reduced,0.0167790464567791,0.2819480466023641,0.0530983969556656,True
53,45,u040_enriched_then_reduced,0.01708215487003,0.2817082449415943,0.0562376418200382,True
54,14,u040_enriched_then_reduced,0.0177347347418492,0.2714348850884255,0.0806564914046631,True
55,67,u040_enriched_then_reduced,0.0164912851420159,0.2469731029066305,0.0530646788286101,True
56,22,u040_enriched_then_reduced,0.0176313768935189,0.2416288678926567,0.0536281406806449,True
57,17,u040_enriched_then_reduced,0.0225617021412401,0.1968607499082842,0.120119682447361,True
58,30,u040_enriched_then_reduced,0.0180786370506747,0.1839000043147785,0.0661768734205517,True
59,78,u040_enriched_then_reduced,0.0286715022722494,0.1754520888374303,0.102151791455165,True
60,26,u040_enriched_then_reduced,0.0230047509027515,0.1721272119615408,0.1154895776506774,True
61,89,u040_enriched_then_reduced,0.0163850913230907,0.1649656466608239,0.0612357904195134,True
62,93,u040_enriched_then_reduced,0.0189595795619121,0.1637108644802116,0.0972224844495976,True
63,24,u040_enriched_then_reduced,0.0203853216129227,0.1547556034536127,0.0738625792480908,True
64,76,u040_enriched_then_reduced,0.0257909171683404,0.1526972349680208,0.0919223915626083,True
65,1,u040_enriched_then_reduced,0.0333669207804616,0.1519004464181915,0.1075434617446591,True
66,80,u040_enriched_then_reduced,0.0253712960763198,0.1480361637270534,0.0757770530724211,True
67,68,u040_enriched_then_reduced,0.0167722639503641,0.1441145267351532,0.06509711221848,True
68,49,u040_enriched_then_reduced,0.0182115285558788,0.1433298216361567,0.0719601779683838,True
69,70,u040_enriched_then_reduced,0.0172456395230747,0.1403788740692869,0.0635412871297723,True
70,36,u040_enriched_then_reduced,0.0222018561982618,0.1381065184428305,0.0977204744110516,True
71,38,u040_enriched_then_reduced,0.018592141482512,0.1354593792690114,0.0813645890989749,True
72,75,u040_enriched_then_reduced,0.0190475744386928,0.1280627806014413,0.0609437258764289,True
73,82,u040_enriched_then_reduced,0.0185362229098169,0.1245343382375462,0.085615591583096,True
74,46,u040_enriched_then_reduced,0.0216745148805073,0.1191338981605498,0.0608371207874908,True
75,87,u040_enriched_then_reduced,0.0205806926269131,0.1174941186104223,0.0782596847496638,True
76,85,late_recruitment,0.0235483013186596,0.0490894708762378,0.0761773129403145,True
77,84,late_recruitment,0.0158412033827422,0.044129594360471,0.0731420625525235,True
78,79,late_recruitment,0.0139088546054108,0.0418060659243856,0.0698670472882272,True
79,37,late_recruitment,0.0225455382639052,0.036663381181557,0.0676702669874338,True
80,56,late_recruitment,0.0207094217186175,0.0406663033131181,0.0670807726763046,True
81,20,late_recruitment,0.0238590672457774,0.0393151055568917,0.0666696628457925,True
82,21,late_recruitment,0.0202284946735592,0.0384991259861032,0.0666587722533134,True
83,15,late_recruitment,0.0201331081091071,0.036061515218364,0.0625615573860669,True
84,83,late_recruitment,0.0195834457443435,0.0363576650509453,0.0624437612009036,True
85,33,late_recruitment,0.0186342628870972,0.0362174769687386,0.0622732657214511,True
86,40,late_recruitment,0.0165406688190088,0.036061515218364,0.0622022729219168,True
87,65,late_recruitment,0.0165216924980203,0.036061515218364,0.0622022729219168,True
88,71,late_recruitment,0.0166000414982205,0.0361149105809181,0.0622022729219168,True
89,81,late_recruitment,0.0137564865619457,0.036061515218364,0.0622022729219168,True
90,91,late_recruitment,0.0166173403644498,0.036061515218364,0.0622022729219168,True
91,3,progressive_increase,0.0233372364417996,0.1015912318942223,0.1557827667019177,True
92,48,progressive_increase,0.0215335048811792,0.0777086617916271,0.1414343597641726,True
93,5,progressive_increase,0.0282271699017955,0.0842754437215487,0.1191907604505557,True
94,9,not_evaluable,,,,False
95,10,not_evaluable,,,,False
