mass,count,pmf_collective,sample,state,u
2,388,0.31493506493506496,nondiseased_kidney,early,0.100030750307503
3,202,0.16396103896103897,nondiseased_kidney,early,0.100030750307503
4,135,0.10957792207792208,nondiseased_kidney,early,0.100030750307503
5,66,0.05357142857142857,nondiseased_kidney,early,0.100030750307503
6,47,0.03814935064935065,nondiseased_kidney,early,0.100030750307503
7,44,0.03571428571428571,nondiseased_kidney,early,0.100030750307503
8,36,0.02922077922077922,nondiseased_kidney,early,0.100030750307503
9,34,0.027597402597402596,nondiseased_kidney,early,0.100030750307503
10,35,0.028409090909090908,nondiseased_kidney,early,0.100030750307503
11,29,0.02353896103896104,nondiseased_kidney,early,0.100030750307503
12,18,0.01461038961038961,nondiseased_kidney,early,0.100030750307503
13,13,0.010551948051948052,nondiseased_kidney,early,0.100030750307503
14,10,0.008116883116883116,nondiseased_kidney,early,0.100030750307503
15,10,0.008116883116883116,nondiseased_kidney,early,0.100030750307503
16,13,0.010551948051948052,nondiseased_kidney,early,0.100030750307503
17,6,0.00487012987012987,nondiseased_kidney,early,0.100030750307503
18,11,0.008928571428571428,nondiseased_kidney,early,0.100030750307503
19,8,0.006493506493506494,nondiseased_kidney,early,0.100030750307503
20,10,0.008116883116883116,nondiseased_kidney,early,0.100030750307503
21,6,0.00487012987012987,nondiseased_kidney,early,0.100030750307503
22,5,0.004058441558441558,nondiseased_kidney,early,0.100030750307503
23,5,0.004058441558441558,nondiseased_kidney,early,0.100030750307503
25,6,0.00487012987012987,nondiseased_kidney,early,0.100030750307503
26,8,0.006493506493506494,nondiseased_kidney,early,0.100030750307503
27,3,0.002435064935064935,nondiseased_kidney,early,0.100030750307503
28,6,0.00487012987012987,nondiseased_kidney,early,0.100030750307503
29,3,0.002435064935064935,nondiseased_kidney,early,0.100030750307503
30,3,0.002435064935064935,nondiseased_kidney,early,0.100030750307503
31,2,0.0016233766233766235,nondiseased_kidney,early,0.100030750307503
32,2,0.0016233766233766235,nondiseased_kidney,early,0.100030750307503
33,5,0.004058441558441558,nondiseased_kidney,early,0.100030750307503
34,2,0.0016233766233766235,nondiseased_kidney,early,0.100030750307503
35,3,0.002435064935064935,nondiseased_kidney,early,0.100030750307503
36,2,0.0016233766233766235,nondiseased_kidney,early,0.100030750307503
37,1,0.0008116883116883117,nondiseased_kidney,early,0.100030750307503
38,2,0.0016233766233766235,nondiseased_kidney,early,0.100030750307503
39,9,0.007305194805194805,nondiseased_kidney,early,0.100030750307503
40,3,0.002435064935064935,nondiseased_kidney,early,0.100030750307503
41,3,0.002435064935064935,nondiseased_kidney,early,0.100030750307503
42,1,0.0008116883116883117,nondiseased_kidney,early,0.100030750307503
43,2,0.0016233766233766235,nondiseased_kidney,early,0.100030750307503
44,1,0.0008116883116883117,nondiseased_kidney,early,0.100030750307503
45,2,0.0016233766233766235,nondiseased_kidney,early,0.100030750307503
47,1,0.0008116883116883117,nondiseased_kidney,early,0.100030750307503
48,1,0.0008116883116883117,nondiseased_kidney,early,0.100030750307503
49,1,0.0008116883116883117,nondiseased_kidney,early,0.100030750307503
50,1,0.0008116883116883117,nondiseased_kidney,early,0.100030750307503
51,2,0.0016233766233766235,nondiseased_kidney,early,0.100030750307503
52,2,0.0016233766233766235,nondiseased_kidney,early,0.100030750307503
53,1,0.0008116883116883117,nondiseased_kidney,early,0.100030750307503
55,1,0.0008116883116883117,nondiseased_kidney,early,0.100030750307503
59,1,0.0008116883116883117,nondiseased_kidney,early,0.100030750307503
62,1,0.0008116883116883117,nondiseased_kidney,early,0.100030750307503
63,1,0.0008116883116883117,nondiseased_kidney,early,0.100030750307503
64,2,0.0016233766233766235,nondiseased_kidney,early,0.100030750307503
65,1,0.0008116883116883117,nondiseased_kidney,early,0.100030750307503
68,3,0.002435064935064935,nondiseased_kidney,early,0.100030750307503
71,1,0.0008116883116883117,nondiseased_kidney,early,0.100030750307503
74,1,0.0008116883116883117,nondiseased_kidney,early,0.100030750307503
81,1,0.0008116883116883117,nondiseased_kidney,early,0.100030750307503
87,1,0.0008116883116883117,nondiseased_kidney,early,0.100030750307503
88,1,0.0008116883116883117,nondiseased_kidney,early,0.100030750307503
94,1,0.0008116883116883117,nondiseased_kidney,early,0.100030750307503
99,1,0.0008116883116883117,nondiseased_kidney,early,0.100030750307503
115,1,0.0008116883116883117,nondiseased_kidney,early,0.100030750307503
145,1,0.0008116883116883117,nondiseased_kidney,early,0.100030750307503
151,1,0.0008116883116883117,nondiseased_kidney,early,0.100030750307503
162,1,0.0008116883116883117,nondiseased_kidney,early,0.100030750307503
204,1,0.0008116883116883117,nondiseased_kidney,early,0.100030750307503
251,1,0.0008116883116883117,nondiseased_kidney,early,0.100030750307503
2,435,0.3020833333333333,nondiseased_kidney,pre-event,0.3287412874128741
3,205,0.1423611111111111,nondiseased_kidney,pre-event,0.3287412874128741
4,111,0.07708333333333334,nondiseased_kidney,pre-event,0.3287412874128741
5,85,0.059027777777777776,nondiseased_kidney,pre-event,0.3287412874128741
6,62,0.043055555555555555,nondiseased_kidney,pre-event,0.3287412874128741
7,47,0.03263888888888889,nondiseased_kidney,pre-event,0.3287412874128741
8,51,0.035416666666666666,nondiseased_kidney,pre-event,0.3287412874128741
9,36,0.025,nondiseased_kidney,pre-event,0.3287412874128741
10,30,0.020833333333333332,nondiseased_kidney,pre-event,0.3287412874128741
11,25,0.017361111111111112,nondiseased_kidney,pre-event,0.3287412874128741
12,33,0.022916666666666665,nondiseased_kidney,pre-event,0.3287412874128741
13,22,0.015277777777777777,nondiseased_kidney,pre-event,0.3287412874128741
14,24,0.016666666666666666,nondiseased_kidney,pre-event,0.3287412874128741
15,13,0.009027777777777777,nondiseased_kidney,pre-event,0.3287412874128741
16,14,0.009722222222222222,nondiseased_kidney,pre-event,0.3287412874128741
17,11,0.007638888888888889,nondiseased_kidney,pre-event,0.3287412874128741
18,14,0.009722222222222222,nondiseased_kidney,pre-event,0.3287412874128741
19,6,0.004166666666666667,nondiseased_kidney,pre-event,0.3287412874128741
20,13,0.009027777777777777,nondiseased_kidney,pre-event,0.3287412874128741
21,6,0.004166666666666667,nondiseased_kidney,pre-event,0.3287412874128741
22,9,0.00625,nondiseased_kidney,pre-event,0.3287412874128741
23,5,0.003472222222222222,nondiseased_kidney,pre-event,0.3287412874128741
24,6,0.004166666666666667,nondiseased_kidney,pre-event,0.3287412874128741
25,10,0.006944444444444444,nondiseased_kidney,pre-event,0.3287412874128741
26,6,0.004166666666666667,nondiseased_kidney,pre-event,0.3287412874128741
27,6,0.004166666666666667,nondiseased_kidney,pre-event,0.3287412874128741
28,3,0.0020833333333333333,nondiseased_kidney,pre-event,0.3287412874128741
29,2,0.001388888888888889,nondiseased_kidney,pre-event,0.3287412874128741
30,5,0.003472222222222222,nondiseased_kidney,pre-event,0.3287412874128741
31,9,0.00625,nondiseased_kidney,pre-event,0.3287412874128741
32,3,0.0020833333333333333,nondiseased_kidney,pre-event,0.3287412874128741
33,1,0.0006944444444444445,nondiseased_kidney,pre-event,0.3287412874128741
34,9,0.00625,nondiseased_kidney,pre-event,0.3287412874128741
35,5,0.003472222222222222,nondiseased_kidney,pre-event,0.3287412874128741
36,1,0.0006944444444444445,nondiseased_kidney,pre-event,0.3287412874128741
37,5,0.003472222222222222,nondiseased_kidney,pre-event,0.3287412874128741
38,1,0.0006944444444444445,nondiseased_kidney,pre-event,0.3287412874128741
39,3,0.0020833333333333333,nondiseased_kidney,pre-event,0.3287412874128741
40,3,0.0020833333333333333,nondiseased_kidney,pre-event,0.3287412874128741
41,1,0.0006944444444444445,nondiseased_kidney,pre-event,0.3287412874128741
42,3,0.0020833333333333333,nondiseased_kidney,pre-event,0.3287412874128741
43,2,0.001388888888888889,nondiseased_kidney,pre-event,0.3287412874128741
44,2,0.001388888888888889,nondiseased_kidney,pre-event,0.3287412874128741
45,2,0.001388888888888889,nondiseased_kidney,pre-event,0.3287412874128741
46,3,0.0020833333333333333,nondiseased_kidney,pre-event,0.3287412874128741
47,2,0.001388888888888889,nondiseased_kidney,pre-event,0.3287412874128741
48,1,0.0006944444444444445,nondiseased_kidney,pre-event,0.3287412874128741
49,2,0.001388888888888889,nondiseased_kidney,pre-event,0.3287412874128741
50,2,0.001388888888888889,nondiseased_kidney,pre-event,0.3287412874128741
51,2,0.001388888888888889,nondiseased_kidney,pre-event,0.3287412874128741
52,4,0.002777777777777778,nondiseased_kidney,pre-event,0.3287412874128741
54,5,0.003472222222222222,nondiseased_kidney,pre-event,0.3287412874128741
55,1,0.0006944444444444445,nondiseased_kidney,pre-event,0.3287412874128741
56,2,0.001388888888888889,nondiseased_kidney,pre-event,0.3287412874128741
57,1,0.0006944444444444445,nondiseased_kidney,pre-event,0.3287412874128741
58,1,0.0006944444444444445,nondiseased_kidney,pre-event,0.3287412874128741
59,3,0.0020833333333333333,nondiseased_kidney,pre-event,0.3287412874128741
60,3,0.0020833333333333333,nondiseased_kidney,pre-event,0.3287412874128741
61,1,0.0006944444444444445,nondiseased_kidney,pre-event,0.3287412874128741
64,1,0.0006944444444444445,nondiseased_kidney,pre-event,0.3287412874128741
66,1,0.0006944444444444445,nondiseased_kidney,pre-event,0.3287412874128741
67,1,0.0006944444444444445,nondiseased_kidney,pre-event,0.3287412874128741
69,1,0.0006944444444444445,nondiseased_kidney,pre-event,0.3287412874128741
71,2,0.001388888888888889,nondiseased_kidney,pre-event,0.3287412874128741
72,3,0.0020833333333333333,nondiseased_kidney,pre-event,0.3287412874128741
73,2,0.001388888888888889,nondiseased_kidney,pre-event,0.3287412874128741
75,2,0.001388888888888889,nondiseased_kidney,pre-event,0.3287412874128741
76,3,0.0020833333333333333,nondiseased_kidney,pre-event,0.3287412874128741
80,1,0.0006944444444444445,nondiseased_kidney,pre-event,0.3287412874128741
81,2,0.001388888888888889,nondiseased_kidney,pre-event,0.3287412874128741
87,2,0.001388888888888889,nondiseased_kidney,pre-event,0.3287412874128741
88,1,0.0006944444444444445,nondiseased_kidney,pre-event,0.3287412874128741
92,3,0.0020833333333333333,nondiseased_kidney,pre-event,0.3287412874128741
95,1,0.0006944444444444445,nondiseased_kidney,pre-event,0.3287412874128741
97,2,0.001388888888888889,nondiseased_kidney,pre-event,0.3287412874128741
99,1,0.0006944444444444445,nondiseased_kidney,pre-event,0.3287412874128741
102,1,0.0006944444444444445,nondiseased_kidney,pre-event,0.3287412874128741
106,1,0.0006944444444444445,nondiseased_kidney,pre-event,0.3287412874128741
119,1,0.0006944444444444445,nondiseased_kidney,pre-event,0.3287412874128741
121,1,0.0006944444444444445,nondiseased_kidney,pre-event,0.3287412874128741
132,1,0.0006944444444444445,nondiseased_kidney,pre-event,0.3287412874128741
140,1,0.0006944444444444445,nondiseased_kidney,pre-event,0.3287412874128741
142,1,0.0006944444444444445,nondiseased_kidney,pre-event,0.3287412874128741
145,1,0.0006944444444444445,nondiseased_kidney,pre-event,0.3287412874128741
153,1,0.0006944444444444445,nondiseased_kidney,pre-event,0.3287412874128741
154,1,0.0006944444444444445,nondiseased_kidney,pre-event,0.3287412874128741
159,1,0.0006944444444444445,nondiseased_kidney,pre-event,0.3287412874128741
165,1,0.0006944444444444445,nondiseased_kidney,pre-event,0.3287412874128741
168,1,0.0006944444444444445,nondiseased_kidney,pre-event,0.3287412874128741
171,1,0.0006944444444444445,nondiseased_kidney,pre-event,0.3287412874128741
181,1,0.0006944444444444445,nondiseased_kidney,pre-event,0.3287412874128741
200,1,0.0006944444444444445,nondiseased_kidney,pre-event,0.3287412874128741
212,1,0.0006944444444444445,nondiseased_kidney,pre-event,0.3287412874128741
229,1,0.0006944444444444445,nondiseased_kidney,pre-event,0.3287412874128741
257,1,0.0006944444444444445,nondiseased_kidney,pre-event,0.3287412874128741
259,1,0.0006944444444444445,nondiseased_kidney,pre-event,0.3287412874128741
260,1,0.0006944444444444445,nondiseased_kidney,pre-event,0.3287412874128741
276,1,0.0006944444444444445,nondiseased_kidney,pre-event,0.3287412874128741
298,1,0.0006944444444444445,nondiseased_kidney,pre-event,0.3287412874128741
387,1,0.0006944444444444445,nondiseased_kidney,pre-event,0.3287412874128741
434,1,0.0006944444444444445,nondiseased_kidney,pre-event,0.3287412874128741
548,1,0.0006944444444444445,nondiseased_kidney,pre-event,0.3287412874128741
688,1,0.0006944444444444445,nondiseased_kidney,pre-event,0.3287412874128741
1330,1,0.0006944444444444445,nondiseased_kidney,pre-event,0.3287412874128741
1713,1,0.0006944444444444445,nondiseased_kidney,pre-event,0.3287412874128741
1721,1,0.0006944444444444445,nondiseased_kidney,pre-event,0.3287412874128741
1961,1,0.0006944444444444445,nondiseased_kidney,pre-event,0.3287412874128741
2248,1,0.0006944444444444445,nondiseased_kidney,pre-event,0.3287412874128741
4388,1,0.0006944444444444445,nondiseased_kidney,pre-event,0.3287412874128741
2,444,0.32220609579100146,nondiseased_kidney,event,0.3788027880278802
3,180,0.13062409288824384,nondiseased_kidney,event,0.3788027880278802
4,95,0.06894049346879536,nondiseased_kidney,event,0.3788027880278802
5,82,0.059506531204644414,nondiseased_kidney,event,0.3788027880278802
6,63,0.045718432510885344,nondiseased_kidney,event,0.3788027880278802
7,49,0.03555878084179971,nondiseased_kidney,event,0.3788027880278802
8,47,0.034107402031930335,nondiseased_kidney,event,0.3788027880278802
9,38,0.027576197387518143,nondiseased_kidney,event,0.3788027880278802
10,37,0.026850507982583455,nondiseased_kidney,event,0.3788027880278802
11,24,0.01741654571843251,nondiseased_kidney,event,0.3788027880278802
12,25,0.018142235123367198,nondiseased_kidney,event,0.3788027880278802
13,16,0.011611030478955007,nondiseased_kidney,event,0.3788027880278802
14,21,0.015239477503628448,nondiseased_kidney,event,0.3788027880278802
15,12,0.008708272859216255,nondiseased_kidney,event,0.3788027880278802
16,10,0.00725689404934688,nondiseased_kidney,event,0.3788027880278802
17,12,0.008708272859216255,nondiseased_kidney,event,0.3788027880278802
18,15,0.01088534107402032,nondiseased_kidney,event,0.3788027880278802
19,4,0.002902757619738752,nondiseased_kidney,event,0.3788027880278802
20,12,0.008708272859216255,nondiseased_kidney,event,0.3788027880278802
21,5,0.00362844702467344,nondiseased_kidney,event,0.3788027880278802
22,7,0.0050798258345428155,nondiseased_kidney,event,0.3788027880278802
23,8,0.005805515239477504,nondiseased_kidney,event,0.3788027880278802
24,8,0.005805515239477504,nondiseased_kidney,event,0.3788027880278802
25,7,0.0050798258345428155,nondiseased_kidney,event,0.3788027880278802
26,6,0.0043541364296081275,nondiseased_kidney,event,0.3788027880278802
27,3,0.0021770682148040637,nondiseased_kidney,event,0.3788027880278802
28,3,0.0021770682148040637,nondiseased_kidney,event,0.3788027880278802
29,3,0.0021770682148040637,nondiseased_kidney,event,0.3788027880278802
30,1,0.000725689404934688,nondiseased_kidney,event,0.3788027880278802
31,8,0.005805515239477504,nondiseased_kidney,event,0.3788027880278802
32,3,0.0021770682148040637,nondiseased_kidney,event,0.3788027880278802
33,2,0.001451378809869376,nondiseased_kidney,event,0.3788027880278802
34,5,0.00362844702467344,nondiseased_kidney,event,0.3788027880278802
35,7,0.0050798258345428155,nondiseased_kidney,event,0.3788027880278802
36,6,0.0043541364296081275,nondiseased_kidney,event,0.3788027880278802
37,5,0.00362844702467344,nondiseased_kidney,event,0.3788027880278802
38,1,0.000725689404934688,nondiseased_kidney,event,0.3788027880278802
39,4,0.002902757619738752,nondiseased_kidney,event,0.3788027880278802
40,2,0.001451378809869376,nondiseased_kidney,event,0.3788027880278802
42,2,0.001451378809869376,nondiseased_kidney,event,0.3788027880278802
43,4,0.002902757619738752,nondiseased_kidney,event,0.3788027880278802
44,2,0.001451378809869376,nondiseased_kidney,event,0.3788027880278802
45,1,0.000725689404934688,nondiseased_kidney,event,0.3788027880278802
46,1,0.000725689404934688,nondiseased_kidney,event,0.3788027880278802
47,2,0.001451378809869376,nondiseased_kidney,event,0.3788027880278802
48,3,0.0021770682148040637,nondiseased_kidney,event,0.3788027880278802
51,1,0.000725689404934688,nondiseased_kidney,event,0.3788027880278802
52,2,0.001451378809869376,nondiseased_kidney,event,0.3788027880278802
53,1,0.000725689404934688,nondiseased_kidney,event,0.3788027880278802
54,2,0.001451378809869376,nondiseased_kidney,event,0.3788027880278802
55,2,0.001451378809869376,nondiseased_kidney,event,0.3788027880278802
56,2,0.001451378809869376,nondiseased_kidney,event,0.3788027880278802
57,2,0.001451378809869376,nondiseased_kidney,event,0.3788027880278802
58,1,0.000725689404934688,nondiseased_kidney,event,0.3788027880278802
59,1,0.000725689404934688,nondiseased_kidney,event,0.3788027880278802
60,2,0.001451378809869376,nondiseased_kidney,event,0.3788027880278802
61,1,0.000725689404934688,nondiseased_kidney,event,0.3788027880278802
62,2,0.001451378809869376,nondiseased_kidney,event,0.3788027880278802
64,1,0.000725689404934688,nondiseased_kidney,event,0.3788027880278802
65,3,0.0021770682148040637,nondiseased_kidney,event,0.3788027880278802
66,1,0.000725689404934688,nondiseased_kidney,event,0.3788027880278802
67,1,0.000725689404934688,nondiseased_kidney,event,0.3788027880278802
68,2,0.001451378809869376,nondiseased_kidney,event,0.3788027880278802
69,2,0.001451378809869376,nondiseased_kidney,event,0.3788027880278802
71,1,0.000725689404934688,nondiseased_kidney,event,0.3788027880278802
72,1,0.000725689404934688,nondiseased_kidney,event,0.3788027880278802
74,1,0.000725689404934688,nondiseased_kidney,event,0.3788027880278802
77,1,0.000725689404934688,nondiseased_kidney,event,0.3788027880278802
78,1,0.000725689404934688,nondiseased_kidney,event,0.3788027880278802
80,2,0.001451378809869376,nondiseased_kidney,event,0.3788027880278802
81,2,0.001451378809869376,nondiseased_kidney,event,0.3788027880278802
82,1,0.000725689404934688,nondiseased_kidney,event,0.3788027880278802
86,1,0.000725689404934688,nondiseased_kidney,event,0.3788027880278802
87,1,0.000725689404934688,nondiseased_kidney,event,0.3788027880278802
88,2,0.001451378809869376,nondiseased_kidney,event,0.3788027880278802
89,1,0.000725689404934688,nondiseased_kidney,event,0.3788027880278802
92,1,0.000725689404934688,nondiseased_kidney,event,0.3788027880278802
93,1,0.000725689404934688,nondiseased_kidney,event,0.3788027880278802
97,2,0.001451378809869376,nondiseased_kidney,event,0.3788027880278802
99,2,0.001451378809869376,nondiseased_kidney,event,0.3788027880278802
102,1,0.000725689404934688,nondiseased_kidney,event,0.3788027880278802
103,2,0.001451378809869376,nondiseased_kidney,event,0.3788027880278802
121,1,0.000725689404934688,nondiseased_kidney,event,0.3788027880278802
124,1,0.000725689404934688,nondiseased_kidney,event,0.3788027880278802
134,2,0.001451378809869376,nondiseased_kidney,event,0.3788027880278802
142,1,0.000725689404934688,nondiseased_kidney,event,0.3788027880278802
145,1,0.000725689404934688,nondiseased_kidney,event,0.3788027880278802
147,1,0.000725689404934688,nondiseased_kidney,event,0.3788027880278802
149,1,0.000725689404934688,nondiseased_kidney,event,0.3788027880278802
153,1,0.000725689404934688,nondiseased_kidney,event,0.3788027880278802
165,1,0.000725689404934688,nondiseased_kidney,event,0.3788027880278802
171,1,0.000725689404934688,nondiseased_kidney,event,0.3788027880278802
193,1,0.000725689404934688,nondiseased_kidney,event,0.3788027880278802
198,1,0.000725689404934688,nondiseased_kidney,event,0.3788027880278802
201,1,0.000725689404934688,nondiseased_kidney,event,0.3788027880278802
202,1,0.000725689404934688,nondiseased_kidney,event,0.3788027880278802
217,1,0.000725689404934688,nondiseased_kidney,event,0.3788027880278802
229,1,0.000725689404934688,nondiseased_kidney,event,0.3788027880278802
250,1,0.000725689404934688,nondiseased_kidney,event,0.3788027880278802
257,1,0.000725689404934688,nondiseased_kidney,event,0.3788027880278802
259,1,0.000725689404934688,nondiseased_kidney,event,0.3788027880278802
267,1,0.000725689404934688,nondiseased_kidney,event,0.3788027880278802
270,1,0.000725689404934688,nondiseased_kidney,event,0.3788027880278802
280,1,0.000725689404934688,nondiseased_kidney,event,0.3788027880278802
298,1,0.000725689404934688,nondiseased_kidney,event,0.3788027880278802
596,1,0.000725689404934688,nondiseased_kidney,event,0.3788027880278802
1330,1,0.000725689404934688,nondiseased_kidney,event,0.3788027880278802
1721,1,0.000725689404934688,nondiseased_kidney,event,0.3788027880278802
2248,1,0.000725689404934688,nondiseased_kidney,event,0.3788027880278802
4220,1,0.000725689404934688,nondiseased_kidney,event,0.3788027880278802
10030,1,0.000725689404934688,nondiseased_kidney,event,0.3788027880278802
2,451,0.3619582664526485,nondiseased_kidney,post-event,0.428710537105371
3,168,0.1348314606741573,nondiseased_kidney,post-event,0.428710537105371
4,82,0.06581059390048154,nondiseased_kidney,post-event,0.428710537105371
5,74,0.0593900481540931,nondiseased_kidney,post-event,0.428710537105371
6,44,0.03531300160513644,nondiseased_kidney,post-event,0.428710537105371
7,44,0.03531300160513644,nondiseased_kidney,post-event,0.428710537105371
8,33,0.026484751203852328,nondiseased_kidney,post-event,0.428710537105371
9,33,0.026484751203852328,nondiseased_kidney,post-event,0.428710537105371
10,33,0.026484751203852328,nondiseased_kidney,post-event,0.428710537105371
11,19,0.015248796147672551,nondiseased_kidney,post-event,0.428710537105371
12,18,0.014446227929373997,nondiseased_kidney,post-event,0.428710537105371
13,16,0.012841091492776886,nondiseased_kidney,post-event,0.428710537105371
14,13,0.01043338683788122,nondiseased_kidney,post-event,0.428710537105371
15,9,0.0072231139646869984,nondiseased_kidney,post-event,0.428710537105371
16,10,0.008025682182985553,nondiseased_kidney,post-event,0.428710537105371
17,9,0.0072231139646869984,nondiseased_kidney,post-event,0.428710537105371
18,8,0.006420545746388443,nondiseased_kidney,post-event,0.428710537105371
19,4,0.0032102728731942215,nondiseased_kidney,post-event,0.428710537105371
20,6,0.004815409309791332,nondiseased_kidney,post-event,0.428710537105371
21,7,0.0056179775280898875,nondiseased_kidney,post-event,0.428710537105371
22,2,0.0016051364365971107,nondiseased_kidney,post-event,0.428710537105371
23,11,0.00882825040128411,nondiseased_kidney,post-event,0.428710537105371
24,4,0.0032102728731942215,nondiseased_kidney,post-event,0.428710537105371
25,9,0.0072231139646869984,nondiseased_kidney,post-event,0.428710537105371
26,3,0.002407704654895666,nondiseased_kidney,post-event,0.428710537105371
27,6,0.004815409309791332,nondiseased_kidney,post-event,0.428710537105371
28,3,0.002407704654895666,nondiseased_kidney,post-event,0.428710537105371
29,4,0.0032102728731942215,nondiseased_kidney,post-event,0.428710537105371
30,1,0.0008025682182985554,nondiseased_kidney,post-event,0.428710537105371
31,7,0.0056179775280898875,nondiseased_kidney,post-event,0.428710537105371
34,5,0.0040128410914927765,nondiseased_kidney,post-event,0.428710537105371
35,3,0.002407704654895666,nondiseased_kidney,post-event,0.428710537105371
36,2,0.0016051364365971107,nondiseased_kidney,post-event,0.428710537105371
37,3,0.002407704654895666,nondiseased_kidney,post-event,0.428710537105371
38,1,0.0008025682182985554,nondiseased_kidney,post-event,0.428710537105371
39,4,0.0032102728731942215,nondiseased_kidney,post-event,0.428710537105371
40,5,0.0040128410914927765,nondiseased_kidney,post-event,0.428710537105371
41,2,0.0016051364365971107,nondiseased_kidney,post-event,0.428710537105371
42,2,0.0016051364365971107,nondiseased_kidney,post-event,0.428710537105371
43,2,0.0016051364365971107,nondiseased_kidney,post-event,0.428710537105371
44,3,0.002407704654895666,nondiseased_kidney,post-event,0.428710537105371
45,1,0.0008025682182985554,nondiseased_kidney,post-event,0.428710537105371
46,1,0.0008025682182985554,nondiseased_kidney,post-event,0.428710537105371
47,2,0.0016051364365971107,nondiseased_kidney,post-event,0.428710537105371
48,3,0.002407704654895666,nondiseased_kidney,post-event,0.428710537105371
49,2,0.0016051364365971107,nondiseased_kidney,post-event,0.428710537105371
50,2,0.0016051364365971107,nondiseased_kidney,post-event,0.428710537105371
51,1,0.0008025682182985554,nondiseased_kidney,post-event,0.428710537105371
52,1,0.0008025682182985554,nondiseased_kidney,post-event,0.428710537105371
54,1,0.0008025682182985554,nondiseased_kidney,post-event,0.428710537105371
55,1,0.0008025682182985554,nondiseased_kidney,post-event,0.428710537105371
56,1,0.0008025682182985554,nondiseased_kidney,post-event,0.428710537105371
57,1,0.0008025682182985554,nondiseased_kidney,post-event,0.428710537105371
58,1,0.0008025682182985554,nondiseased_kidney,post-event,0.428710537105371
59,1,0.0008025682182985554,nondiseased_kidney,post-event,0.428710537105371
60,1,0.0008025682182985554,nondiseased_kidney,post-event,0.428710537105371
61,2,0.0016051364365971107,nondiseased_kidney,post-event,0.428710537105371
62,1,0.0008025682182985554,nondiseased_kidney,post-event,0.428710537105371
65,2,0.0016051364365971107,nondiseased_kidney,post-event,0.428710537105371
66,2,0.0016051364365971107,nondiseased_kidney,post-event,0.428710537105371
67,3,0.002407704654895666,nondiseased_kidney,post-event,0.428710537105371
68,1,0.0008025682182985554,nondiseased_kidney,post-event,0.428710537105371
69,2,0.0016051364365971107,nondiseased_kidney,post-event,0.428710537105371
70,1,0.0008025682182985554,nondiseased_kidney,post-event,0.428710537105371
71,1,0.0008025682182985554,nondiseased_kidney,post-event,0.428710537105371
74,1,0.0008025682182985554,nondiseased_kidney,post-event,0.428710537105371
75,1,0.0008025682182985554,nondiseased_kidney,post-event,0.428710537105371
80,2,0.0016051364365971107,nondiseased_kidney,post-event,0.428710537105371
87,2,0.0016051364365971107,nondiseased_kidney,post-event,0.428710537105371
89,1,0.0008025682182985554,nondiseased_kidney,post-event,0.428710537105371
92,1,0.0008025682182985554,nondiseased_kidney,post-event,0.428710537105371
96,1,0.0008025682182985554,nondiseased_kidney,post-event,0.428710537105371
98,1,0.0008025682182985554,nondiseased_kidney,post-event,0.428710537105371
99,1,0.0008025682182985554,nondiseased_kidney,post-event,0.428710537105371
100,1,0.0008025682182985554,nondiseased_kidney,post-event,0.428710537105371
102,1,0.0008025682182985554,nondiseased_kidney,post-event,0.428710537105371
103,1,0.0008025682182985554,nondiseased_kidney,post-event,0.428710537105371
104,1,0.0008025682182985554,nondiseased_kidney,post-event,0.428710537105371
107,1,0.0008025682182985554,nondiseased_kidney,post-event,0.428710537105371
120,1,0.0008025682182985554,nondiseased_kidney,post-event,0.428710537105371
121,1,0.0008025682182985554,nondiseased_kidney,post-event,0.428710537105371
124,1,0.0008025682182985554,nondiseased_kidney,post-event,0.428710537105371
129,1,0.0008025682182985554,nondiseased_kidney,post-event,0.428710537105371
137,1,0.0008025682182985554,nondiseased_kidney,post-event,0.428710537105371
142,1,0.0008025682182985554,nondiseased_kidney,post-event,0.428710537105371
145,1,0.0008025682182985554,nondiseased_kidney,post-event,0.428710537105371
151,1,0.0008025682182985554,nondiseased_kidney,post-event,0.428710537105371
153,2,0.0016051364365971107,nondiseased_kidney,post-event,0.428710537105371
165,1,0.0008025682182985554,nondiseased_kidney,post-event,0.428710537105371
171,1,0.0008025682182985554,nondiseased_kidney,post-event,0.428710537105371
201,1,0.0008025682182985554,nondiseased_kidney,post-event,0.428710537105371
204,1,0.0008025682182985554,nondiseased_kidney,post-event,0.428710537105371
215,1,0.0008025682182985554,nondiseased_kidney,post-event,0.428710537105371
227,1,0.0008025682182985554,nondiseased_kidney,post-event,0.428710537105371
229,2,0.0016051364365971107,nondiseased_kidney,post-event,0.428710537105371
233,1,0.0008025682182985554,nondiseased_kidney,post-event,0.428710537105371
257,1,0.0008025682182985554,nondiseased_kidney,post-event,0.428710537105371
259,1,0.0008025682182985554,nondiseased_kidney,post-event,0.428710537105371
293,1,0.0008025682182985554,nondiseased_kidney,post-event,0.428710537105371
298,1,0.0008025682182985554,nondiseased_kidney,post-event,0.428710537105371
609,1,0.0008025682182985554,nondiseased_kidney,post-event,0.428710537105371
890,1,0.0008025682182985554,nondiseased_kidney,post-event,0.428710537105371
959,1,0.0008025682182985554,nondiseased_kidney,post-event,0.428710537105371
1247,1,0.0008025682182985554,nondiseased_kidney,post-event,0.428710537105371
1330,1,0.0008025682182985554,nondiseased_kidney,post-event,0.428710537105371
1721,1,0.0008025682182985554,nondiseased_kidney,post-event,0.428710537105371
2248,1,0.0008025682182985554,nondiseased_kidney,post-event,0.428710537105371
6406,1,0.0008025682182985554,nondiseased_kidney,post-event,0.428710537105371
11951,1,0.0008025682182985554,nondiseased_kidney,post-event,0.428710537105371
2,672,0.375,nondiseased_kidney,endpoint,0.5767527675276752
3,259,0.14453125,nondiseased_kidney,endpoint,0.5767527675276752
4,120,0.06696428571428571,nondiseased_kidney,endpoint,0.5767527675276752
5,94,0.052455357142857144,nondiseased_kidney,endpoint,0.5767527675276752
6,76,0.04241071428571429,nondiseased_kidney,endpoint,0.5767527675276752
7,64,0.03571428571428571,nondiseased_kidney,endpoint,0.5767527675276752
8,44,0.024553571428571428,nondiseased_kidney,endpoint,0.5767527675276752
9,44,0.024553571428571428,nondiseased_kidney,endpoint,0.5767527675276752
10,29,0.016183035714285716,nondiseased_kidney,endpoint,0.5767527675276752
11,27,0.015066964285714286,nondiseased_kidney,endpoint,0.5767527675276752
12,19,0.010602678571428572,nondiseased_kidney,endpoint,0.5767527675276752
13,25,0.013950892857142858,nondiseased_kidney,endpoint,0.5767527675276752
14,19,0.010602678571428572,nondiseased_kidney,endpoint,0.5767527675276752
15,14,0.0078125,nondiseased_kidney,endpoint,0.5767527675276752
16,16,0.008928571428571428,nondiseased_kidney,endpoint,0.5767527675276752
17,8,0.004464285714285714,nondiseased_kidney,endpoint,0.5767527675276752
18,12,0.006696428571428571,nondiseased_kidney,endpoint,0.5767527675276752
19,9,0.005022321428571429,nondiseased_kidney,endpoint,0.5767527675276752
20,14,0.0078125,nondiseased_kidney,endpoint,0.5767527675276752
21,6,0.0033482142857142855,nondiseased_kidney,endpoint,0.5767527675276752
22,9,0.005022321428571429,nondiseased_kidney,endpoint,0.5767527675276752
23,8,0.004464285714285714,nondiseased_kidney,endpoint,0.5767527675276752
24,8,0.004464285714285714,nondiseased_kidney,endpoint,0.5767527675276752
25,4,0.002232142857142857,nondiseased_kidney,endpoint,0.5767527675276752
26,4,0.002232142857142857,nondiseased_kidney,endpoint,0.5767527675276752
27,7,0.00390625,nondiseased_kidney,endpoint,0.5767527675276752
28,3,0.0016741071428571428,nondiseased_kidney,endpoint,0.5767527675276752
29,4,0.002232142857142857,nondiseased_kidney,endpoint,0.5767527675276752
30,4,0.002232142857142857,nondiseased_kidney,endpoint,0.5767527675276752
31,7,0.00390625,nondiseased_kidney,endpoint,0.5767527675276752
32,2,0.0011160714285714285,nondiseased_kidney,endpoint,0.5767527675276752
33,2,0.0011160714285714285,nondiseased_kidney,endpoint,0.5767527675276752
34,3,0.0016741071428571428,nondiseased_kidney,endpoint,0.5767527675276752
35,2,0.0011160714285714285,nondiseased_kidney,endpoint,0.5767527675276752
36,2,0.0011160714285714285,nondiseased_kidney,endpoint,0.5767527675276752
37,2,0.0011160714285714285,nondiseased_kidney,endpoint,0.5767527675276752
38,2,0.0011160714285714285,nondiseased_kidney,endpoint,0.5767527675276752
39,3,0.0016741071428571428,nondiseased_kidney,endpoint,0.5767527675276752
40,2,0.0011160714285714285,nondiseased_kidney,endpoint,0.5767527675276752
41,2,0.0011160714285714285,nondiseased_kidney,endpoint,0.5767527675276752
42,2,0.0011160714285714285,nondiseased_kidney,endpoint,0.5767527675276752
43,7,0.00390625,nondiseased_kidney,endpoint,0.5767527675276752
44,4,0.002232142857142857,nondiseased_kidney,endpoint,0.5767527675276752
45,1,0.0005580357142857143,nondiseased_kidney,endpoint,0.5767527675276752
46,4,0.002232142857142857,nondiseased_kidney,endpoint,0.5767527675276752
47,2,0.0011160714285714285,nondiseased_kidney,endpoint,0.5767527675276752
48,3,0.0016741071428571428,nondiseased_kidney,endpoint,0.5767527675276752
49,3,0.0016741071428571428,nondiseased_kidney,endpoint,0.5767527675276752
50,1,0.0005580357142857143,nondiseased_kidney,endpoint,0.5767527675276752
51,1,0.0005580357142857143,nondiseased_kidney,endpoint,0.5767527675276752
52,3,0.0016741071428571428,nondiseased_kidney,endpoint,0.5767527675276752
54,1,0.0005580357142857143,nondiseased_kidney,endpoint,0.5767527675276752
55,1,0.0005580357142857143,nondiseased_kidney,endpoint,0.5767527675276752
56,2,0.0011160714285714285,nondiseased_kidney,endpoint,0.5767527675276752
58,7,0.00390625,nondiseased_kidney,endpoint,0.5767527675276752
59,3,0.0016741071428571428,nondiseased_kidney,endpoint,0.5767527675276752
60,2,0.0011160714285714285,nondiseased_kidney,endpoint,0.5767527675276752
61,2,0.0011160714285714285,nondiseased_kidney,endpoint,0.5767527675276752
62,1,0.0005580357142857143,nondiseased_kidney,endpoint,0.5767527675276752
64,1,0.0005580357142857143,nondiseased_kidney,endpoint,0.5767527675276752
66,3,0.0016741071428571428,nondiseased_kidney,endpoint,0.5767527675276752
67,1,0.0005580357142857143,nondiseased_kidney,endpoint,0.5767527675276752
69,3,0.0016741071428571428,nondiseased_kidney,endpoint,0.5767527675276752
71,4,0.002232142857142857,nondiseased_kidney,endpoint,0.5767527675276752
73,1,0.0005580357142857143,nondiseased_kidney,endpoint,0.5767527675276752
74,1,0.0005580357142857143,nondiseased_kidney,endpoint,0.5767527675276752
75,2,0.0011160714285714285,nondiseased_kidney,endpoint,0.5767527675276752
76,1,0.0005580357142857143,nondiseased_kidney,endpoint,0.5767527675276752
78,1,0.0005580357142857143,nondiseased_kidney,endpoint,0.5767527675276752
79,1,0.0005580357142857143,nondiseased_kidney,endpoint,0.5767527675276752
80,2,0.0011160714285714285,nondiseased_kidney,endpoint,0.5767527675276752
82,1,0.0005580357142857143,nondiseased_kidney,endpoint,0.5767527675276752
87,2,0.0011160714285714285,nondiseased_kidney,endpoint,0.5767527675276752
89,2,0.0011160714285714285,nondiseased_kidney,endpoint,0.5767527675276752
91,1,0.0005580357142857143,nondiseased_kidney,endpoint,0.5767527675276752
94,2,0.0011160714285714285,nondiseased_kidney,endpoint,0.5767527675276752
95,1,0.0005580357142857143,nondiseased_kidney,endpoint,0.5767527675276752
97,1,0.0005580357142857143,nondiseased_kidney,endpoint,0.5767527675276752
98,1,0.0005580357142857143,nondiseased_kidney,endpoint,0.5767527675276752
99,1,0.0005580357142857143,nondiseased_kidney,endpoint,0.5767527675276752
101,1,0.0005580357142857143,nondiseased_kidney,endpoint,0.5767527675276752
102,1,0.0005580357142857143,nondiseased_kidney,endpoint,0.5767527675276752
103,2,0.0011160714285714285,nondiseased_kidney,endpoint,0.5767527675276752
105,1,0.0005580357142857143,nondiseased_kidney,endpoint,0.5767527675276752
110,1,0.0005580357142857143,nondiseased_kidney,endpoint,0.5767527675276752
114,1,0.0005580357142857143,nondiseased_kidney,endpoint,0.5767527675276752
115,1,0.0005580357142857143,nondiseased_kidney,endpoint,0.5767527675276752
116,1,0.0005580357142857143,nondiseased_kidney,endpoint,0.5767527675276752
117,1,0.0005580357142857143,nondiseased_kidney,endpoint,0.5767527675276752
119,1,0.0005580357142857143,nondiseased_kidney,endpoint,0.5767527675276752
121,1,0.0005580357142857143,nondiseased_kidney,endpoint,0.5767527675276752
123,1,0.0005580357142857143,nondiseased_kidney,endpoint,0.5767527675276752
126,1,0.0005580357142857143,nondiseased_kidney,endpoint,0.5767527675276752
133,1,0.0005580357142857143,nondiseased_kidney,endpoint,0.5767527675276752
142,1,0.0005580357142857143,nondiseased_kidney,endpoint,0.5767527675276752
149,1,0.0005580357142857143,nondiseased_kidney,endpoint,0.5767527675276752
152,1,0.0005580357142857143,nondiseased_kidney,endpoint,0.5767527675276752
153,1,0.0005580357142857143,nondiseased_kidney,endpoint,0.5767527675276752
154,1,0.0005580357142857143,nondiseased_kidney,endpoint,0.5767527675276752
155,1,0.0005580357142857143,nondiseased_kidney,endpoint,0.5767527675276752
163,1,0.0005580357142857143,nondiseased_kidney,endpoint,0.5767527675276752
165,1,0.0005580357142857143,nondiseased_kidney,endpoint,0.5767527675276752
168,1,0.0005580357142857143,nondiseased_kidney,endpoint,0.5767527675276752
171,1,0.0005580357142857143,nondiseased_kidney,endpoint,0.5767527675276752
179,1,0.0005580357142857143,nondiseased_kidney,endpoint,0.5767527675276752
196,1,0.0005580357142857143,nondiseased_kidney,endpoint,0.5767527675276752
197,1,0.0005580357142857143,nondiseased_kidney,endpoint,0.5767527675276752
201,1,0.0005580357142857143,nondiseased_kidney,endpoint,0.5767527675276752
203,1,0.0005580357142857143,nondiseased_kidney,endpoint,0.5767527675276752
215,1,0.0005580357142857143,nondiseased_kidney,endpoint,0.5767527675276752
218,2,0.0011160714285714285,nondiseased_kidney,endpoint,0.5767527675276752
226,1,0.0005580357142857143,nondiseased_kidney,endpoint,0.5767527675276752
229,1,0.0005580357142857143,nondiseased_kidney,endpoint,0.5767527675276752
257,1,0.0005580357142857143,nondiseased_kidney,endpoint,0.5767527675276752
259,1,0.0005580357142857143,nondiseased_kidney,endpoint,0.5767527675276752
264,1,0.0005580357142857143,nondiseased_kidney,endpoint,0.5767527675276752
291,1,0.0005580357142857143,nondiseased_kidney,endpoint,0.5767527675276752
294,1,0.0005580357142857143,nondiseased_kidney,endpoint,0.5767527675276752
298,1,0.0005580357142857143,nondiseased_kidney,endpoint,0.5767527675276752
310,1,0.0005580357142857143,nondiseased_kidney,endpoint,0.5767527675276752
317,1,0.0005580357142857143,nondiseased_kidney,endpoint,0.5767527675276752
339,1,0.0005580357142857143,nondiseased_kidney,endpoint,0.5767527675276752
403,1,0.0005580357142857143,nondiseased_kidney,endpoint,0.5767527675276752
527,1,0.0005580357142857143,nondiseased_kidney,endpoint,0.5767527675276752
583,1,0.0005580357142857143,nondiseased_kidney,endpoint,0.5767527675276752
612,1,0.0005580357142857143,nondiseased_kidney,endpoint,0.5767527675276752
1036,1,0.0005580357142857143,nondiseased_kidney,endpoint,0.5767527675276752
1213,1,0.0005580357142857143,nondiseased_kidney,endpoint,0.5767527675276752
1265,1,0.0005580357142857143,nondiseased_kidney,endpoint,0.5767527675276752
1327,1,0.0005580357142857143,nondiseased_kidney,endpoint,0.5767527675276752
1330,1,0.0005580357142857143,nondiseased_kidney,endpoint,0.5767527675276752
1415,1,0.0005580357142857143,nondiseased_kidney,endpoint,0.5767527675276752
1721,1,0.0005580357142857143,nondiseased_kidney,endpoint,0.5767527675276752
2248,1,0.0005580357142857143,nondiseased_kidney,endpoint,0.5767527675276752
8456,1,0.0005580357142857143,nondiseased_kidney,endpoint,0.5767527675276752
12950,1,0.0005580357142857143,nondiseased_kidney,endpoint,0.5767527675276752
